t,acc.x,acc.y,acc.z,gyro.x,gyro.y,gyro.z,policy.abort_reason,policy.act0,policy.armed,policy.mode,policy.p_err,policy.thrust_units,policy.tilt_deg,policy.vbat,stateEstimate.x,stateEstimate.y,stateEstimate.yaw,stateEstimate.z
0.110,,,,,,,0,0.5261644124984741,0,0,0.09438859671354294,45786.28125,3.479921579360962,4.053958892822266,,,,
0.112,,,,0.06211232766509056,0.18936046957969666,,,,,,,,,,2.7073593139648438,0.8882830142974854,-91.01472473144531,0.7355561852455139
0.113,0.02983180806040764,-0.05235219746828079,0.9962013363838196,,,-0.3687626123428345,,,,,,,,,,,,
0.211,,,,,,,0,0.5261644124984741,0,0,0.09438859671354294,45786.28125,3.479921579360962,4.053958892822266,,,,
0.212,,,,-0.0948476567864418,0.06628387421369553,,,,,,,,,,2.698559284210205,0.8862040638923645,-91.14933013916016,0.7339380383491516
0.214,0.033805981278419495,-0.05356385558843613,0.999165952205658,,,0.25571581721305847,,,,,,,,,,,,
0.312,,,,,,,0,0.5261644124984741,0,0,0.09438859671354294,45786.28125,3.479921579360962,4.053958892822266,,,,
0.314,,,,-0.2006825953722,-0.09907235205173492,,,,,,,,,,2.7096893787384033,0.8850491642951965,-91.15692901611328,0.729825496673584
0.315,0.03195831552147865,-0.04766205698251724,0.9978933334350586,,,0.4278178811073303,,,,,,,,,,,,
0.410,,,,,,,0,0.5261644124984741,0,0,0.09438859671354294,45786.28125,3.479921579360962,4.053958892822266,,,,
0.412,,,,-0.33575141429901123,0.22003553807735443,,,,,,,,,,2.7091612815856934,0.8851252794265747,-91.25299072265625,0.7298005223274231
0.413,0.03444996848702431,-0.04902265965938568,0.9982337355613708,,,-0.1973292976617813,,,,,,,,,,,,
0.510,,,,,,,0,0.5261644124984741,0,0,0.09438859671354294,45786.28125,3.479921579360962,4.053958892822266,,,,
0.512,,,,0.09862610697746277,0.21659153699874878,,,,,,,,,,2.7092702388763428,0.8851399421691895,-90.99222564697266,0.7295547127723694
0.513,0.031066691502928734,-0.053873319178819656,0.9963955283164978,,,-0.26849523186683655,,,,,,,,,,,,
0.610,,,,,,,0,0.5261644124984741,0,0,0.09438859671354294,45786.28125,3.479921579360962,4.053958892822266,,,,
0.612,,,,0.23610639572143555,-0.3978879153728485,,,,,,,,,,2.7091727256774902,0.8851464986801147,-91.00947570800781,0.7292407155036926
0.613,0.030039837583899498,-0.048246655613183975,0.999984622001648,,,0.13091182708740234,,,,,,,,,,,,
0.710,,,,,,,0,0.5261644124984741,0,0,0.09438859671354294,45786.28125,3.479921579360962,4.053958892822266,,,,
0.713,,,,0.21990545094013214,0.37596556544303894,,,,,,,,,,2.7092397212982178,0.8851012587547302,-90.92552185058594,0.730815052986145
0.714,0.03659413382411003,-0.053656090050935745,1.0020774602890015,,,0.1896747648715973,,,,,,,,,,,,
0.812,,,,,,,0,0.5261644124984741,0,0,0.09438859671354294,45786.28125,3.479921579360962,4.053958892822266,,,,
0.814,,,,0.0040830206125974655,-0.320517361164093,,,,,,,,,,2.7092456817626953,0.8848925232887268,-90.9239501953125,0.7311884164810181
0.815,0.032345812767744064,-0.050333235412836075,0.9972105622291565,,,0.017280610278248787,,,,,,,,,,,,
0.910,,,,,,,0,0.5261644124984741,0,0,0.09438859671354294,45786.28125,3.479921579360962,4.053958892822266,,,,
0.912,,,,-0.12788811326026917,-0.05859310179948807,,,,,,,,,,2.70914363861084,0.8847004771232605,-91.17841339111328,0.7312818765640259
0.913,0.031048493459820747,-0.04986744001507759,1.0013750791549683,,,-0.13185985386371613,,,,,,,,,,,,
1.011,,,,,,,0,0.5261644124984741,0,0,0.09438859671354294,45786.28125,3.479921579360962,4.053958892822266,,,,
1.013,,,,-1.4722295999526978,2.1906495094299316,,,,,,,,,,2.7091922760009766,0.884345531463623,-91.13760375976562,0.7317811250686646
1.014,0.020431319251656532,-0.04743385314941406,0.9987233281135559,,,1.8981602191925049,,,,,,,,,,,,
1.110,,,,,,,0,0.5261644124984741,0,0,0.09438859671354294,45786.28125,3.479921579360962,4.053958892822266,,,,
1.112,,,,0.3088647127151489,-0.3030340075492859,,,,,,,,,,2.7082934379577637,0.884769856929779,-91.03077697753906,0.7318364381790161
1.113,0.02904105745255947,-0.053266316652297974,0.9987161755561829,,,-0.7500045299530029,,,,,,,,,,,,
1.213,,,,,,,0,0.5261644124984741,0,0,0.09438859671354294,45786.28125,3.479921579360962,4.053958892822266,,,,
1.214,,,,0.22308349609375,0.3844591975212097,,,,,,,,,,2.7086827754974365,0.8844624161720276,-91.22550201416016,0.7311336994171143
1.215,0.03672749549150467,-0.04731381684541702,0.999774694442749,,,-4.043471813201904,,,,,,,,,,,,
1.311,,,,,,,0,0.5261644124984741,0,0,0.09438859671354294,45786.28125,3.479921579360962,4.053958892822266,,,,
1.313,,,,15.337799072265625,0.706000804901123,,,,,,,,,,2.7098748683929443,0.8845843076705933,-91.66250610351562,0.7313166260719299
1.314,0.010600332170724869,-0.0534946471452713,1.0037096738815308,,,0.5582897067070007,,,,,,,,,,,,
1.410,,,,,,,0,0.5261644124984741,0,0,0.09438859671354294,45786.28125,3.479921579360962,4.053958892822266,,,,
1.412,,,,29.961021423339844,2.928774833679199,,,,,,,,,,2.7099599838256836,0.8853192329406738,-91.5649185180664,0.7314941883087158
1.413,0.04710578918457031,-0.037178199738264084,1.015834927558899,,,2.375892162322998,,,,,,,,,,,,
1.509,,,,,,,0,0.5261644124984741,0,0,0.09438859671354294,45786.28125,3.479921579360962,4.053958892822266,,,,
1.512,,,,40.633792877197266,-0.9866551160812378,,,,,,,,,,2.709576368331909,0.88533616065979,-90.97071075439453,0.7327181100845337
1.513,0.041996318846940994,0.0718797966837883,0.9849590063095093,,,4.224529266357422,,,,,,,,,,,,
1.610,,,,,,,0,0.5261644124984741,0,0,0.09438859671354294,45786.28125,3.479921579360962,4.053958892822266,,,,
1.611,,,,35.42822265625,-0.32632485032081604,,,,,,,,,,2.7090561389923096,0.8857014775276184,-90.6968002319336,0.7339150309562683
1.613,0.022379953414201736,0.14519265294075012,0.9912114143371582,,,5.658628463745117,,,,,,,,,,,,
1.710,,,,,,,0,0.5261644124984741,0,0,0.09438859671354294,45786.28125,3.479921579360962,4.053958892822266,,,,
1.712,,,,45.5131950378418,3.9686310291290283,,,,,,,,,,2.7076339721679688,0.885703444480896,-90.32933807373047,0.7350030541419983
1.713,0.07090973109006882,0.18431125581264496,0.9959058165550232,,,1.2778403759002686,,,,,,,,,,,,
1.809,,,,,,,0,0.5261644124984741,0,0,0.09438859671354294,45786.28125,3.479921579360962,4.053958892822266,,,,
1.811,,,,20.605199813842773,4.021352767944336,,,,,,,,,,2.7052159309387207,0.8850185871124268,-90.19670104980469,0.7360958456993103
1.812,0.02887805551290512,0.23969368636608124,0.9473626613616943,,,2.0686028003692627,,,,,,,,,,,,
1.909,,,,,,,0,0.5261644124984741,0,0,0.09438859671354294,45786.28125,3.479921579360962,4.053958892822266,,,,
1.911,,,,8.418679237365723,0.2385677844285965,,,,,,,,,,2.702608823776245,0.8854268193244934,-90.02693176269531,0.7346354722976685
1.912,0.03711656481027603,0.26378458738327026,0.9695660471916199,,,4.280479907989502,,,,,,,,,,,,
2.009,,,,,,,0,0.5261644124984741,0,0,0.09438859671354294,45786.28125,3.479921579360962,4.053958892822266,,,,
2.011,,,,29.58260726928711,6.754985809326172,,,,,,,,,,2.6989402770996094,0.8857148289680481,-90.1274185180664,0.7353759407997131
2.012,0.07241954654455185,0.3609776496887207,0.9106063842773438,,,4.308065414428711,,,,,,,,,,,,
2.110,,,,,,,0,0.5261644124984741,0,0,0.09438859671354294,45786.28125,3.479921579360962,4.053958892822266,,,,
2.112,,,,-2.147092819213867,-3.521273374557495,,,,,,,,,,2.70332670211792,0.8847091197967529,-89.5684585571289,0.7339248657226562
2.113,0.03722000867128372,0.27487170696258545,0.9440584182739258,,,-14.929749488830566,,,,,,,,,,,,
2.209,,,,,,,0,0.5261644124984741,0,0,0.09438859671354294,45786.28125,3.479921579360962,4.053958892822266,,,,
2.210,,,,5.227398872375488,2.5180180072784424,,,,,,,,,,2.7013261318206787,0.8868678212165833,-90.0323257446289,0.7337338924407959
2.212,0.02181323617696762,0.383411169052124,0.9084742069244385,,,-4.984106063842773,,,,,,,,,,,,
2.308,,,,,,,0,0.5261644124984741,0,0,0.09438859671354294,45786.28125,3.479921579360962,4.053958892822266,,,,
2.311,,,,9.92040729522705,6.5961995124816895,,,,,,,,,,2.69752836227417,0.8872753977775574,-89.68814849853516,0.7346253991127014
2.313,0.04204225167632103,0.39852267503738403,0.9290738701820374,,,1.0872383117675781,,,,,,,,,,,,
2.410,,,,,,,0,0.5261644124984741,0,0,0.09438859671354294,45786.28125,3.479921579360962,4.053958892822266,,,,
2.411,,,,11.140865325927734,4.6220269203186035,,,,,,,,,,2.692877769470215,0.8875992894172668,-89.68083190917969,0.7362864017486572
2.412,0.016974374651908875,0.41112133860588074,0.9203563332557678,,,0.5820932388305664,,,,,,,,,,,,
2.509,,,,,,,0,0.5261644124984741,0,0,0.09438859671354294,45786.28125,3.479921579360962,4.053958892822266,,,,
2.510,,,,24.995098114013672,16.59282875061035,,,,,,,,,,2.701031446456909,0.8859091997146606,-89.48896026611328,0.734545886516571
2.512,0.04087580367922783,0.42176175117492676,0.9038287401199341,,,-3.7919538021087646,,,,,,,,,,,,
2.609,,,,,,,0,0.5261644124984741,0,0,0.09438859671354294,45786.28125,3.479921579360962,4.053958892822266,,,,
2.611,,,,6.309370517730713,4.889187812805176,,,,,,,,,,2.6992650032043457,0.8856233954429626,-89.2654800415039,0.7356215715408325
2.612,-0.011537152342498302,0.4729801416397095,0.8937185406684875,,,5.2172322273254395,,,,,,,,,,,,
2.709,,,,,,,0,0.5261644124984741,0,0,0.09438859671354294,45786.28125,3.479921579360962,4.053958892822266,,,,
2.710,,,,5.376820087432861,-1.7910327911376953,,,,,,,,,,2.701032876968384,0.8846423625946045,-89.20964813232422,0.7350324392318726
2.712,0.019192002713680267,0.46353164315223694,0.8695390224456787,,,-2.8393187522888184,,,,,,,,,,,,
2.809,,,,,,,0,0.5261644124984741,0,0,0.09438859671354294,45786.28125,3.479921579360962,4.053958892822266,,,,
2.811,,,,9.70965576171875,-1.2360103130340576,,,,,,,,,,2.700225591659546,0.883330225944519,-89.17616271972656,0.7351651787757874
2.812,0.027017559856176376,0.5225964784622192,0.8870522975921631,,,-0.21683627367019653,,,,,,,,,,,,
2.908,,,,,,,0,0.5261644124984741,0,0,0.09438859671354294,45786.28125,3.479921579360962,4.053958892822266,,,,
2.910,,,,21.04591941833496,-0.7870304584503174,,,,,,,,,,2.7016184329986572,0.8837891817092896,-89.02703857421875,0.7356215715408325
2.911,0.02705761417746544,0.5483450293540955,0.8558939099311829,,,0.3774956464767456,,,,,,,,,,,,
3.008,,,,,,,0,0.5261644124984741,0,0,0.09438859671354294,45786.28125,3.479921579360962,4.053958892822266,,,,
3.010,,,,22.905921936035156,-22.382423400878906,,,,,,,,,,2.7037553787231445,0.8845720291137695,-88.64834594726562,0.7365787625312805
3.011,0.009409918449819088,0.5384509563446045,0.8767402768135071,,,16.10796356201172,,,,,,,,,,,,
3.108,,,,,,,0,0.5261644124984741,0,0,0.09438859671354294,45786.28125,3.479921579360962,4.053958892822266,,,,
3.110,,,,30.96564292907715,23.883840560913086,,,,,,,,,,2.7041819095611572,0.8855406641960144,-88.62319946289062,0.7372905611991882
3.111,-0.017033839598298073,0.5702144503593445,0.8144927620887756,,,-6.6343865394592285,,,,,,,,,,,,
3.208,,,,,,,0,0.5261644124984741,0,0,0.09438859671354294,45786.28125,3.479921579360962,4.053958892822266,,,,
3.210,,,,36.453765869140625,-2.4372847080230713,,,,,,,,,,2.7051241397857666,0.8850786089897156,-88.35564422607422,0.7372135519981384
3.211,0.005309474188834429,0.6190223097801208,0.7974357604980469,,,-0.08812804520130157,,,,,,,,,,,,
3.308,,,,,,,0,0.5261644124984741,0,0,0.09438859671354294,45786.28125,3.479921579360962,4.053958892822266,,,,
3.310,,,,42.88762664794922,-5.675471305847168,,,,,,,,,,2.7076685428619385,0.8843750357627869,-87.88545989990234,0.7381258010864258
3.311,-0.020784324035048485,0.6440208554267883,0.7528433203697205,,,1.0110162496566772,,,,,,,,,,,,
3.408,,,,,,,0,0.5261644124984741,0,0,0.09438859671354294,45786.28125,3.479921579360962,4.053958892822266,,,,
3.409,,,,47.185943603515625,6.05351448059082,,,,,,,,,,2.710972309112549,0.8844950795173645,-88.14470672607422,0.7383301258087158
3.411,0.07079698145389557,0.7121429443359375,0.6606976389884949,,,4.865739345550537,,,,,,,,,,,,
3.508,,,,,,,0,0.5261644124984741,0,0,0.09438859671354294,45786.28125,3.479921579360962,4.053958892822266,,,,
3.509,,,,27.6866397857666,1.3652174472808838,,,,,,,,,,2.7139153480529785,0.8834762573242188,-87.85375213623047,0.737968385219574
3.510,-0.004337667021900415,0.7181141972541809,0.6682031750679016,,,2.591823101043701,,,,,,,,,,,,
3.608,,,,,,,0,0.5261644124984741,0,0,0.09438859671354294,45786.28125,3.479921579360962,4.053958892822266,,,,
3.609,,,,-0.37908440828323364,0.517305314540863,,,,,,,,,,2.7166502475738525,0.8825862407684326,-87.87039184570312,0.737572968006134
3.610,0.006515719927847385,0.7332324385643005,0.6501200795173645,,,0.9235844612121582,,,,,,,,,,,,
3.708,,,,,,,0,0.5261644124984741,0,0,0.09438859671354294,45786.28125,3.479921579360962,4.053958892822266,,,,
3.710,,,,-0.26015904545783997,-0.03014139086008072,,,,,,,,,,2.711024045944214,0.8829673528671265,-88.027587890625,0.7387473583221436
3.711,0.014838838018476963,0.7672065496444702,0.6343603730201721,,,-0.06682583689689636,,,,,,,,,,,,
3.808,,,,,,,0,0.5261644124984741,0,0,0.09438859671354294,45786.28125,3.479921579360962,4.053958892822266,,,,
3.809,,,,0.2948998212814331,-0.06760920584201813,,,,,,,,,,2.710247278213501,0.8827243447303772,-88.160400390625,0.7386623024940491
3.811,0.0184971671551466,0.7661453485488892,0.6389850974082947,,,-0.825899064540863,,,,,,,,,,,,
3.908,,,,,,,0,0.5261644124984741,0,0,0.09438859671354294,45786.28125,3.479921579360962,4.053958892822266,,,,
3.910,,,,-2.826488494873047,-0.10661659389734268,,,,,,,,,,2.7103111743927,0.8830521106719971,-88.25540924072266,0.7389829754829407
3.911,0.0054326714016497135,0.7726454734802246,0.6428465247154236,,,0.0658404529094696,,,,,,,,,,,,
4.008,,,,,,,0,0.5261644124984741,0,0,0.09438859671354294,45786.28125,3.479921579360962,4.053958892822266,,,,
4.010,,,,3.9714348316192627,0.8064465522766113,,,,,,,,,,2.7104737758636475,0.8829641938209534,-88.36624908447266,0.7389721870422363
4.011,0.011809130199253559,0.7843289375305176,0.6348361968994141,,,0.8639081716537476,,,,,,,,,,,,
4.108,,,,,,,0,0.5261644124984741,0,0,0.09438859671354294,45786.28125,3.479921579360962,4.053958892822266,,,,
4.109,,,,-0.22973419725894928,0.7938644886016846,,,,,,,,,,2.7107961177825928,0.8830327391624451,-88.35304260253906,0.7391812205314636
4.111,0.012898904271423817,0.7423816323280334,0.6557944416999817,,,0.5125831365585327,,,,,,,,,,,,
4.208,,,,,,,0,0.5261644124984741,0,0,0.09438859671354294,45786.28125,3.479921579360962,4.053958892822266,,,,
4.209,,,,-0.6981827020645142,0.2543448209762573,,,,,,,,,,2.711822032928467,0.8830311298370361,-88.33467864990234,0.7392075657844543
4.211,0.009013769216835499,0.7397306561470032,0.6605689525604248,,,-0.050530072301626205,,,,,,,,,,,,
4.308,,,,,,,0,0.5261644124984741,0,0,0.09438859671354294,45786.28125,3.479921579360962,4.053958892822266,,,,
4.309,,,,-0.3620727062225342,0.09531443566083908,,,,,,,,,,2.711803674697876,0.8830106258392334,-88.34413146972656,0.7392318844795227
4.310,-0.01584423892199993,0.7447848320007324,0.6547443866729736,,,-0.20033010840415955,,,,,,,,,,,,
4.408,,,,,,,0,0.5261644124984741,0,0,0.09438859671354294,45786.28125,3.479921579360962,4.053958892822266,,,,
4.409,,,,4.454015731811523,-2.3025171756744385,,,,,,,,,,2.712350606918335,0.8827623724937439,-88.3478775024414,0.7387646436691284
4.412,0.0029261461459100246,0.7388716340065002,0.6479337215423584,,,-0.2629859149456024,,,,,,,,,,,,
4.508,,,,,,,0,0.5261644124984741,0,0,0.09438859671354294,45786.28125,3.479921579360962,4.053958892822266,,,,
4.510,,,,0.7856326699256897,-2.3910305500030518,,,,,,,,,,2.7127811908721924,0.8828093409538269,-88.38622283935547,0.7387691140174866
4.511,0.005814163014292717,0.744976818561554,0.6473335027694702,,,-1.7185001373291016,,,,,,,,,,,,
4.608,,,,,,,0,0.5261644124984741,0,0,0.09438859671354294,45786.28125,3.479921579360962,4.053958892822266,,,,
4.609,,,,-0.2279854118824005,-0.4711206257343292,,,,,,,,,,2.712380886077881,0.8828290104866028,-88.4385757446289,0.7387849688529968
4.610,0.013596218079328537,0.7653607726097107,0.6346442699432373,,,-0.010009212419390678,,,,,,,,,,,,
4.708,,,,,,,0,0.5261644124984741,0,0,0.09438859671354294,45786.28125,3.479921579360962,4.053958892822266,,,,
4.710,,,,3.561457633972168,-1.657576560974121,,,,,,,,,,2.7126235961914062,0.8827756643295288,-88.49002838134766,0.7383058071136475
4.712,0.02045052871108055,0.7212620973587036,0.6658119559288025,,,-1.3746528625488281,,,,,,,,,,,,
4.808,,,,,,,0,0.5261644124984741,0,0,0.09438859671354294,45786.28125,3.479921579360962,4.053958892822266,,,,
4.811,,,,-1.0123475790023804,-1.0387694835662842,,,,,,,,,,2.714045763015747,0.8827760815620422,-88.57859802246094,0.7384161353111267
4.813,0.00945495069026947,0.7706459760665894,0.6310241222381592,,,-0.8787786960601807,,,,,,,,,,,,
4.907,,,,,,,0,0.5261644124984741,0,0,0.09438859671354294,45786.28125,3.479921579360962,4.053958892822266,,,,
4.909,,,,-3.3525447845458984,-2.5401151180267334,,,,,,,,,,2.712522268295288,0.883215069770813,-88.6223373413086,0.7390624284744263
4.911,0.01497613824903965,0.7628375291824341,0.6471476554870605,,,-1.6027216911315918,,,,,,,,,,,,
5.008,,,,,,,0,0.5261644124984741,0,0,0.09438859671354294,45786.28125,3.479921579360962,4.053958892822266,,,,
5.009,,,,1.4606159925460815,1.1359277963638306,,,,,,,,,,2.7123658657073975,0.8829154372215271,-88.69091033935547,0.738891065120697
5.011,0.010119798593223095,0.7639014720916748,0.6292460560798645,,,0.7424771189689636,,,,,,,,,,,,
5.107,,,,,,,0,0.5261644124984741,0,0,0.09438859671354294,45786.28125,3.479921579360962,4.053958892822266,,,,
5.109,,,,-0.40457355976104736,-2.6015970706939697,,,,,,,,,,2.713070869445801,0.8822329044342041,-88.6630630493164,0.737484872341156
5.110,-0.004739785101264715,0.7631284594535828,0.6378974318504333,,,-2.112701416015625,,,,,,,,,,,,
5.207,,,,,,,0,0.5261644124984741,0,0,0.09438859671354294,45786.28125,3.479921579360962,4.053958892822266,,,,
5.208,,,,-0.2708168625831604,-0.10828977078199387,,,,,,,,,,2.7139909267425537,0.8812956809997559,-88.85603332519531,0.7355614304542542
5.210,0.008837824687361717,0.7631121277809143,0.6379808783531189,,,-0.17745377123355865,,,,,,,,,,,,
5.308,,,,,,,0,0.5261644124984741,0,0,0.09438859671354294,45786.28125,3.479921579360962,4.053958892822266,,,,
5.309,,,,0.6956315040588379,-0.7403777241706848,,,,,,,,,,2.7169904708862305,0.8827879428863525,-88.95132446289062,0.7367356419563293
5.311,0.011884905397891998,0.7651348114013672,0.6381707191467285,,,-0.5911729335784912,,,,,,,,,,,,
5.410,,,,,,,0,0.5261644124984741,0,0,0.09438859671354294,45786.28125,3.479921579360962,4.053958892822266,,,,
5.411,,,,-0.771978497505188,-0.023226160556077957,,,,,,,,,,2.712820291519165,0.8833982348442078,-89.05821228027344,0.7392687797546387
5.413,0.01321684941649437,0.7624232172966003,0.6363791227340698,,,-0.3639172315597534,,,,,,,,,,,,
5.507,,,,,,,0,0.5261644124984741,0,0,0.09438859671354294,45786.28125,3.479921579360962,4.053958892822266,,,,
5.508,,,,0.8125770688056946,-0.49845048785209656,,,,,,,,,,2.71307373046875,0.883453369140625,-89.12383270263672,0.7389777302742004
5.509,0.01622626557946205,0.7498809695243835,0.6317185163497925,,,-0.5886380076408386,,,,,,,,,,,,
5.607,,,,,,,0,0.5261644124984741,0,0,0.09438859671354294,45786.28125,3.479921579360962,4.053958892822266,,,,
5.609,,,,-0.49911072850227356,-0.1838073879480362,,,,,,,,,,2.7128381729125977,0.8834617137908936,-89.21672821044922,0.7390733361244202
5.610,0.005477035418152809,0.7606014609336853,0.6392775177955627,,,-0.41978663206100464,,,,,,,,,,,,
5.709,,,,,,,0,0.5261644124984741,0,0,0.09438859671354294,45786.28125,3.479921579360962,4.053958892822266,,,,
5.710,,,,0.35985106229782104,-0.1655946969985962,,,,,,,,,,2.7126970291137695,0.8834574222564697,-89.23310089111328,0.7388208508491516
5.712,0.011156601831316948,0.7641021013259888,0.638137698173523,,,0.16108117997646332,,,,,,,,,,,,
5.806,,,,,,,0,0.5261644124984741,0,0,0.09438859671354294,45786.28125,3.479921579360962,4.053958892822266,,,,
5.808,,,,0.3752945363521576,-0.8190518617630005,,,,,,,,,,2.7132511138916016,0.8833523392677307,-89.30606079101562,0.7387523055076599
5.810,0.011744942516088486,0.7658731341362,0.6344900727272034,,,-0.5266731977462769,,,,,,,,,,,,
5.908,,,,,,,0,0.5261644124984741,0,0,0.09438859671354294,45786.28125,3.479921579360962,4.053958892822266,,,,
5.909,,,,-0.11838248372077942,0.3472974896430969,,,,,,,,,,2.714433431625366,0.88332599401474,-89.34727478027344,0.7386214733123779
5.911,0.010172061622142792,0.7661957144737244,0.6328049898147583,,,0.10552015155553818,,,,,,,,,,,,
6.008,,,,,,,0,0.5261644124984741,0,0,0.09438859671354294,45786.28125,3.479921579360962,4.053958892822266,,,,
6.009,,,,0.6287463903427124,0.18424110114574432,,,,,,,,,,2.715862274169922,0.8831121921539307,-89.35922241210938,0.7381683588027954
6.011,0.01639174297451973,0.7668006420135498,0.6331494450569153,,,0.11452044546604156,,,,,,,,,,,,
6.108,,,,,,,0,0.5261644124984741,0,0,0.09438859671354294,45786.28125,3.479921579360962,4.053958892822266,,,,
6.109,,,,0.2573304772377014,-0.4909692108631134,,,,,,,,,,2.713606357574463,0.8834174275398254,-89.36689758300781,0.7388633489608765
6.110,0.011903990060091019,0.7709940671920776,0.6324253678321838,,,-0.36107635498046875,,,,,,,,,,,,
6.207,,,,,,,0,0.5261644124984741,0,0,0.09438859671354294,45786.28125,3.479921579360962,4.053958892822266,,,,
6.208,,,,0.6693767309188843,0.34080958366394043,,,,,,,,,,2.712993860244751,0.8835586309432983,-89.41402435302734,0.7393435835838318
6.210,0.01008524838835001,0.7689709067344666,0.6350317597389221,,,0.37421026825904846,,,,,,,,,,,,
6.306,,,,,,,0,0.5261644124984741,0,0,0.09438859671354294,45786.28125,3.479921579360962,4.053958892822266,,,,
6.308,,,,2.1291348934173584,-0.13630548119544983,,,,,,,,,,2.7135157585144043,0.8833657503128052,-89.40927124023438,0.7390470504760742
6.310,0.010809184052050114,0.7474165558815002,0.6485269069671631,,,0.17087961733341217,,,,,,,,,,,,
6.406,,,,,,,0,0.5261644124984741,0,0,0.09438859671354294,45786.28125,3.479921579360962,4.053958892822266,,,,
6.408,,,,-0.11175156384706497,0.39686885476112366,,,,,,,,,,2.7135255336761475,0.8833964467048645,-89.4068603515625,0.7388757467269897
6.409,0.014336774125695229,0.7656546235084534,0.6331972479820251,,,-0.1419055014848709,,,,,,,,,,,,
6.505,,,,,,,0,0.5261644124984741,0,0,0.09438859671354294,45786.28125,3.479921579360962,4.053958892822266,,,,
6.509,,,,0.8104490041732788,-1.0789304971694946,,,,,,,,,,2.713749885559082,0.8833287358283997,-89.45919036865234,0.7390419840812683
6.510,0.011956239119172096,0.7680778503417969,0.6307172775268555,,,-0.803371250629425,,,,,,,,,,,,
6.606,,,,,,,0,0.5261644124984741,0,0,0.09438859671354294,45786.28125,3.479921579360962,4.053958892822266,,,,
6.607,,,,7.478097915649414,1.7890547513961792,,,,,,,,,,2.713881731033325,0.8834057450294495,-89.51509857177734,0.7385668158531189
6.609,0.0154375359416008,0.7745690941810608,0.6236194372177124,,,1.3773012161254883,,,,,,,,,,,,
6.706,,,,,,,0,0.5261644124984741,0,0,0.09438859671354294,45786.28125,3.479921579360962,4.053958892822266,,,,
6.708,,,,-0.4567817449569702,0.1495950073003769,,,,,,,,,,2.7132256031036377,0.8834912180900574,-89.49069213867188,0.7393131256103516
6.709,0.011929856613278389,0.7683988213539124,0.6251213550567627,,,-0.06715980172157288,,,,,,,,,,,,
6.806,,,,,,,0,0.5261644124984741,0,0,0.09438859671354294,45786.28125,3.479921579360962,4.053958892822266,,,,
6.808,,,,-0.871580183506012,-0.156368687748909,,,,,,,,,,2.7133755683898926,0.8834465742111206,-89.49503326416016,0.7389453053474426
6.809,0.012662328779697418,0.7736151814460754,0.6265532970428467,,,0.0037736953236162663,,,,,,,,,,,,
6.906,,,,,,,0,0.5261644124984741,0,0,0.09438859671354294,45786.28125,3.479921579360962,4.053958892822266,,,,
6.907,,,,0.3432387709617615,-0.1678459644317627,,,,,,,,,,2.7133705615997314,0.8835428953170776,-89.50578308105469,0.7391592264175415
6.909,0.014879358001053333,0.7756903171539307,0.6255988478660583,,,-0.2158048152923584,,,,,,,,,,,,
7.006,,,,,,,0,0.5261644124984741,0,0,0.09438859671354294,45786.28125,3.479921579360962,4.053958892822266,,,,
7.007,,,,-0.14274777472019196,-0.0422990657389164,,,,,,,,,,2.7136778831481934,0.8835424780845642,-89.55015563964844,0.7385618686676025
7.008,0.013012892566621304,0.7711321115493774,0.6270362138748169,,,-0.14967146515846252,,,,,,,,,,,,
7.106,,,,,,,0,0.5261644124984741,0,0,0.09438859671354294,45786.28125,3.479921579360962,4.053958892822266,,,,
7.108,,,,-0.10899101942777634,0.5854968428611755,,,,,,,,,,2.713571071624756,0.883556604385376,-89.55870056152344,0.739169180393219
7.109,0.008878493681550026,0.7692894339561462,0.625029981136322,,,0.11531569063663483,,,,,,,,,,,,
7.206,,,,,,,0,0.5261644124984741,0,0,0.09438859671354294,45786.28125,3.479921579360962,4.053958892822266,,,,
7.207,,,,-0.19394107162952423,1.2958241701126099,,,,,,,,,,2.714242458343506,0.8832608461380005,-89.5195083618164,0.7389671802520752
7.209,0.011781957931816578,0.7734313607215881,0.6256570219993591,,,0.977192223072052,,,,,,,,,,,,
7.305,,,,,,,0,0.5261644124984741,0,0,0.09438859671354294,45786.28125,3.479921579360962,4.053958892822266,,,,
7.307,,,,-0.22267618775367737,-0.008926847018301487,,,,,,,,,,2.713442087173462,0.8835951089859009,-89.45960998535156,0.7393516898155212
7.308,0.017092598602175713,0.7716618180274963,0.6260824203491211,,,-0.019281424582004547,,,,,,,,,,,,
7.405,,,,,,,0,0.5261644124984741,0,0,0.09438859671354294,45786.28125,3.479921579360962,4.053958892822266,,,,
7.407,,,,0.7024600505828857,-0.47445717453956604,,,,,,,,,,2.713268280029297,0.8835142254829407,-89.5267333984375,0.7392657995223999
7.408,0.012263262644410133,0.772968590259552,0.6268969178199768,,,-0.5112512111663818,,,,,,,,,,,,
7.505,,,,,,,0,0.5261644124984741,0,0,0.09438859671354294,45786.28125,3.479921579360962,4.053958892822266,,,,
7.508,,,,-0.10716007649898529,-0.289436936378479,,,,,,,,,,2.7141809463500977,0.8832813501358032,-89.55399322509766,0.7387233972549438
7.509,0.015528734773397446,0.7732330560684204,0.6292639970779419,,,-0.17778286337852478,,,,,,,,,,,,
7.606,,,,,,,0,0.5261644124984741,0,0,0.09438859671354294,45786.28125,3.479921579360962,4.053958892822266,,,,
7.608,,,,0.0774788185954094,-0.09245990961790085,,,,,,,,,,2.7155158519744873,0.8830153942108154,-89.5379409790039,0.7373558282852173
7.610,0.011724666692316532,0.7732890844345093,0.6268103122711182,,,-0.014336364343762398,,,,,,,,,,,,
7.705,,,,,,,0,0.5261644124984741,0,0,0.09438859671354294,45786.28125,3.479921579360962,4.053958892822266,,,,
7.707,,,,-0.3986068367958069,-1.3141248226165771,,,,,,,,,,2.717057466506958,0.8825904130935669,-89.58599853515625,0.7354133725166321
7.708,0.007894935086369514,0.7725046873092651,0.6287972331047058,,,-1.0942054986953735,,,,,,,,,,,,
7.805,,,,,,,0,0.5261644124984741,0,0,0.09438859671354294,45786.28125,3.479921579360962,4.053958892822266,,,,
7.806,,,,0.6442387700080872,-0.629132091999054,,,,,,,,,,2.718870162963867,0.8830515742301941,-89.59172821044922,0.7374844551086426
7.808,0.014928172342479229,0.7723417282104492,0.6228575706481934,,,-0.5564208626747131,,,,,,,,,,,,
7.906,,,,,,,0,0.5261644124984741,0,0,0.09438859671354294,45786.28125,3.479921579360962,4.053958892822266,,,,
7.908,,,,1.3625595569610596,0.046944715082645416,,,,,,,,,,2.7133002281188965,0.8836380839347839,-89.60990905761719,0.739336371421814
7.909,0.0034561404027044773,0.7753274440765381,0.6259232759475708,,,0.035412732511758804,,,,,,,,,,,,
8.005,,,,,,,0,0.5261644124984741,0,0,0.09438859671354294,45786.28125,3.479921579360962,4.053958892822266,,,,
8.008,,,,-0.49753230810165405,-0.45879220962524414,,,,,,,,,,2.7134411334991455,0.8835836052894592,-89.70780181884766,0.7393238544464111
8.009,0.010453757829964161,0.7757227420806885,0.6283767223358154,,,-0.09412544220685959,,,,,,,,,,,,
8.106,,,,,,,0,0.5261644124984741,0,0,0.09438859671354294,45786.28125,3.479921579360962,4.053958892822266,,,,
8.107,,,,0.0644155815243721,-0.5077320337295532,,,,,,,,,,2.713632345199585,0.8836146593093872,-89.7560806274414,0.7391943335533142
8.109,0.012422140687704086,0.7720358967781067,0.6284841895103455,,,-0.3848721981048584,,,,,,,,,,,,
8.205,,,,,,,0,0.5261644124984741,0,0,0.09438859671354294,45786.28125,3.479921579360962,4.053958892822266,,,,
8.207,,,,0.16542698442935944,-0.1389273703098297,,,,,,,,,,2.713644504547119,0.8835498094558716,-89.74017333984375,0.7391906976699829
8.208,0.011775568127632141,0.7723334431648254,0.6267005205154419,,,0.21292538940906525,,,,,,,,,,,,
8.305,,,,,,,0,0.5261644124984741,0,0,0.09438859671354294,45786.28125,3.479921579360962,4.053958892822266,,,,
8.306,,,,-0.620902955532074,-0.23376788198947906,,,,,,,,,,2.713526487350464,0.8835191130638123,-89.71994018554688,0.7392293810844421
8.308,0.012412631884217262,0.773374617099762,0.6264320015907288,,,0.09529921412467957,,,,,,,,,,,,
8.405,,,,,,,0,0.5261644124984741,0,0,0.09438859671354294,45786.28125,3.479921579360962,4.053958892822266,,,,
8.406,,,,-0.06327269226312637,0.603100061416626,,,,,,,,,,2.7142555713653564,0.8834390044212341,-89.73532104492188,0.7391220331192017
8.408,0.010050968267023563,0.7770069241523743,0.6222352981567383,,,0.18810385465621948,,,,,,,,,,,,
8.505,,,,,,,0,0.5261644124984741,0,0,0.09438859671354294,45786.28125,3.479921579360962,4.053958892822266,,,,
8.506,,,,-0.9902440309524536,-1.0255757570266724,,,,,,,,,,2.713935136795044,0.8834798336029053,-89.78270721435547,0.739301323890686
8.507,0.012621374800801277,0.7738014459609985,0.627020001411438,,,-0.7308679223060608,,,,,,,,,,,,
8.605,,,,,,,0,0.5261644124984741,0,0,0.09438859671354294,45786.28125,3.479921579360962,4.053958892822266,,,,
8.606,,,,-6.263060092926025,-0.938737690448761,,,,,,,,,,2.7134604454040527,0.8834420442581177,-89.85044860839844,0.7394299507141113
8.607,0.005456513725221157,0.7739046812057495,0.6198861598968506,,,-0.8151168823242188,,,,,,,,,,,,
8.705,,,,,,,0,0.5261644124984741,0,0,0.09438859671354294,45786.28125,3.479921579360962,4.053958892822266,,,,
8.707,,,,-35.574188232421875,-0.9307725429534912,,,,,,,,,,2.714134454727173,0.8834924101829529,-89.60150909423828,0.7386030554771423
8.708,-0.042350493371486664,0.7791797518730164,0.6213064789772034,,,-0.8250976800918579,,,,,,,,,,,,
8.805,,,,,,,0,0.5261644124984741,0,0,0.09438859671354294,45786.28125,3.479921579360962,4.053958892822266,,,,
8.806,,,,-79.66626739501953,-2.8534324169158936,,,,,,,,,,2.7156994342803955,0.8848482370376587,-89.80074310302734,0.7375361919403076
8.808,-0.04541412368416786,0.6588215231895447,0.7645482420921326,,,-3.068545341491699,,,,,,,,,,,,
8.904,,,,,,,0,0.5261644124984741,0,0,0.09438859671354294,45786.28125,3.479921579360962,4.053958892822266,,,,
8.906,,,,-50.19996643066406,15.938773155212402,,,,,,,,,,2.714505672454834,0.888090968132019,-89.64083099365234,0.7354229092597961
8.907,0.07056128233671188,0.5641394853591919,0.7492501139640808,,,3.8993027210235596,,,,,,,,,,,,
9.004,,,,,,,0,0.5261644124984741,0,0,0.09438859671354294,45786.28125,3.479921579360962,4.053958892822266,,,,
9.006,,,,-66.14044189453125,5.056631088256836,,,,,,,,,,2.711756467819214,0.8883659839630127,-88.37062072753906,0.7346398234367371
9.007,-0.10951509326696396,0.44170188903808594,0.8670340776443481,,,23.258560180664062,,,,,,,,,,,,
9.105,,,,,,,0,0.5261644124984741,0,0,0.09438859671354294,45786.28125,3.479921579360962,4.053958892822266,,,,
9.106,,,,-122.54456329345703,-30.493093490600586,,,,,,,,,,2.7122716903686523,0.8883395195007324,-87.02242279052734,0.7327672839164734
9.107,-0.06914599984884262,0.23949433863162994,0.8962355256080627,,,0.35579735040664673,,,,,,,,,,,,
9.205,,,,,,,0,0.5261644124984741,0,0,0.09438859671354294,45786.28125,3.479921579360962,4.053958892822266,,,,
9.207,,,,-28.118484497070312,22.496313095092773,,,,,,,,,,2.7144105434417725,0.8879715800285339,-87.37925720214844,0.7330081462860107
9.208,-0.13427072763442993,0.11810392141342163,1.0128459930419922,,,-5.7681403160095215,,,,,,,,,,,,
9.305,,,,,,,0,0.5261644124984741,0,0,0.09438859671354294,45786.28125,3.479921579360962,4.053958892822266,,,,
9.306,,,,-12.573143005371094,25.073869705200195,,,,,,,,,,2.71710467338562,0.8875771164894104,-87.82687377929688,0.7344157099723816
9.307,-0.20018334686756134,0.12550875544548035,0.9670354723930359,,,8.50170612335205,,,,,,,,,,,,
9.404,,,,,,,0,0.5261644124984741,0,0,0.09438859671354294,45786.28125,3.479921579360962,4.053958892822266,,,,
9.406,,,,-19.735519409179688,81.72791290283203,,,,,,,,,,2.7192306518554688,0.8876872658729553,-87.2934341430664,0.7350237369537354
9.407,-0.3186400532722473,0.10129258781671524,0.9085263013839722,,,-4.076848030090332,,,,,,,,,,,,
9.504,,,,,,,0,0.5261644124984741,0,0,0.09438859671354294,45786.28125,3.479921579360962,4.053958892822266,,,,
9.506,,,,7.355228424072266,27.911325454711914,,,,,,,,,,2.7202420234680176,0.8888118267059326,-86.81036376953125,0.7328382730484009
9.507,-0.3142601549625397,0.10949363559484482,0.9431318044662476,,,-0.9624602794647217,,,,,,,,,,,,
9.605,,,,,,,0,0.5261644124984741,0,0,0.09438859671354294,45786.28125,3.479921579360962,4.053958892822266,,,,
9.606,,,,0.7451465725898743,12.596261978149414,,,,,,,,,,2.718160390853882,0.8864063620567322,-87.36961364746094,0.7334582805633545
9.607,-0.3793068826198578,0.07425504922866821,0.8938135504722595,,,-7.611963272094727,,,,,,,,,,,,
9.703,,,,,,,0,0.5261644124984741,0,0,0.09438859671354294,45786.28125,3.479921579360962,4.053958892822266,,,,
9.706,,,,2.578294277191162,48.412986755371094,,,,,,,,,,2.720339298248291,0.8850780725479126,-87.76410675048828,0.7337546944618225
9.707,-0.394660085439682,0.10380513966083527,0.9257278442382812,,,-12.720083236694336,,,,,,,,,,,,
9.803,,,,,,,0,0.5261644124984741,0,0,0.09438859671354294,45786.28125,3.479921579360962,4.053958892822266,,,,
9.806,,,,6.586669445037842,18.49484634399414,,,,,,,,,,2.7199885845184326,0.884878396987915,-88.18971252441406,0.7344233393669128
9.807,-0.4226619005203247,0.09237715601921082,0.8890158534049988,,,-4.5242695808410645,,,,,,,,,,,,
9.903,,,,,,,0,0.5261644124984741,0,0,0.09438859671354294,45786.28125,3.479921579360962,4.053958892822266,,,,
9.905,,,,14.677727699279785,32.38358688354492,,,,,,,,,,2.7205827236175537,0.8836262822151184,-88.56745147705078,0.7360159754753113
9.906,-0.47068023681640625,0.0713702067732811,0.8356168270111084,,,-10.388285636901855,,,,,,,,,,,,
10.003,,,,,,,0,0.5261644124984741,0,0,0.09438859671354294,45786.28125,3.479921579360962,4.053958892822266,,,,
10.005,,,,6.489637851715088,32.647274017333984,,,,,,,,,,2.722081422805786,0.8834444284439087,-88.61354064941406,0.7357069253921509
10.006,-0.518916130065918,0.0955154299736023,0.8745115995407104,,,-8.495952606201172,,,,,,,,,,,,
10.104,,,,,,,0,0.5261644124984741,0,0,0.09438859671354294,45786.28125,3.479921579360962,4.053958892822266,,,,
10.106,,,,3.568178415298462,23.666234970092773,,,,,,,,,,2.723538637161255,0.8835691809654236,-88.93016815185547,0.735988438129425
10.107,-0.5639360547065735,0.10563383251428604,0.780136227607727,,,-4.258828163146973,,,,,,,,,,,,
10.204,,,,,,,0,0.5261644124984741,0,0,0.09438859671354294,45786.28125,3.479921579360962,4.053958892822266,,,,
10.206,,,,18.182941436767578,10.126009941101074,,,,,,,,,,2.7262461185455322,0.8842270970344543,-89.88737487792969,0.7354741096496582
10.207,-0.6300632357597351,0.10462544113397598,0.7671065926551819,,,-18.467117309570312,,,,,,,,,,,,
10.303,,,,,,,0,0.5261644124984741,0,0,0.09438859671354294,45786.28125,3.479921579360962,4.053958892822266,,,,
10.305,,,,7.253861427307129,35.38036346435547,,,,,,,,,,2.719698905944824,0.8787356019020081,-90.66038513183594,0.7385915517807007
10.306,-0.6012343764305115,0.09831076115369797,0.7746047377586365,,,-1.4053350687026978,,,,,,,,,,,,
10.405,,,,,,,0,0.5261644124984741,0,0,0.09438859671354294,45786.28125,3.479921579360962,4.053958892822266,,,,
10.406,,,,-5.735121726989746,67.60755920410156,,,,,,,,,,2.7202534675598145,0.8771623373031616,-89.6730728149414,0.7391528487205505
10.407,-0.6696734428405762,0.13118618726730347,0.6885355114936829,,,10.302152633666992,,,,,,,,,,,,
10.504,,,,,,,0,0.5261644124984741,0,0,0.09438859671354294,45786.28125,3.479921579360962,4.053958892822266,,,,
10.505,,,,0.23075911402702332,9.794057846069336,,,,,,,,,,2.721251964569092,0.8773472905158997,-88.0599594116211,0.7388070225715637
10.506,-0.6846690773963928,0.11616519838571548,0.6879540085792542,,,0.33958250284194946,,,,,,,,,,,,
10.603,,,,,,,0,0.5261644124984741,0,0,0.09438859671354294,45786.28125,3.479921579360962,4.053958892822266,,,,
10.605,,,,11.260030746459961,-13.72040843963623,,,,,,,,,,2.723952531814575,0.8757403492927551,-89.26712036132812,0.7394146919250488
10.606,-0.7441944479942322,0.13607482612133026,0.6675031185150146,,,-10.70540714263916,,,,,,,,,,,,
10.703,,,,,,,0,0.5261644124984741,0,0,0.09438859671354294,45786.28125,3.479921579360962,4.053958892822266,,,,
10.705,,,,-20.073633193969727,-51.16839599609375,,,,,,,,,,2.7214460372924805,0.8778854608535767,-90.72048950195312,0.738786518573761
10.706,-0.6979482173919678,0.1188398003578186,0.6663093566894531,,,7.901276588439941,,,,,,,,,,,,
10.804,,,,,,,0,0.5261644124984741,0,0,0.09438859671354294,45786.28125,3.479921579360962,4.053958892822266,,,,
10.805,,,,-19.70896339416504,-37.31533432006836,,,,,,,,,,2.7189512252807617,0.8818733096122742,-91.66820526123047,0.7376379370689392
10.807,-0.5600453019142151,0.14556831121444702,0.8153894543647766,,,10.521410942077637,,,,,,,,,,,,
10.904,,,,,,,0,0.5261644124984741,0,0,0.09438859671354294,45786.28125,3.479921579360962,4.053958892822266,,,,
10.905,,,,-13.254902839660645,-32.65012741088867,,,,,,,,,,2.7182981967926025,0.8848959803581238,-90.75813293457031,0.7352433204650879
10.907,-0.524846613407135,0.09507223218679428,0.8595596551895142,,,6.136768341064453,,,,,,,,,,,,
11.003,,,,,,,0,0.5261644124984741,0,0,0.09438859671354294,45786.28125,3.479921579360962,4.053958892822266,,,,
11.005,,,,-11.923239707946777,-6.188560485839844,,,,,,,,,,2.7182865142822266,0.8877159953117371,-90.53021240234375,0.7334237098693848
11.006,-0.3856354355812073,0.08202288299798965,0.928063690662384,,,3.3859128952026367,,,,,,,,,,,,
11.104,,,,,,,0,0.5261644124984741,0,0,0.09438859671354294,45786.28125,3.479921579360962,4.053958892822266,,,,
11.105,,,,-5.0742878913879395,-3.3464889526367188,,,,,,,,,,2.7205140590667725,0.8892241716384888,-90.5568618774414,0.7316151261329651
11.106,-0.40109649300575256,0.04335213825106621,0.8881453275680542,,,-2.634263515472412,,,,,,,,,,,,
11.203,,,,,,,0,0.5261644124984741,0,0,0.09438859671354294,45786.28125,3.479921579360962,4.053958892822266,,,,
11.205,,,,-11.493813514709473,-3.210254669189453,,,,,,,,,,2.7231364250183105,0.8905876874923706,-90.2796859741211,0.7297797799110413
11.206,-0.48872753977775574,0.06939385086297989,0.8916569948196411,,,-3.1492788791656494,,,,,,,,,,,,
11.303,,,,,,,0,0.5261644124984741,0,0,0.09438859671354294,45786.28125,3.479921579360962,4.053958892822266,,,,
11.305,,,,-15.525355339050293,36.98187255859375,,,,,,,,,,2.7264163494110107,0.8923653364181519,-90.2090072631836,0.7273225784301758
11.306,-0.5099257826805115,0.03088567405939102,0.8223913311958313,,,-6.808394908905029,,,,,,,,,,,,
11.403,,,,,,,0,0.5261644124984741,0,0,0.09438859671354294,45786.28125,3.479921579360962,4.053958892822266,,,,
11.404,,,,0.9217792749404907,-2.8265531063079834,,,,,,,,,,2.7306673526763916,0.8936780691146851,-91.1999282836914,0.7248296737670898
11.405,-0.4902592897415161,0.0015156152658164501,0.8253647685050964,,,-1.3017995357513428,,,,,,,,,,,,
11.503,,,,,,,0,0.5261644124984741,0,0,0.09438859671354294,45786.28125,3.479921579360962,4.053958892822266,,,,
11.504,,,,-0.566567599773407,17.779224395751953,,,,,,,,,,2.7360522747039795,0.8950573205947876,-91.13954162597656,0.7225510478019714
11.506,-0.473815381526947,0.0005819521611556411,0.8866679668426514,,,1.186732292175293,,,,,,,,,,,,
11.603,,,,,,,0,0.5261644124984741,0,0,0.09438859671354294,45786.28125,3.479921579360962,4.053958892822266,,,,
11.605,,,,2.798884630203247,30.47940444946289,,,,,,,,,,2.7429065704345703,0.8962529301643372,-91.47435760498047,0.720980703830719
11.606,-0.490324467420578,-0.015394352376461029,0.9123260378837585,,,-3.922898054122925,,,,,,,,,,,,
11.703,,,,,,,0,0.5261644124984741,0,0,0.09438859671354294,45786.28125,3.479921579360962,4.053958892822266,,,,
11.704,,,,6.924226760864258,65.24637603759766,,,,,,,,,,2.7512218952178955,0.8971900939941406,-92.0594253540039,0.7200005054473877
11.706,-0.5849418044090271,0.0038444215897470713,0.7906808853149414,,,-8.766542434692383,,,,,,,,,,,,
11.802,,,,,,,0,0.5261644124984741,0,0,0.09438859671354294,45786.28125,3.479921579360962,4.053958892822266,,,,
11.804,,,,9.420448303222656,15.082808494567871,,,,,,,,,,2.7607340812683105,0.8984507322311401,-93.38429260253906,0.7181590795516968
11.805,-0.6276167631149292,-0.00254486920312047,0.7697296738624573,,,-11.101286888122559,,,,,,,,,,,,
11.903,,,,,,,0,0.5261644124984741,0,0,0.09438859671354294,45786.28125,3.479921579360962,4.053958892822266,,,,
11.905,,,,11.83730411529541,13.966741561889648,,,,,,,,,,2.7714946269989014,0.9002512097358704,-94.85944366455078,0.7149029970169067
11.906,-0.620870053768158,-0.009051407687366009,0.7654786705970764,,,-14.457281112670898,,,,,,,,,,,,
12.003,,,,,,,0,0.5261644124984741,0,0,0.09438859671354294,45786.28125,3.479921579360962,4.053958892822266,,,,
12.005,,,,1.2414071559906006,6.165241718292236,,,,,,,,,,2.7680282592773438,0.9132305979728699,-95.60885620117188,0.722009539604187
12.006,-0.694923460483551,0.025880247354507446,0.748095691204071,,,-1.6143988370895386,,,,,,,,,,,,
12.102,,,,,,,0,0.5261644124984741,0,0,0.09438859671354294,45786.28125,3.479921579360962,4.053958892822266,,,,
12.104,,,,2.073108196258545,2.7561564445495605,,,,,,,,,,2.764092445373535,0.9110863208770752,-95.25154876708984,0.7230764627456665
12.105,-0.6606553196907043,-0.0018708863062784076,0.7438992857933044,,,-2.2918059825897217,,,,,,,,,,,,
12.202,,,,,,,0,0.5261644124984741,0,0,0.09438859671354294,45786.28125,3.479921579360962,4.053958892822266,,,,
12.204,,,,0.695299506187439,3.9766414165496826,,,,,,,,,,2.7691586017608643,0.9141339659690857,-95.25077056884766,0.7212375402450562
12.205,-0.6563829779624939,-0.00029834991437382996,0.7356244921684265,,,-0.8231035470962524,,,,,,,,,,,,
12.302,,,,,,,0,0.5261644124984741,0,0,0.09438859671354294,45786.28125,3.479921579360962,4.053958892822266,,,,
12.304,,,,0.09522838145494461,-2.562490940093994,,,,,,,,,,2.7685890197753906,0.9138002991676331,-94.90949249267578,0.7214854955673218
12.305,-0.667558491230011,0.0037303054705262184,0.7302611470222473,,,0.12737363576889038,,,,,,,,,,,,
12.402,,,,,,,0,0.5261644124984741,0,0,0.09438859671354294,45786.28125,3.479921579360962,4.053958892822266,,,,
12.404,,,,-0.04972958192229271,-1.636245846748352,,,,,,,,,,2.7752737998962402,0.9182533621788025,-94.93844604492188,0.718244194984436
12.405,-0.6681803464889526,-0.0032984756398946047,0.7378976941108704,,,0.16744965314865112,,,,,,,,,,,,
12.502,,,,,,,0,0.5261644124984741,0,0,0.09438859671354294,45786.28125,3.479921579360962,4.053958892822266,,,,
12.503,,,,0.05097508057951927,-4.155454158782959,,,,,,,,,,2.782254934310913,0.9231812953948975,-94.92937469482422,0.7144447565078735
12.505,-0.6713041067123413,0.004143074154853821,0.733112096786499,,,0.04634229838848114,,,,,,,,,,,,
12.603,,,,,,,0,0.5261644124984741,0,0,0.09438859671354294,45786.28125,3.479921579360962,4.053958892822266,,,,
12.604,,,,0.2909531593322754,-0.2749634385108948,,,,,,,,,,2.7950639724731445,0.9293241500854492,-94.85865783691406,0.7137782573699951
12.605,-0.6652142405509949,-0.004519682843238115,0.7447576522827148,,,0.14561936259269714,,,,,,,,,,,,
12.702,,,,,,,0,0.5261644124984741,0,0,0.09438859671354294,45786.28125,3.479921579360962,4.053958892822266,,,,
12.703,,,,-0.16148996353149414,5.208950519561768,,,,,,,,,,2.802597761154175,0.9339226484298706,-94.76649475097656,0.7116512656211853
12.705,-0.6699101328849792,0.0038745722267776728,0.7477868795394897,,,0.0690101757645607,,,,,,,,,,,,
12.802,,,,,,,0,0.5261644124984741,0,0,0.09438859671354294,45786.28125,3.479921579360962,4.053958892822266,,,,
12.803,,,,-0.3622034192085266,0.37399041652679443,,,,,,,,,,2.8123576641082764,0.939764142036438,-94.72953796386719,0.7088025212287903
12.805,-0.6695089340209961,0.005886003375053406,0.7473436594009399,,,0.3176000416278839,,,,,,,,,,,,
12.902,,,,,,,0,0.5261644124984741,0,0,0.09438859671354294,45786.28125,3.479921579360962,4.053958892822266,,,,
12.903,,,,-0.1513625532388687,-0.2974627614021301,,,,,,,,,,2.8209235668182373,0.9453185796737671,-94.72530364990234,0.7049429416656494
12.904,-0.6791935563087463,0.006910204421728849,0.7296459674835205,,,-0.08372990787029266,,,,,,,,,,,,
13.001,,,,,,,0,0.5261644124984741,0,0,0.09438859671354294,45786.28125,3.479921579360962,4.053958892822266,,,,
13.003,,,,-0.23547668755054474,2.6725499629974365,,,,,,,,,,2.831692934036255,0.9512246251106262,-94.62922668457031,0.7025203108787537
13.004,-0.684441864490509,0.004896910395473242,0.7098761796951294,,,-0.2972758412361145,,,,,,,,,,,,
13.102,,,,,,,0,0.5261644124984741,0,0,0.09438859671354294,45786.28125,3.479921579360962,4.053958892822266,,,,
13.104,,,,0.3659203052520752,7.7851386070251465,,,,,,,,,,2.843539237976074,0.9578395485877991,-94.59723663330078,0.6995773911476135
13.105,-0.690049946308136,0.0022310952190309763,0.7060742378234863,,,-0.1274995058774948,,,,,,,,,,,,
13.201,,,,,,,0,0.5261644124984741,0,0,0.09438859671354294,45786.28125,3.479921579360962,4.053958892822266,,,,
13.203,,,,-0.10016253590583801,0.4295612573623657,,,,,,,,,,2.853311061859131,0.9643199443817139,-94.5873794555664,0.6950041651725769
13.204,-0.6889922618865967,0.004430836532264948,0.7083444595336914,,,0.11596065759658813,,,,,,,,,,,,
13.302,,,,,,,0,0.5261644124984741,0,0,0.09438859671354294,45786.28125,3.479921579360962,4.053958892822266,,,,
13.303,,,,-0.003022479359060526,2.496040105819702,,,,,,,,,,2.8701531887054443,0.9733558893203735,-94.53868103027344,0.6920111775398254
13.305,-0.6905937194824219,0.0046899588778615,0.7095134854316711,,,0.20186322927474976,,,,,,,,,,,,
13.401,,,,,,,0,0.5261644124984741,0,0,0.09438859671354294,45786.28125,3.479921579360962,4.053958892822266,,,,
13.403,,,,0.009139196947216988,2.599726676940918,,,,,,,,,,2.881091594696045,0.9804372191429138,-94.53705596923828,0.687227189540863
13.404,-0.6894282102584839,0.0017506466247141361,0.7258889079093933,,,0.13150270283222198,,,,,,,,,,,,
13.501,,,,,,,0,0.5261644124984741,0,0,0.09438859671354294,45786.28125,3.479921579360962,4.053958892822266,,,,
13.503,,,,-0.188476100564003,-0.6013234257698059,,,,,,,,,,2.894845485687256,0.9884352684020996,-94.49103546142578,0.6841208338737488
13.504,-0.6938816905021667,0.0064001064747571945,0.7166367769241333,,,0.16593581438064575,,,,,,,,,,,,
13.602,,,,,,,0,0.5261644124984741,0,0,0.09438859671354294,45786.28125,3.479921579360962,4.053958892822266,,,,
13.603,,,,0.32336801290512085,-0.8937203884124756,,,,,,,,,,2.9064393043518066,0.9962182641029358,-94.50019073486328,0.6789286136627197
13.604,-0.6907589435577393,0.0016618474619463086,0.7024703025817871,,,0.12987279891967773,,,,,,,,,,,,
13.701,,,,,,,0,0.5261644124984741,0,0,0.09438859671354294,45786.28125,3.479921579360962,4.053958892822266,,,,
13.703,,,,0.14099261164665222,-4.628722667694092,,,,,,,,,,2.918269157409668,1.0045642852783203,-94.50828552246094,0.6730692982673645
13.704,-0.688956618309021,0.0018805639119818807,0.715879499912262,,,-0.06727061420679092,,,,,,,,,,,,
13.802,,,,,,,0,0.5261644124984741,0,0,0.09438859671354294,45786.28125,3.479921579360962,4.053958892822266,,,,
13.803,,,,-0.3171927332878113,-0.7249391674995422,,,,,,,,,,2.9304563999176025,1.0134409666061401,-94.5107650756836,0.6665821075439453
13.804,-0.690360963344574,-0.000847179617267102,0.7130048871040344,,,0.14374126493930817,,,,,,,,,,,,
13.901,,,,,,,0,0.5261644124984741,0,0,0.09438859671354294,45786.28125,3.479921579360962,4.053958892822266,,,,
13.903,,,,0.09379903227090836,-0.6714842319488525,,,,,,,,,,2.9415040016174316,1.0217483043670654,-94.50880432128906,0.6603309512138367
13.904,-0.6896301507949829,0.0017163411248475313,0.7191399931907654,,,-0.29194211959838867,,,,,,,,,,,,
14.001,,,,,,,0,0.5261644124984741,0,0,0.09438859671354294,45786.28125,3.479921579360962,4.053958892822266,,,,
14.003,,,,-0.2520798444747925,0.625322163105011,,,,,,,,,,2.989359140396118,1.0441124439239502,-94.51405334472656,0.6576753258705139
14.004,-0.6910779476165771,0.002359994687139988,0.7182583212852478,,,0.011474146507680416,,,,,,,,,,,,
14.102,,,,,,,0,0.5261644124984741,0,0,0.09438859671354294,45786.28125,3.479921579360962,4.053958892822266,,,,
14.103,,,,0.3727003037929535,0.008333053439855576,,,,,,,,,,3.005194664001465,1.0542736053466797,-94.51385498046875,0.6514259576797485
14.104,-0.692601203918457,0.0010476596653461456,0.712965726852417,,,-0.04933568090200424,,,,,,,,,,,,
14.201,,,,,,,0,0.5261644124984741,0,0,0.09438859671354294,45786.28125,3.479921579360962,4.053958892822266,,,,
14.202,,,,-0.060697268694639206,0.14576280117034912,,,,,,,,,,3.0246899127960205,1.064797043800354,-94.48038482666016,0.647849977016449
14.204,-0.6974184513092041,0.0020505841821432114,0.7171173095703125,,,0.33455294370651245,,,,,,,,,,,,
14.301,,,,,,,0,0.5261644124984741,0,0,0.09438859671354294,45786.28125,3.479921579360962,4.053958892822266,,,,
14.303,,,,-0.036072809249162674,-0.6693716645240784,,,,,,,,,,3.0417158603668213,1.0755929946899414,-94.47781372070312,0.6411380767822266
14.304,-0.692806601524353,0.0031356702093034983,0.7212277054786682,,,-0.061835985630750656,,,,,,,,,,,,
14.401,,,,,,,0,0.5261644124984741,0,0,0.09438859671354294,45786.28125,3.479921579360962,4.053958892822266,,,,
14.402,,,,-0.35139280557632446,0.23531751334667206,,,,,,,,,,3.0591626167297363,1.0866745710372925,-94.48426055908203,0.633956253528595
14.404,-0.6993521451950073,0.0006997316959314048,0.7038480043411255,,,0.277351975440979,,,,,,,,,,,,
14.501,,,,,,,0,0.5261644124984741,0,0,0.09438859671354294,45786.28125,3.479921579360962,4.053958892822266,,,,
14.502,,,,0.08408118784427643,-4.493250846862793,,,,,,,,,,3.0905988216400146,1.1039161682128906,-94.4597396850586,0.6288209557533264
14.504,-0.6967937350273132,0.0024155520368367434,0.708307683467865,,,0.05709297955036163,,,,,,,,,,,,
14.601,,,,,,,0,0.5261644124984741,0,0,0.09438859671354294,45786.28125,3.479921579360962,4.053958892822266,,,,
14.603,,,,-0.010759422555565834,3.203568458557129,,,,,,,,,,3.1102488040924072,1.116132378578186,-94.4623794555664,0.6213801503181458
14.604,-0.6957208514213562,0.0008552174549549818,0.6997124552726746,,,0.005014027934521437,,,,,,,,,,,,
14.701,,,,,,,0,0.5261644124984741,0,0,0.09438859671354294,45786.28125,3.479921579360962,4.053958892822266,,,,
14.702,,,,0.043792638927698135,0.9970219731330872,,,,,,,,,,3.130220413208008,1.128669023513794,-94.46553039550781,0.6135120391845703
14.704,-0.6965232491493225,0.0009981830371543765,0.7113220691680908,,,-0.0722486823797226,,,,,,,,,,,,
14.800,,,,,,,0,0.5261644124984741,0,0,0.09438859671354294,45786.28125,3.479921579360962,4.053958892822266,,,,
14.802,,,,0.20268207788467407,-1.5814543962478638,,,,,,,,,,3.1507256031036377,1.141625165939331,-94.46884155273438,0.6050235033035278
14.803,-0.6982132196426392,0.0024379780516028404,0.6967595815658569,,,0.10797369480133057,,,,,,,,,,,,
14.900,,,,,,,0,0.5261644124984741,0,0,0.09438859671354294,45786.28125,3.479921579360962,4.053958892822266,,,,
14.902,,,,0.0421798899769783,2.2774300575256348,,,,,,,,,,3.171717405319214,1.1550389528274536,-94.46529388427734,0.5958637595176697
14.904,-0.6986130475997925,0.0048394519835710526,0.7016313076019287,,,-0.05220229923725128,,,,,,,,,,,,
15.001,,,,,,,0,0.5261644124984741,0,0,0.09438859671354294,45786.28125,3.479921579360962,4.053958892822266,,,,
15.002,,,,-0.17298391461372375,6.531919956207275,,,,,,,,,,3.2048051357269287,1.1716076135635376,-94.43976593017578,0.5976024866104126
15.003,-0.6992591619491577,0.003714847145602107,0.7107945084571838,,,0.05956380441784859,,,,,,,,,,,,
15.100,,,,,,,0,0.5261644124984741,0,0,0.09438859671354294,45786.28125,3.479921579360962,4.053958892822266,,,,
15.102,,,,-0.19434751570224762,5.55061149597168,,,,,,,,,,3.2283945083618164,1.1859451532363892,-94.43280792236328,0.5894364714622498
15.103,-0.6996065378189087,0.00166810501832515,0.7053952813148499,,,0.12601351737976074,,,,,,,,,,,,
15.200,,,,,,,0,0.5261644124984741,0,0,0.09438859671354294,45786.28125,3.479921579360962,4.053958892822266,,,,
15.202,,,,-0.6974258422851562,-3.5254249572753906,,,,,,,,,,3.239356279373169,1.1920770406723022,-94.37345886230469,0.5872071385383606
15.203,-0.7005021572113037,0.003765743225812912,0.6972455978393555,,,0.3154885172843933,,,,,,,,,,,,
15.300,,,,,,,0,0.5261644124984741,0,0,0.09438859671354294,45786.28125,3.479921579360962,4.053958892822266,,,,
15.301,,,,0.062100209295749664,3.0165858268737793,,,,,,,,,,3.2637431621551514,1.2069545984268188,-94.3648910522461,0.5785799026489258
15.303,-0.7036024332046509,0.004346189089119434,0.7054790258407593,,,-0.17616550624370575,,,,,,,,,,,,
15.400,,,,,,,0,0.5261644124984741,0,0,0.09438859671354294,45786.28125,3.479921579360962,4.053958892822266,,,,
15.402,,,,0.022216925397515297,-1.0638545751571655,,,,,,,,,,3.288982391357422,1.2224090099334717,-94.36005401611328,0.5691957473754883
15.403,-0.7052280902862549,0.002496755216270685,0.6935757398605347,,,0.07014788687229156,,,,,,,,,,,,
15.500,,,,,,,0,0.5261644124984741,0,0,0.09438859671354294,45786.28125,3.479921579360962,4.053958892822266,,,,
15.501,,,,0.018833572044968605,1.010749101638794,,,,,,,,,,3.3145666122436523,1.238218069076538,-94.3648910522461,0.5592252612113953
15.502,-0.7048074007034302,0.0026712859980762005,0.6982502341270447,,,-0.09095058590173721,,,,,,,,,,,,
15.600,,,,,,,0,0.5261644124984741,0,0,0.09438859671354294,45786.28125,3.479921579360962,4.053958892822266,,,,
15.602,,,,1.3644622564315796,2.1098415851593018,,,,,,,,,,3.340737819671631,1.254475474357605,-94.37252044677734,0.5486319065093994
15.603,-0.721642792224884,0.01854572631418705,0.7100683450698853,,,-2.2880358695983887,,,,,,,,,,,,
15.700,,,,,,,0,0.5261644124984741,0,0,0.09438859671354294,45786.28125,3.479921579360962,4.053958892822266,,,,
15.701,,,,-0.4405365586280823,1.050628423690796,,,,,,,,,,3.367525100708008,1.2713559865951538,-94.65742492675781,0.5373834371566772
15.703,-0.7073564529418945,0.0009172858553938568,0.6958835124969482,,,0.32641780376434326,,,,,,,,,,,,
15.800,,,,,,,0,0.5261644124984741,0,0,0.09438859671354294,45786.28125,3.479921579360962,4.053958892822266,,,,
15.801,,,,-0.14305147528648376,-3.5623385906219482,,,,,,,,,,3.3951237201690674,1.2888789176940918,-94.65103912353516,0.5252568125724792
15.802,-0.7038540840148926,0.0015277961501851678,0.7058022618293762,,,0.19243863224983215,,,,,,,,,,,,
15.900,,,,,,,0,0.5261644124984741,0,0,0.09438859671354294,45786.28125,3.479921579360962,4.053958892822266,,,,
15.901,,,,-0.24067707359790802,-1.640347957611084,,,,,,,,,,3.4230074882507324,1.3067352771759033,-94.64466857910156,0.5125430822372437
15.903,-0.7019343376159668,0.0015053710667416453,0.7085720300674438,,,0.17252188920974731,,,,,,,,,,,,
15.999,,,,,,,0,0.5261644124984741,0,0,0.09438859671354294,45786.28125,3.479921579360962,4.053958892822266,,,,
16.001,,,,-0.0675777867436409,0.6315762400627136,,,,,,,,,,3.4514214992523193,1.3250036239624023,-94.63069915771484,0.49925893545150757
16.002,-0.7024845480918884,0.0028460335452109575,0.7018100023269653,,,-0.1536475270986557,,,,,,,,,,,,
16.100,,,,,,,0,0.5261644124984741,0,0,0.09438859671354294,45786.28125,3.479921579360962,4.053958892822266,,,,
16.101,,,,-0.3736329674720764,-1.0554314851760864,,,,,,,,,,3.4804470539093018,1.3436813354492188,-94.62516021728516,0.4853537082672119
16.103,-0.7028049826622009,0.0033619804307818413,0.6943181157112122,,,0.1824277937412262,,,,,,,,,,,,
16.200,,,,,,,0,0.5261644124984741,0,0,0.09438859671354294,45786.28125,3.479921579360962,4.053958892822266,,,,
16.201,,,,-1.1808485984802246,0.5862584710121155,,,,,,,,,,3.510404586791992,1.3629802465438843,-94.62517547607422,0.4706882834434509
16.203,-0.7096831798553467,-0.0014804500387981534,0.6883962750434875,,,1.1127454042434692,,,,,,,,,,,,
16.300,,,,,,,0,0.5261644124984741,0,0,0.09438859671354294,45786.28125,3.479921579360962,4.053958892822266,,,,
16.301,,,,-0.6311850547790527,-0.6675825119018555,,,,,,,,,,3.5406317710876465,1.3825653791427612,-94.58343505859375,0.4554523229598999
16.302,-0.7045990228652954,0.007368332706391811,0.712443470954895,,,0.4768173098564148,,,,,,,,,,,,
16.399,,,,,,,0,0.5261644124984741,0,0,0.09438859671354294,45786.28125,3.479921579360962,4.053958892822266,,,,
16.401,,,,-1.0370306968688965,0.9463250637054443,,,,,,,,,,3.5714426040649414,1.4025700092315674,-94.56672668457031,0.43960052728652954
16.402,-0.7071939706802368,-0.004959572106599808,0.6951541304588318,,,1.0394574403762817,,,,,,,,,,,,
16.500,,,,,,,0,0.5261644124984741,0,0,0.09438859671354294,45786.28125,3.479921579360962,4.053958892822266,,,,
16.501,,,,0.015500778332352638,1.2127630710601807,,,,,,,,,,3.602750539779663,1.4230890274047852,-94.52239227294922,0.42305877804756165
16.502,-0.7068639397621155,0.0021551665849983692,0.6944246292114258,,,-0.01338532380759716,,,,,,,,,,,,
16.599,,,,,,,0,0.5261644124984741,0,0,0.09438859671354294,45786.28125,3.479921579360962,4.053958892822266,,,,
16.601,,,,-0.49794596433639526,-0.8596400022506714,,,,,,,,,,3.8297500610351562,1.5399523973464966,-94.51539611816406,0.41353321075439453
16.602,-0.7056682109832764,0.0035157990641891956,0.6883533000946045,,,0.42571815848350525,,,,,,,,,,,,
16.699,,,,,,,0,0.5261644124984741,0,0,0.09438859671354294,45786.28125,3.479921579360962,4.053958892822266,,,,
16.700,,,,0.11475925147533417,-5.8770318031311035,,,,,,,,,,3.8731071949005127,1.5662871599197388,-94.48173522949219,0.39809465408325195
16.702,-0.7028803825378418,0.001995580503717065,0.7059290409088135,,,0.23151351511478424,,,,,,,,,,,,
16.799,,,,,,,0,0.5261644124984741,0,0,0.09438859671354294,45786.28125,3.479921579360962,4.053958892822266,,,,
16.801,,,,-4.221353054046631,-33.943702697753906,,,,,,,,,,3.916825771331787,1.5931578874588013,-94.1956787109375,0.3819299638271332
16.802,-0.6807672381401062,-0.000857718288898468,0.6525139212608337,,,4.664139270782471,,,,,,,,,,,,
16.899,,,,,,,0,0.5261644124984741,0,0,0.09438859671354294,45786.28125,3.479921579360962,4.053958892822266,,,,
16.901,,,,-0.9098133444786072,-30.179088592529297,,,,,,,,,,3.604724168777466,1.4113054275512695,-93.72520446777344,0.4826352596282959
16.902,-0.6502490639686584,0.007499377708882093,0.7478320598602295,,,1.5062857866287231,,,,,,,,,,,,
16.999,,,,,,,0,0.5261644124984741,0,0,0.09438859671354294,45786.28125,3.479921579360962,4.053958892822266,,,,
17.000,,,,-3.515791654586792,-34.89204406738281,,,,,,,,,,3.6391100883483887,1.4333288669586182,-92.98871612548828,0.46972399950027466
17.001,-0.6123360395431519,0.021207740530371666,0.7926779389381409,,,4.237529277801514,,,,,,,,,,,,
17.099,,,,,,,0,0.5261644124984741,0,0,0.09438859671354294,45786.28125,3.479921579360962,4.053958892822266,,,,
17.101,,,,0.175873264670372,-63.27041244506836,,,,,,,,,,3.674302816390991,1.4561132192611694,-92.11341857910156,0.45566216111183167
17.102,-0.5250820517539978,0.018239835277199745,0.9151691794395447,,,-0.8257094621658325,,,,,,,,,,,,
17.199,,,,,,,0,0.5261644124984741,0,0,0.09438859671354294,45786.28125,3.479921579360962,4.053958892822266,,,,
17.201,,,,8.254244804382324,-74.3745346069336,,,,,,,,,,3.709502696990967,1.478559970855713,-92.5288314819336,0.4416252374649048
17.202,-0.42257142066955566,-0.04415297135710716,0.8615776300430298,,,-12.723546981811523,,,,,,,,,,,,
17.299,,,,,,,0,0.5261644124984741,0,0,0.09438859671354294,45786.28125,3.479921579360962,4.053958892822266,,,,
17.300,,,,70.8938217163086,-488.4682922363281,,,,,,,,,,3.744098424911499,1.5004695653915405,-96.9015884399414,0.42672207951545715
17.302,-0.23312795162200928,-0.009319561533629894,0.8430567383766174,,,-55.78713607788086,,,,,,,,,,,,
17.399,,,,,,,0,0.5261644124984741,0,0,0.09438859671354294,45786.28125,3.479921579360962,4.053958892822266,,,,
17.400,,,,2.3329780101776123,205.71852111816406,,,,,,,,,,3.7803795337677,1.5249178409576416,-96.7671890258789,0.4121570885181427
17.402,0.22471560537815094,-0.027037976309657097,0.8629027605056763,,,15.863085746765137,,,,,,,,,,,,
17.498,,,,,,,0,0.5261644124984741,0,0,0.09438859671354294,45786.28125,3.479921579360962,4.053958892822266,,,,
17.500,,,,14.542901039123535,-21.74502944946289,,,,,,,,,,3.8164522647857666,1.5475881099700928,-96.10607147216797,0.3974760174751282
17.501,-0.023218432441353798,-0.06766142696142197,0.9735480546951294,,,12.767888069152832,,,,,,,,,,,,
17.599,,,,,,,0,0.5261644124984741,0,0,0.09438859671354294,45786.28125,3.479921579360962,4.053958892822266,,,,
17.600,,,,0.2956312894821167,-0.06160394474864006,,,,,,,,,,3.8517513275146484,1.5724316835403442,-95.93017578125,0.38438233733177185
17.602,0.03180995211005211,-0.05454445630311966,0.9984263777732849,,,0.5676456689834595,,,,,,,,,,,,
17.699,,,,,,,0,0.5261644124984741,0,0,0.09438859671354294,45786.28125,3.479921579360962,4.053958892822266,,,,
17.700,,,,0.14043179154396057,0.16128583252429962,,,,,,,,,,3.887005090713501,1.5975911617279053,-95.92935943603516,0.37133488059043884
17.701,0.03207184746861458,-0.05152938887476921,0.9997977018356323,,,-0.866569459438324,,,,,,,,,,,,
17.798,,,,,,,0,0.5261644124984741,0,0,0.09438859671354294,45786.28125,3.479921579360962,4.053958892822266,,,,
17.800,,,,0.057515811175107956,0.05665695294737816,,,,,,,,,,3.9221854209899902,1.6231859922409058,-95.93172454833984,0.35837891697883606
17.801,0.0328025296330452,-0.04542289301753044,0.995279848575592,,,1.0858498811721802,,,,,,,,,,,,
17.900,,,,,,,0,0.5261644124984741,0,0,0.09438859671354294,45786.28125,3.479921579360962,4.053958892822266,,,,
17.901,,,,-0.12679332494735718,0.011659268289804459,,,,,,,,,,3.9577507972717285,1.6495023965835571,-95.92861938476562,0.3453279137611389
17.902,0.02809740975499153,-0.05308452248573303,1.0013481378555298,,,-0.26924529671669006,,,,,,,,,,,,
17.999,,,,,,,0,0.5261644124984741,0,0,0.09438859671354294,45786.28125,3.479921579360962,4.053958892822266,,,,
18.000,,,,0.12928447127342224,-0.11113954335451126,,,,,,,,,,3.306481122970581,0.7546867728233337,-96.1187973022461,0.5774343013763428
18.002,0.0322837270796299,-0.051156606525182724,0.9995079040527344,,,-0.396133154630661,,,,,,,,,,,,
18.098,,,,,,,0,0.5261644124984741,0,0,0.09438859671354294,45786.28125,3.479921579360962,4.053958892822266,,,,
18.100,,,,-0.008223100565373898,0.404121994972229,,,,,,,,,,3.344897747039795,0.7099964618682861,-96.11479187011719,0.5688232183456421
18.101,0.034467730671167374,-0.04914567247033119,0.9989121556282043,,,0.8134990334510803,,,,,,,,,,,,
18.198,,,,,,,0,0.5261644124984741,0,0,0.09438859671354294,45786.28125,3.479921579360962,4.053958892822266,,,,
18.200,,,,0.33015182614326477,0.17037077248096466,,,,,,,,,,3.384653091430664,0.662287175655365,-96.12298583984375,0.56022047996521
18.201,0.032092735171318054,-0.050135333091020584,0.9995403289794922,,,-0.4554596543312073,,,,,,,,,,,,
18.299,,,,,,,0,0.5261644124984741,0,0,0.09438859671354294,45786.28125,3.479921579360962,4.053958892822266,,,,
18.300,,,,-0.2698662281036377,-0.0061015537939965725,,,,,,,,,,3.4261977672576904,0.6110935807228088,-96.11766815185547,0.5515482425689697
18.302,0.031334858387708664,-0.04961373284459114,1.0004267692565918,,,-0.11845710873603821,,,,,,,,,,,,
18.398,,,,,,,0,0.5261644124984741,0,0,0.09438859671354294,45786.28125,3.479921579360962,4.053958892822266,,,,
18.399,,,,-21.579561233520508,29.395034790039062,,,,,,,,,,3.468827724456787,0.5581700205802917,-91.64694213867188,0.5430633425712585
18.401,0.15305770933628082,-0.10274455696344376,1.00080406665802,,,63.621986389160156,,,,,,,,,,,,
18.498,,,,,,,0,0.5261644124984741,0,0,0.09438859671354294,45786.28125,3.479921579360962,4.053958892822266,,,,
18.500,,,,20.293447494506836,-27.051034927368164,,,,,,,,,,3.5124969482421875,0.5019253492355347,-87.31652069091797,0.5348119139671326
18.501,0.028998414054512978,-0.04016504064202309,1.0087171792984009,,,67.18202209472656,,,,,,,,,,,,
18.599,,,,,,,0,0.5261644124984741,0,0,0.09438859671354294,45786.28125,3.479921579360962,4.053958892822266,,,,
18.600,,,,3.2493999004364014,-5.845381259918213,,,,,,,,,,3.8339598178863525,0.7681215405464172,-80.93102264404297,0.42426806688308716
18.601,0.021016445010900497,-0.030490396544337273,1.0038049221038818,,,77.71875,,,,,,,,,,,,
18.698,,,,,,,0,0.5261644124984741,0,0,0.09438859671354294,45786.28125,3.479921579360962,4.053958892822266,,,,
18.699,,,,1.2492140531539917,1.541361689567566,,,,,,,,,,3.927785873413086,0.7601442337036133,-74.48579406738281,0.3895907402038574
18.701,-0.009215828962624073,0.005280034150928259,0.9988073706626892,,,76.45026397705078,,,,,,,,,,,,
18.798,,,,,,,0,0.5261644124984741,0,0,0.09438859671354294,45786.28125,3.479921579360962,4.053958892822266,,,,
18.799,,,,3.2359018325805664,-1.0335115194320679,,,,,,,,,,4.03787899017334,0.7531982064247131,-66.6382827758789,0.35808265209198
18.801,0.06960941851139069,-0.04367930069565773,0.9995192885398865,,,110.44293212890625,,,,,,,,,,,,
18.898,,,,,,,0,0.5261644124984741,0,0,0.09438859671354294,45786.28125,3.479921579360962,4.053958892822266,,,,
18.900,,,,0.5039337277412415,-1.8223239183425903,,,,,,,,,,4.155180931091309,0.7370717525482178,-58.490272521972656,0.3252229690551758
18.901,0.013306321576237679,-0.005809333641082048,0.9991698265075684,,,60.125282287597656,,,,,,,,,,,,
18.998,,,,,,,0,0.5261644124984741,0,0,0.09438859671354294,45786.28125,3.479921579360962,4.053958892822266,,,,
18.999,,,,0.8816604018211365,-1.3609853982925415,,,,,,,,,,4.273054599761963,0.7252522110939026,-53.57184982299805,0.293466180562973
19.001,0.024791616946458817,-0.04610452428460121,1.0011061429977417,,,22.574047088623047,,,,,,,,,,,,
19.098,,,,,,,0,0.5261644124984741,0,0,0.09438859671354294,45786.28125,3.479921579360962,4.053958892822266,,,,
19.100,,,,0.5877764821052551,-0.1866120547056198,,,,,,,,,,4.396217346191406,0.7069586515426636,-50.94106674194336,0.26021599769592285
19.101,0.043373554944992065,-0.0361398346722126,0.9986962080001831,,,11.10869312286377,,,,,,,,,,,,
19.198,,,,,,,0,0.5261644124984741,0,0,0.09438859671354294,45786.28125,3.479921579360962,4.053958892822266,,,,
19.200,,,,0.5139370560646057,-1.0158439874649048,,,,,,,,,,4.519642353057861,0.6920170783996582,-49.0471076965332,0.2255292385816574
19.201,0.04188546910881996,-0.032959356904029846,1.0000423192977905,,,15.786981582641602,,,,,,,,,,,,
19.298,,,,,,,0,0.5261644124984741,0,0,0.09438859671354294,45786.28125,3.479921579360962,4.053958892822266,,,,
19.300,,,,-1.7150447368621826,-0.8353681564331055,,,,,,,,,,4.649694919586182,0.6750736832618713,-46.73162078857422,0.19248951971530914
19.301,-0.0009042571182362735,-0.04239555820822716,0.9978594183921814,,,21.086156845092773,,,,,,,,,,,,
19.398,,,,,,,0,0.5261644124984741,0,0,0.09438859671354294,45786.28125,3.479921579360962,4.053958892822266,,,,
19.400,,,,-0.20044764876365662,0.0298890583217144,,,,,,,,,,4.783734321594238,0.6570417284965515,-44.01613235473633,0.15946316719055176
19.401,0.03525860607624054,-0.04870866239070892,0.9987062215805054,,,3.1182572841644287,,,,,,,,,,,,
19.497,,,,,,,0,0.5261644124984741,0,0,0.09438859671354294,45786.28125,3.479921579360962,4.053958892822266,,,,
19.499,,,,1.5264461040496826,-2.0269615650177,,,,,,,,,,4.92172384262085,0.6375318765640259,-43.0951042175293,0.12648141384124756
19.500,0.04198281839489937,-0.03815976902842522,0.9985027313232422,,,21.123422622680664,,,,,,,,,,,,
19.598,,,,,,,0,0.5261644124984741,0,0,0.09438859671354294,45786.28125,3.479921579360962,4.053958892822266,,,,
19.599,,,,0.12288117408752441,-0.1028049886226654,,,,,,,,,,5.065600395202637,0.6166540384292603,-40.946380615234375,0.09314117580652237
19.600,0.029266592115163803,-0.05643053725361824,0.998002290725708,,,1.6659168004989624,,,,,,,,,,,,
19.697,,,,,,,0,0.5261644124984741,0,0,0.09438859671354294,45786.28125,3.479921579360962,4.053958892822266,,,,
19.699,,,,0.021534161642193794,-0.5012873411178589,,,,,,,,,,5.2387309074401855,0.6134148240089417,-38.78019714355469,0.027541039511561394
19.700,0.031415197998285294,-0.05153023451566696,0.9978240728378296,,,10.679021835327148,,,,,,,,,,,,
19.797,,,,,,,0,0.5261644124984741,0,0,0.09438859671354294,45786.28125,3.479921579360962,4.053958892822266,,,,
19.798,,,,-0.2671396732330322,-0.057263631373643875,,,,,,,,,,5.361741542816162,0.6001066565513611,-37.53892517089844,-0.0068003772757947445
19.799,0.0350438617169857,-0.04510190710425377,0.9978431463241577,,,2.1878278255462646,,,,,,,,,,,,
19.896,,,,,,,0,0.5261644124984741,0,0,0.09438859671354294,45786.28125,3.479921579360962,4.053958892822266,,,,
19.899,,,,0.1013600155711174,-0.2507457137107849,,,,,,,,,,5.481529712677002,0.5870922803878784,-36.19093704223633,-0.04060734808444977
19.900,0.030695386230945587,-0.05529989302158356,0.9979374408721924,,,12.947426795959473,,,,,,,,,,,,
19.997,,,,,,,0,0.5261644124984741,0,0,0.09438859671354294,45786.28125,3.479921579360962,4.053958892822266,,,,
19.999,,,,0.3163032531738281,-0.973084032535553,,,,,,,,,,5.580684185028076,0.5765363574028015,-34.61477279663086,-0.06960149854421616
20.000,0.025336403399705887,-0.05234229564666748,0.998168408870697,,,9.609045028686523,,,,,,,,,,,,
20.097,,,,,,,0,0.5261644124984741,0,0,0.09438859671354294,45786.28125,3.479921579360962,4.053958892822266,,,,
20.099,,,,0.9026662111282349,-0.4230426549911499,,,,,,,,,,5.697419166564941,0.5640696287155151,-32.9559211730957,-0.10218295454978943
20.100,0.034124210476875305,-0.04620089381933212,0.9998829364776611,,,19.492937088012695,,,,,,,,,,,,
20.196,,,,,,,0,0.5261644124984741,0,0,0.09438859671354294,45786.28125,3.479921579360962,4.053958892822266,,,,
20.198,,,,-0.6980299353599548,1.244828224182129,,,,,,,,,,5.837008953094482,0.5485895276069641,-31.10173988342285,-0.13927459716796875
20.199,0.04044593498110771,-0.0397704616189003,1.0000574588775635,,,16.00897979736328,,,,,,,,,,,,
20.298,,,,,,,0,0.5261644124984741,0,0,0.09438859671354294,45786.28125,3.479921579360962,4.053958892822266,,,,
20.299,,,,0.6947290897369385,0.5268195867538452,,,,,,,,,,5.998749256134033,0.5302433967590332,-29.00799560546875,-0.1804914027452469
20.301,0.027158308774232864,-0.04662863537669182,0.9985622763633728,,,24.18194580078125,,,,,,,,,,,,
20.396,,,,,,,0,0.5261644124984741,0,0,0.09438859671354294,45786.28125,3.479921579360962,4.053958892822266,,,,
20.399,,,,0.3619486093521118,-0.8176249861717224,,,,,,,,,,6.166184902191162,0.5110388398170471,-27.410743713378906,-0.22211651504039764
20.401,0.0375896655023098,-0.03716859221458435,1.0021016597747803,,,21.269601821899414,,,,,,,,,,,,
20.496,,,,,,,0,0.5261644124984741,0,0,0.09438859671354294,45786.28125,3.479921579360962,4.053958892822266,,,,
20.498,,,,0.14292314648628235,-0.5903421640396118,,,,,,,,,,6.336298942565918,0.4912621080875397,-25.615764617919922,-0.2633294463157654
20.500,0.03167249262332916,-0.05274304747581482,0.9974467158317566,,,7.805854797363281,,,,,,,,,,,,
20.597,,,,,,,0,0.5261644124984741,0,0,0.09438859671354294,45786.28125,3.479921579360962,4.053958892822266,,,,
20.598,,,,-0.11989250779151917,-0.12058838456869125,,,,,,,,,,6.5104217529296875,0.47075414657592773,-24.806459426879883,-0.3045327365398407
20.600,0.038992274552583694,-0.03219255805015564,1.0015356540679932,,,17.9539737701416,,,,,,,,,,,,
20.696,,,,,,,0,0.5261644124984741,0,0,0.09438859671354294,45786.28125,3.479921579360962,4.053958892822266,,,,
20.698,,,,0.16361626982688904,0.2692551910877228,,,,,,,,,,6.68876314163208,0.4499376714229584,-21.973487854003906,-0.34568554162979126
20.700,0.02439430169761181,-0.061251409351825714,1.0012258291244507,,,11.139549255371094,,,,,,,,,,,,
20.797,,,,,,,0,0.5261644124984741,0,0,0.09438859671354294,45786.28125,3.479921579360962,4.053958892822266,,,,
20.798,,,,0.19935892522335052,-0.25256025791168213,,,,,,,,,,6.873199939727783,0.4277614653110504,-21.829362869262695,-0.3872412443161011
20.799,0.04346147179603577,-0.03954917564988136,1.0007292032241821,,,5.337350845336914,,,,,,,,,,,,
20.897,,,,,,,0,0.5261644124984741,0,0,0.09438859671354294,45786.28125,3.479921579360962,4.053958892822266,,,,
20.898,,,,0.3503859043121338,-0.8155654072761536,,,,,,,,,,7.060146808624268,0.40562704205513,-18.85298728942871,-0.428339421749115
20.899,0.02262509986758232,-0.04828225076198578,1.0001124143600464,,,21.522214889526367,,,,,,,,,,,,
20.997,,,,,,,0,0.5261644124984741,0,0,0.09438859671354294,45786.28125,3.479921579360962,4.053958892822266,,,,
20.999,,,,0.29528090357780457,-0.45462387800216675,,,,,,,,,,7.250883102416992,0.38287150859832764,-16.89738655090332,-0.4693439304828644
21.000,0.03156736493110657,-0.04573287442326546,0.9983057379722595,,,10.536611557006836,,,,,,,,,,,,
21.097,,,,,,,0,0.5261644124984741,0,0,0.09438859671354294,45786.28125,3.479921579360962,4.053958892822266,,,,
21.098,,,,0.3802805244922638,0.7215859889984131,,,,,,,,,,7.445927143096924,0.359507292509079,-14.922845840454102,-0.5103877782821655
21.100,0.03487840294837952,-0.027193035930395126,0.9962249994277954,,,44.10421371459961,,,,,,,,,,,,
21.196,,,,,,,0,0.5261644124984741,0,0,0.09438859671354294,45786.28125,3.479921579360962,4.053958892822266,,,,
21.199,,,,1.8031747341156006,-0.719893753528595,,,,,,,,,,7.647509574890137,0.33537396788597107,-12.089568138122559,-0.551832914352417
21.200,0.02483607456088066,-0.031775083392858505,0.997241735458374,,,33.85292053222656,,,,,,,,,,,,
21.297,,,,,,,0,0.5261644124984741,0,0,0.09438859671354294,45786.28125,3.479921579360962,4.053958892822266,,,,
21.298,,,,-1.2236641645431519,0.10286352783441544,,,,,,,,,,7.850979804992676,0.31102243065834045,-8.447460174560547,-0.5928592085838318
21.300,0.005690110381692648,-0.06959441304206848,0.9988206624984741,,,31.520660400390625,,,,,,,,,,,,
21.396,,,,,,,0,0.5261644124984741,0,0,0.09438859671354294,45786.28125,3.479921579360962,4.053958892822266,,,,
21.398,,,,0.06282909214496613,-0.9092134833335876,,,,,,,,,,8.058944702148438,0.2858545184135437,-6.567304611206055,-0.6337949633598328
21.399,0.05141511559486389,-0.049780964851379395,0.9979320168495178,,,15.239943504333496,,,,,,,,,,,,
21.497,,,,,,,0,0.5261644124984741,0,0,0.09438859671354294,45786.28125,3.479921579360962,4.053958892822266,,,,
21.498,,,,0.7805513739585876,-1.4762979745864868,,,,,,,,,,8.271456718444824,0.2601369321346283,-5.1236772537231445,-0.6747317910194397
21.499,0.025445260107517242,-0.04880252853035927,0.9997013211250305,,,17.31449317932129,,,,,,,,,,,,
21.596,,,,,,,0,0.5261644124984741,0,0,0.09438859671354294,45786.28125,3.479921579360962,4.053958892822266,,,,
21.598,,,,1.437841534614563,-1.1008340120315552,,,,,,,,,,8.57219123840332,0.29157909750938416,-3.461890697479248,-0.7480713725090027
21.599,0.035830818116664886,-0.0418718047440052,1.0006203651428223,,,25.029922485351562,,,,,,,,,,,,
21.697,,,,,,,0,0.5261644124984741,0,0,0.09438859671354294,45786.28125,3.479921579360962,4.053958892822266,,,,
21.698,,,,1.109112024307251,-1.0741342306137085,,,,,,,,,,8.758034706115723,0.2769239842891693,-0.8345218300819397,-0.7821729183197021
21.699,0.03817792981863022,-0.0535450205206871,0.9960147142410278,,,31.07720947265625,,,,,,,,,,,,
21.796,,,,,,,0,0.5261644124984741,0,0,0.09438859671354294,45786.28125,3.479921579360962,4.053958892822266,,,,
21.797,,,,1.2734951972961426,-2.283559799194336,,,,,,,,,,8.985353469848633,0.25840598344802856,2.0124783515930176,-0.82442307472229
21.798,0.023699792101979256,-0.06031613424420357,1.0014474391937256,,,30.714609146118164,,,,,,,,,,,,
21.898,,,,,,,0,0.5261644124984741,0,0,0.09438859671354294,45786.28125,3.479921579360962,4.053958892822266,,,,
21.899,,,,0.5239543914794922,-1.4350353479385376,,,,,,,,,,9.193904876708984,0.2419726699590683,5.163189888000488,-0.8624064922332764
21.901,0.014920128509402275,-0.07283784449100494,0.9989973306655884,,,32.256168365478516,,,,,,,,,,,,
21.998,,,,,,,0,0.5261644124984741,0,0,0.09438859671354294,45786.28125,3.479921579360962,4.053958892822266,,,,
21.999,,,,0.512811005115509,-0.10358458757400513,,,,,,,,,,8.697883605957031,0.2453417330980301,6.4713945388793945,-0.9389240145683289
22.001,0.026630615815520287,-0.05603606998920441,0.9987515211105347,,,4.324606418609619,,,,,,,,,,,,
22.096,,,,,,,0,0.5261644124984741,0,0,0.09438859671354294,45786.28125,3.479921579360962,4.053958892822266,,,,
22.097,,,,0.15276148915290833,-0.17753393948078156,,,,,,,,,,8.68341064453125,0.2503856122493744,6.194814205169678,-0.935964822769165
22.098,0.03481566905975342,-0.052936434745788574,1.0003211498260498,,,0.5692416429519653,,,,,,,,,,,,
22.195,,,,,,,0,0.5261644124984741,0,0,0.09438859671354294,45786.28125,3.479921579360962,4.053958892822266,,,,
22.197,,,,0.031238652765750885,0.0015675800386816263,,,,,,,,,,8.878607749938965,0.23294904828071594,6.192966461181641,-0.9856438040733337
22.198,0.033588707447052,-0.052262380719184875,0.9987296462059021,,,-1.341628909111023,,,,,,,,,,,,
22.295,,,,,,,0,0.5261644124984741,0,0,0.09438859671354294,45786.28125,3.479921579360962,4.053958892822266,,,,
22.297,,,,-0.3797708749771118,0.4624241888523102,,,,,,,,,,8.900097846984863,0.22691166400909424,5.785889625549316,-0.9982370734214783
22.298,0.02203204110264778,-0.055448852479457855,0.9966633915901184,,,-7.339244842529297,,,,,,,,,,,,
22.396,,,,,,,0,0.5261644124984741,0,0,0.09438859671354294,45786.28125,3.479921579360962,4.053958892822266,,,,
22.398,,,,-0.03502185270190239,0.22358573973178864,,,,,,,,,,9.090757369995117,0.20801934599876404,5.603446006774902,-1.0487064123153687
22.399,0.030976084992289543,-0.05329294130206108,0.9995375275611877,,,-0.2286905199289322,,,,,,,,,,,,
22.496,,,,,,,0,0.5261644124984741,0,0,0.09438859671354294,45786.28125,3.479921579360962,4.053958892822266,,,,
22.497,,,,-0.22475740313529968,0.12599152326583862,,,,,,,,,,9.13010311126709,0.19990228116512299,5.515234470367432,-1.0649470090866089
22.499,0.03459347411990166,-0.04540237411856651,0.9990546107292175,,,0.059720683842897415,,,,,,,,,,,,
22.596,,,,,,,0,0.5261644124984741,0,0,0.09438859671354294,45786.28125,3.479921579360962,4.053958892822266,,,,
22.597,,,,-0.11144810169935226,0.07660048454999924,,,,,,,,,,9.056795120239258,0.20716892182826996,5.290072917938232,-1.0460494756698608
22.598,0.03293402120471001,-0.046549901366233826,0.9990928173065186,,,0.03686709329485893,,,,,,,,,,,,
22.697,,,,,,,0,0.5261644124984741,0,0,0.09438859671354294,45786.28125,3.479921579360962,4.053958892822266,,,,
22.698,,,,-0.021127406507730484,-0.010672032833099365,,,,,,,,,,9.059638023376465,0.2066846787929535,5.217533111572266,-1.0465097427368164
22.700,0.03367391601204872,-0.04891444742679596,0.9988818764686584,,,-0.3537355065345764,,,,,,,,,,,,
22.795,,,,,,,0,0.5261644124984741,0,0,0.09438859671354294,45786.28125,3.479921579360962,4.053958892822266,,,,
22.797,,,,-0.22470812499523163,-0.1499607115983963,,,,,,,,,,9.042167663574219,0.2081565111875534,5.103159427642822,-1.0417003631591797
22.798,0.035054970532655716,-0.044075045734643936,0.999602198600769,,,0.021038630977272987,,,,,,,,,,,,
22.896,,,,,,,0,0.5261644124984741,0,0,0.09438859671354294,45786.28125,3.479921579360962,4.053958892822266,,,,
22.898,,,,-0.2785016596317291,0.2666419446468353,,,,,,,,,,9.017449378967285,0.2107224464416504,5.040192127227783,-1.0347979068756104
22.899,0.03053188882768154,-0.04822539538145065,0.9985565543174744,,,-9.119378089904785,,,,,,,,,,,,
22.994,,,,,,,0,0.5261644124984741,0,0,0.09438859671354294,45786.28125,3.479921579360962,4.053958892822266,,,,
22.998,,,,-0.39739346504211426,0.7134009003639221,,,,,,,,,,8.974935531616211,0.21493661403656006,4.308600425720215,-1.023195743560791
22.999,0.030950672924518585,-0.05126597732305527,0.9985217452049255,,,-4.399734973907471,,,,,,,,,,,,
23.095,,,,,,,0,0.5261644124984741,0,0,0.09438859671354294,45786.28125,3.479921579360962,4.053958892822266,,,,
23.096,,,,0.05329197272658348,-0.31911924481391907,,,,,,,,,,9.026151657104492,0.20924696326255798,4.185277462005615,-1.0371719598770142
23.097,0.03324643895030022,-0.04607704281806946,1.0007981061935425,,,-0.15707314014434814,,,,,,,,,,,,
23.195,,,,,,,0,0.5261644124984741,0,0,0.09438859671354294,45786.28125,3.479921579360962,4.053958892822266,,,,
23.196,,,,-0.12455269694328308,1.0389195680618286,,,,,,,,,,8.852754592895508,0.2280631959438324,3.8176474571228027,-0.9898216724395752
23.197,0.026857919991016388,-0.04634685069322586,0.9982624053955078,,,-12.802727699279785,,,,,,,,,,,,
23.294,,,,,,,0,0.5261644124984741,0,0,0.09438859671354294,45786.28125,3.479921579360962,4.053958892822266,,,,
23.297,,,,-0.017420770600438118,0.07461744546890259,,,,,,,,,,8.887187957763672,0.22375570237636566,2.979477882385254,-0.9990249872207642
23.298,0.02559780329465866,-0.04872842878103256,1.0015116930007935,,,-10.830288887023926,,,,,,,,,,,,
23.394,,,,,,,0,0.5261644124984741,0,0,0.09438859671354294,45786.28125,3.479921579360962,4.053958892822266,,,,
23.396,,,,-0.3118697702884674,0.35454022884368896,,,,,,,,,,8.80136489868164,0.23299150168895721,2.6075356006622314,-0.9754266142845154
23.398,0.0369127094745636,-0.049881525337696075,1.0000646114349365,,,-3.064288377761841,,,,,,,,,,,,
23.494,,,,,,,0,0.5261644124984741,0,0,0.09438859671354294,45786.28125,3.479921579360962,4.053958892822266,,,,
23.496,,,,0.07688990235328674,-0.561305582523346,,,,,,,,,,8.935611724853516,0.21759818494319916,2.2555737495422363,-1.01205575466156
23.497,0.04098409786820412,-0.05712500587105751,0.9987202286720276,,,-7.000624656677246,,,,,,,,,,,,
23.594,,,,,,,0,0.5261644124984741,0,0,0.09438859671354294,45786.28125,3.479921579360962,4.053958892822266,,,,
23.596,,,,0.2454354166984558,0.8817394971847534,,,,,,,,,,9.070960998535156,0.20166267454624176,0.6690417528152466,-1.048614740371704
23.597,0.029249029234051704,-0.051371242851018906,0.9954736232757568,,,-15.74393081665039,,,,,,,,,,,,
23.694,,,,,,,0,0.5261644124984741,0,0,0.09438859671354294,45786.28125,3.479921579360962,4.053958892822266,,,,
23.696,,,,-0.2506837248802185,-4.220041751861572,,,,,,,,,,9.0773344039917,0.20135684311389923,-1.9270267486572266,-1.0532795190811157
23.697,0.04058938845992088,-0.037083446979522705,1.0006375312805176,,,-26.96874237060547,,,,,,,,,,,,
23.795,,,,,,,0,0.5261644124984741,0,0,0.09438859671354294,45786.28125,3.479921579360962,4.053958892822266,,,,
23.796,,,,-0.3673144578933716,-1.2526774406433105,,,,,,,,,,9.091389656066895,0.19895215332508087,-5.886331081390381,-1.0575921535491943
23.797,0.020350685343146324,-0.016880489885807037,1.0049811601638794,,,-7.054327011108398,,,,,,,,,,,,
23.894,,,,,,,0,0.5261644124984741,0,0,0.09438859671354294,45786.28125,3.479921579360962,4.053958892822266,,,,
23.897,,,,-0.9103214740753174,2.2788259983062744,,,,,,,,,,9.219907760620117,0.18315528333187103,-10.314677238464355,-1.092561960220337
23.898,0.01877189800143242,-0.06694184988737106,0.9999362826347351,,,-64.19844818115234,,,,,,,,,,,,
23.994,,,,,,,0,0.5261644124984741,0,0,0.09438859671354294,45786.28125,3.479921579360962,4.053958892822266,,,,
23.996,,,,-2.8170788288116455,4.201835632324219,,,,,,,,,,9.217637062072754,0.18169942498207092,-14.21277141571045,-1.092576503753662
23.997,0.041499312967061996,-0.037538833916187286,0.9989461898803711,,,-25.85585594177246,,,,,,,,,,,,
24.095,,,,,,,0,0.5261644124984741,0,0,0.09438859671354294,45786.28125,3.479921579360962,4.053958892822266,,,,
24.096,,,,-0.11218196898698807,0.8474417924880981,,,,,,,,,,9.344772338867188,0.16588670015335083,-16.183067321777344,-1.126788854598999
24.098,0.02844478376209736,-0.052130382508039474,0.9997172951698303,,,-17.048175811767578,,,,,,,,,,,,
24.194,,,,,,,0,0.5261644124984741,0,0,0.09438859671354294,45786.28125,3.479921579360962,4.053958892822266,,,,
24.196,,,,-0.9397265911102295,0.8932876586914062,,,,,,,,,,9.470837593078613,0.14951317012310028,-19.026775360107422,-1.1605099439620972
24.197,0.06531605869531631,-0.018330486491322517,0.9993210434913635,,,-24.258821487426758,,,,,,,,,,,,
24.295,,,,,,,0,0.5261644124984741,0,0,0.09438859671354294,45786.28125,3.479921579360962,4.053958892822266,,,,
24.297,,,,-0.7633152604103088,1.0703610181808472,,,,,,,,,,9.597789764404297,0.1328735649585724,-21.398683547973633,-1.194115400314331
24.299,0.0300609041005373,-0.0547524131834507,0.999231219291687,,,-19.904281616210938,,,,,,,,,,,,
24.394,,,,,,,0,0.5261644124984741,0,0,0.09438859671354294,45786.28125,3.479921579360962,4.053958892822266,,,,
24.396,,,,-1.2105857133865356,1.9285413026809692,,,,,,,,,,9.725076675415039,0.11565952748060226,-24.18667221069336,-1.227632761001587
24.397,0.017948659136891365,-0.06781556457281113,0.9931989312171936,,,-31.81858253479004,,,,,,,,,,,,
24.494,,,,,,,0,0.5261644124984741,0,0,0.09438859671354294,45786.28125,3.479921579360962,4.053958892822266,,,,
24.495,,,,-2.7724215984344482,3.2994496822357178,,,,,,,,,,9.854039192199707,0.09772077947854996,-28.386951446533203,-1.2612521648406982
24.496,0.06487133353948593,-0.04491240903735161,1.0022262334823608,,,-43.54033279418945,,,,,,,,,,,,
24.594,,,,,,,0,0.5261644124984741,0,0,0.09438859671354294,45786.28125,3.479921579360962,4.053958892822266,,,,
24.596,,,,1.6054314374923706,0.9837470650672913,,,,,,,,,,8.949885368347168,3.9068498611450195,-25.500810623168945,-3.0046019554138184
24.597,0.009048587642610073,-0.07198744267225266,0.9995532631874084,,,-57.50662612915039,,,,,,,,,,,,
24.694,,,,,,,0,0.5261644124984741,0,0,0.09438859671354294,45786.28125,3.479921579360962,4.053958892822266,,,,
24.695,,,,-3.366903305053711,9.3047513961792,,,,,,,,,,8.688730239868164,4.457668781280518,-30.432682037353516,-3.5954267978668213
24.697,0.03209323063492775,-0.05808672308921814,0.9921066761016846,,,-61.936065673828125,,,,,,,,,,,,
24.793,,,,,,,0,0.5261644124984741,0,0,0.09438859671354294,45786.28125,3.479921579360962,4.053958892822266,,,,
24.795,,,,-0.5837414264678955,0.7246677875518799,,,,,,,,,,8.421703338623047,5.065080165863037,-35.99539566040039,-4.204192161560059
24.796,0.026629257947206497,-0.05075538158416748,0.9931380152702332,,,-32.917816162109375,,,,,,,,,,,,
24.893,,,,,,,0,0.5261644124984741,0,0,0.09438859671354294,45786.28125,3.479921579360962,4.053958892822266,,,,
24.895,,,,-0.05478991940617561,0.33776724338531494,,,,,,,,,,0.0013915349263697863,-0.001384880393743515,-1.6244697570800781,1.1607911801547743e-05
24.896,0.03278500214219093,-0.046667683869600296,0.9974506497383118,,,0.5843840837478638,,,,,,,,,,,,
24.993,,,,,,,0,0.5261644124984741,0,0,0.09438859671354294,45786.28125,3.479921579360962,4.053958892822266,,,,
24.995,,,,-7.101954936981201,8.465251922607422,,,,,,,,,,0.9831961989402771,1.096243977546692,-29.4273624420166,1.1874397993087769
24.996,0.05312005802989006,-0.03422688692808151,0.9949880838394165,,,-5.189986228942871,,,,,,,,,,,,
25.094,,,,,,,0,0.5261644124984741,0,0,0.09438859671354294,45786.28125,3.479921579360962,4.053958892822266,,,,
25.096,,,,0.05317431315779686,1.0324501991271973,,,,,,,,,,0.9928765892982483,1.0782452821731567,-32.474971771240234,1.2091659307479858
25.097,0.06364846229553223,-0.05043681710958481,0.9979885816574097,,,-22.929216384887695,,,,,,,,,,,,
25.194,,,,,,,0,0.5261644124984741,0,0,0.09438859671354294,45786.28125,3.479921579360962,4.053958892822266,,,,
25.195,,,,-2.3745672702789307,3.22135853767395,,,,,,,,,,1.0050517320632935,1.0657055377960205,-36.31089782714844,1.2224442958831787
25.196,0.056108180433511734,-0.04558173939585686,0.9949171543121338,,,-13.07444953918457,,,,,,,,,,,,
25.294,,,,,,,0,0.5261644124984741,0,0,0.09438859671354294,45786.28125,3.479921579360962,4.053958892822266,,,,
25.295,,,,-2.784905195236206,8.609606742858887,,,,,,,,,,1.0175514221191406,1.0426836013793945,-37.30644989013672,1.2353678941726685
25.297,-0.012577790766954422,-0.13669200241565704,0.998770534992218,,,23.049104690551758,,,,,,,,,,,,
25.393,,,,,,,0,0.5261644124984741,0,0,0.09438859671354294,45786.28125,3.479921579360962,4.053958892822266,,,,
25.395,,,,0.2944721579551697,-2.446942090988159,,,,,,,,,,1.0324143171310425,1.0145230293273926,-36.3034782409668,1.2484139204025269
25.396,0.042337339371442795,-0.08116430789232254,0.9965582489967346,,,34.45378494262695,,,,,,,,,,,,
25.494,,,,,,,0,0.5261644124984741,0,0,0.09438859671354294,45786.28125,3.479921579360962,4.053958892822266,,,,
25.496,,,,2.3812623023986816,-1.5016796588897705,,,,,,,,,,1.050277590751648,0.9819878935813904,-34.80241394042969,1.2612394094467163
25.497,0.05573127046227455,-0.041321441531181335,1.0173842906951904,,,2.264103412628174,,,,,,,,,,,,
25.593,,,,,,,0,0.5261644124984741,0,0,0.09438859671354294,45786.28125,3.479921579360962,4.053958892822266,,,,
25.595,,,,0.3058185577392578,-13.896827697753906,,,,,,,,,,1.0708224773406982,0.9455863237380981,-36.314453125,1.274206280708313
25.596,0.0566924549639225,-0.05354554206132889,1.0145034790039062,,,-9.580754280090332,,,,,,,,,,,,
25.693,,,,,,,0,0.5261644124984741,0,0,0.09438859671354294,45786.28125,3.479921579360962,4.053958892822266,,,,
25.694,,,,0.4966062307357788,-20.808231353759766,,,,,,,,,,1.0254595279693604,1.0916377305984497,-38.98347473144531,1.2650808095932007
25.696,0.07078658789396286,-0.046779509633779526,0.9961771965026855,,,-14.430163383483887,,,,,,,,,,,,
25.793,,,,,,,0,0.5261644124984741,0,0,0.09438859671354294,45786.28125,3.479921579360962,4.053958892822266,,,,
25.795,,,,0.4231703579425812,-23.29818344116211,,,,,,,,,,1.0230659246444702,1.0949853658676147,-41.65164566040039,1.266552209854126
25.796,0.11186979711055756,-0.04623326659202576,0.993049681186676,,,0.17323172092437744,,,,,,,,,,,,
25.892,,,,,,,0,0.5261644124984741,0,0,0.09438859671354294,45786.28125,3.479921579360962,4.053958892822266,,,,
25.895,,,,-0.24721142649650574,-12.582376480102539,,,,,,,,,,0.9525168538093567,1.090591549873352,-45.77821350097656,1.2251086235046387
25.896,0.13111995160579681,-0.03773228079080582,0.9975292682647705,,,-8.93459701538086,,,,,,,,,,,,
25.993,,,,,,,0,0.5261644124984741,0,0,0.09438859671354294,45786.28125,3.479921579360962,4.053958892822266,,,,
25.994,,,,-1.6752839088439941,-7.760046005249023,,,,,,,,,,0.9933968186378479,1.0876762866973877,-48.33606719970703,1.2117737531661987
25.995,0.16080932319164276,-0.07350737601518631,0.9871052503585815,,,-10.528084754943848,,,,,,,,,,,,
26.093,,,,,,,0,0.5261644124984741,0,0,0.09438859671354294,45786.28125,3.479921579360962,4.053958892822266,,,,
26.095,,,,26.897109985351562,12.658663749694824,,,,,,,,,,0.9930475354194641,1.0908708572387695,-49.59017562866211,1.2086831331253052
26.096,0.21663673222064972,-0.05767073482275009,0.9789884686470032,,,-19.39179229736328,,,,,,,,,,,,
26.193,,,,,,,0,0.5261644124984741,0,0,0.09438859671354294,45786.28125,3.479921579360962,4.053958892822266,,,,
26.194,,,,57.35292053222656,17.87223243713379,,,,,,,,,,1.1360771656036377,1.0671311616897583,-51.10517883300781,1.1749908924102783
26.196,0.14923915266990662,0.05876889452338219,0.9944997429847717,,,1.971670150756836,,,,,,,,,,,,
26.292,,,,,,,0,0.5261644124984741,0,0,0.09438859671354294,45786.28125,3.479921579360962,4.053958892822266,,,,
26.294,,,,-5.538602828979492,-40.565643310546875,,,,,,,,,,1.1797127723693848,1.0592232942581177,-50.87997055053711,1.1634758710861206
26.295,0.14151839911937714,0.13452494144439697,1.0461554527282715,,,-12.644057273864746,,,,,,,,,,,,
26.392,,,,,,,0,0.5261644124984741,0,0,0.09438859671354294,45786.28125,3.479921579360962,4.053958892822266,,,,
26.394,,,,-6.53672456741333,24.381996154785156,,,,,,,,,,1.2629611492156982,1.050431489944458,-51.75905990600586,1.1439859867095947
26.396,0.17380394041538239,0.04174376651644707,1.0078891515731812,,,-1.5606460571289062,,,,,,,,,,,,
26.493,,,,,,,0,0.5261644124984741,0,0,0.09438859671354294,45786.28125,3.479921579360962,4.053958892822266,,,,
26.494,,,,1.2257674932479858,-2.343470573425293,,,,,,,,,,1.3828394412994385,1.0370982885360718,-51.9443473815918,1.1148147583007812
26.495,0.10124573856592178,0.04818897694349289,0.94509357213974,,,-0.5788933634757996,,,,,,,,,,,,
26.593,,,,,,,0,0.5261644124984741,0,0,0.09438859671354294,45786.28125,3.479921579360962,4.053958892822266,,,,
26.595,,,,3.1506547927856445,-9.021086692810059,,,,,,,,,,1.513879656791687,1.0234754085540771,-52.291290283203125,1.0800243616104126
26.596,0.11726927757263184,0.07065064460039139,0.9934818148612976,,,0.6544977426528931,,,,,,,,,,,,
26.693,,,,,,,0,0.5261644124984741,0,0,0.09438859671354294,45786.28125,3.479921579360962,4.053958892822266,,,,
26.694,,,,8.307329177856445,-8.90855598449707,,,,,,,,,,1.5633318424224854,1.017962098121643,-52.452720642089844,1.0696262121200562
26.695,0.08070328086614609,0.08042691648006439,0.9664002060890198,,,1.71172297000885,,,,,,,,,,,,
26.793,,,,,,,0,0.5261644124984741,0,0,0.09438859671354294,45786.28125,3.479921579360962,4.053958892822266,,,,
26.794,,,,-4.079222202301025,-12.57998275756836,,,,,,,,,,1.6138404607772827,1.0127770900726318,-52.67130661010742,1.0591328144073486
26.796,0.12271016836166382,0.08536283671855927,1.0038542747497559,,,-3.4509494304656982,,,,,,,,,,,,
26.892,,,,,,,0,0.5261644124984741,0,0,0.09438859671354294,45786.28125,3.479921579360962,4.053958892822266,,,,
26.894,,,,2.9368858337402344,2.573345422744751,,,,,,,,,,1.6660979986190796,1.0067590475082397,-52.95777130126953,1.0499565601348877
26.895,0.11635981500148773,0.056320346891880035,0.984239935874939,,,1.7773486375808716,,,,,,,,,,,,
26.993,,,,,,,0,0.5261644124984741,0,0,0.09438859671354294,45786.28125,3.479921579360962,4.053958892822266,,,,
26.994,,,,-3.2090659141540527,-7.501812934875488,,,,,,,,,,1.7205668687820435,0.999721109867096,-52.9036865234375,1.040224552154541
26.996,0.09543778747320175,0.05798706039786339,0.9844025373458862,,,4.0694146156311035,,,,,,,,,,,,
27.092,,,,,,,0,0.5261644124984741,0,0,0.09438859671354294,45786.28125,3.479921579360962,4.053958892822266,,,,
27.094,,,,1.688144326210022,-1.6028711795806885,,,,,,,,,,1.889743685722351,0.9857585430145264,-52.95059585571289,0.9905696511268616
27.095,0.12768897414207458,0.047964610159397125,0.9789108633995056,,,0.9213036298751831,,,,,,,,,,,,
27.192,,,,,,,0,0.5261644124984741,0,0,0.09438859671354294,45786.28125,3.479921579360962,4.053958892822266,,,,
27.193,,,,-0.8099650144577026,4.627043724060059,,,,,,,,,,1.957491397857666,0.9780855178833008,-52.84239196777344,0.9752773642539978
27.195,0.1083020269870758,0.05062083899974823,0.9496147632598877,,,0.8949238061904907,,,,,,,,,,,,
27.292,,,,,,,0,0.5261644124984741,0,0,0.09438859671354294,45786.28125,3.479921579360962,4.053958892822266,,,,
27.293,,,,-7.346952438354492,12.000744819641113,,,,,,,,,,2.0588724613189697,0.9675189256668091,-52.60390853881836,0.9491729736328125
27.295,0.10483691096305847,0.04034947231411934,0.9817818999290466,,,2.5824427604675293,,,,,,,,,,,,
27.392,,,,,,,0,0.5261644124984741,0,0,0.09438859671354294,45786.28125,3.479921579360962,4.053958892822266,,,,
27.393,,,,-5.593262672424316,10.967219352722168,,,,,,,,,,2.1337978839874268,0.9597002267837524,-52.733673095703125,0.9322038292884827
27.395,0.12270399183034897,0.03170980513095856,0.9901048541069031,,,-2.7082347869873047,,,,,,,,,,,,
27.492,,,,,,,0,0.5261644124984741,0,0,0.09438859671354294,45786.28125,3.479921579360962,4.053958892822266,,,,
27.494,,,,-6.578772068023682,-1.2620471715927124,,,,,,,,,,2.2102210521698,0.9514603018760681,-52.64424133300781,0.9150144457817078
27.495,0.11792260408401489,0.020218156278133392,1.0116524696350098,,,-0.6340169906616211,,,,,,,,,,,,
27.592,,,,,,,0,0.5261644124984741,0,0,0.09438859671354294,45786.28125,3.479921579360962,4.053958892822266,,,,
27.593,,,,-0.9763501286506653,5.302666187286377,,,,,,,,,,2.321850061416626,0.9386230707168579,-52.52766799926758,0.8821497559547424
27.595,0.11603667587041855,0.02626059204339981,1.0213823318481445,,,1.8947741985321045,,,,,,,,,,,,
27.691,,,,,,,0,0.5261644124984741,0,0,0.09438859671354294,45786.28125,3.479921579360962,4.053958892822266,,,,
27.693,,,,1.3173253536224365,-4.2732768058776855,,,,,,,,,,2.4392387866973877,0.9256895184516907,-52.45148468017578,0.8522409200668335
27.694,0.09722696244716644,0.031021079048514366,0.9919773936271667,,,-1.5920690298080444,,,,,,,,,,,,
27.792,,,,,,,0,0.5261644124984741,0,0,0.09438859671354294,45786.28125,3.479921579360962,4.053958892822266,,,,
27.793,,,,0.5731118321418762,1.1228666305541992,,,,,,,,,,2.5548465251922607,0.9133824110031128,-52.03787612915039,0.8230980634689331
27.794,0.12103685736656189,0.018773438408970833,1.0106229782104492,,,0.6120162606239319,,,,,,,,,,,,
27.892,,,,,,,0,0.5261644124984741,0,0,0.09438859671354294,45786.28125,3.479921579360962,4.053958892822266,,,,
27.894,,,,6.661445617675781,-5.938744068145752,,,,,,,,,,2.6767165660858154,0.9007123708724976,-51.237308502197266,0.7930953502655029
27.895,0.08628599345684052,0.026567641645669937,0.9847694039344788,,,2.2147316932678223,,,,,,,,,,,,
27.991,,,,,,,0,0.5261644124984741,0,0,0.09438859671354294,45786.28125,3.479921579360962,4.053958892822266,,,,
27.993,,,,0.5503013730049133,1.787040114402771,,,,,,,,,,2.773085355758667,0.8908470869064331,-51.21062469482422,0.7721524238586426
27.994,0.08224683254957199,0.019864290952682495,0.9663519859313965,,,1.6086606979370117,,,,,,,,,,,,
28.091,,,,,,,0,0.5261644124984741,0,0,0.09438859671354294,45786.28125,3.479921579360962,4.053958892822266,,,,
28.093,,,,0.7634469270706177,8.526650428771973,,,,,,,,,,2.851963996887207,0.8801565170288086,-51.44671630859375,0.7516125440597534
28.094,0.05601867288351059,0.014829510822892189,0.9627726078033447,,,1.7604275941848755,,,,,,,,,,,,
28.191,,,,,,,0,0.5261644124984741,0,0,0.09438859671354294,45786.28125,3.479921579360962,4.053958892822266,,,,
28.193,,,,-4.563750267028809,11.272581100463867,,,,,,,,,,2.9351229667663574,0.8704836368560791,-51.90393829345703,0.7323307394981384
28.194,0.07070226222276688,0.010719754733145237,0.9903627038002014,,,0.626291811466217,,,,,,,,,,,,
28.291,,,,,,,0,0.5261644124984741,0,0,0.09438859671354294,45786.28125,3.479921579360962,4.053958892822266,,,,
28.294,,,,-2.239553213119507,17.74361228942871,,,,,,,,,,3.0114376544952393,0.8622668385505676,-52.15350341796875,0.7161266207695007
28.295,0.044096656143665314,0.011108318343758583,0.967271625995636,,,-1.3101370334625244,,,,,,,,,,,,
28.392,,,,,,,0,0.5261644124984741,0,0,0.09438859671354294,45786.28125,3.479921579360962,4.053958892822266,,,,
28.394,,,,-4.801864147186279,-0.2822245955467224,,,,,,,,,,3.0764882564544678,0.8556414842605591,-52.451168060302734,0.7009195685386658
28.395,0.051993705332279205,0.014009321108460426,0.9798510074615479,,,-2.2261078357696533,,,,,,,,,,,,
28.491,,,,,,,0,0.5261644124984741,0,0,0.09438859671354294,45786.28125,3.479921579360962,4.053958892822266,,,,
28.492,,,,1.2545762062072754,11.649173736572266,,,,,,,,,,3.1790544986724854,0.8441011905670166,-52.51820373535156,0.6769243478775024
28.494,0.041416965425014496,0.014992037788033485,1.0031797885894775,,,4.775514125823975,,,,,,,,,,,,
28.592,,,,,,,0,0.5261644124984741,0,0,0.09438859671354294,45786.28125,3.479921579360962,4.053958892822266,,,,
28.593,,,,3.8294501304626465,3.1146984100341797,,,,,,,,,,3.2135770320892334,0.8401744365692139,-52.496822357177734,0.6672689318656921
28.594,0.04035799950361252,0.011609614826738834,1.0234662294387817,,,0.781696617603302,,,,,,,,,,,,
28.690,,,,,,,0,0.5261644124984741,0,0,0.09438859671354294,45786.28125,3.479921579360962,4.053958892822266,,,,
28.693,,,,3.924436092376709,-0.5597561597824097,,,,,,,,,,3.2817180156707764,0.8325682282447815,-52.77338409423828,0.6517757177352905
28.695,0.01838967390358448,0.025930769741535187,1.0149919986724854,,,-5.306472301483154,,,,,,,,,,,,
28.791,,,,,,,0,0.5261644124984741,0,0,0.09438859671354294,45786.28125,3.479921579360962,4.053958892822266,,,,
28.793,,,,6.772592544555664,-2.401411533355713,,,,,,,,,,3.384885787963867,0.8209897875785828,-52.90888214111328,0.6292368173599243
28.794,0.019488776102662086,0.01651133969426155,1.0419321060180664,,,-0.8921099901199341,,,,,,,,,,,,
28.891,,,,,,,0,0.5261644124984741,0,0,0.09438859671354294,45786.28125,3.479921579360962,4.053958892822266,,,,
28.892,,,,7.211299896240234,6.373024940490723,,,,,,,,,,3.490194797515869,0.8092819452285767,-53.028690338134766,0.6083958148956299
28.894,0.00761887151747942,0.036827828735113144,1.0438624620437622,,,-2.9956207275390625,,,,,,,,,,,,
28.991,,,,,,,0,0.5261644124984741,0,0,0.09438859671354294,45786.28125,3.479921579360962,4.053958892822266,,,,
28.992,,,,12.693650245666504,9.47302532196045,,,,,,,,,,3.5981388092041016,0.7974711060523987,-53.345481872558594,0.5901488065719604
28.993,-0.012361367233097553,0.03979768604040146,0.9954020977020264,,,0.7793225049972534,,,,,,,,,,,,
29.091,,,,,,,0,0.5261644124984741,0,0,0.09438859671354294,45786.28125,3.479921579360962,4.053958892822266,,,,
29.093,,,,2.0388169288635254,4.734266757965088,,,,,,,,,,3.7097389698028564,0.7849394083023071,-53.48719024658203,0.5723748207092285
29.094,-0.027122780680656433,0.05104850232601166,0.9815300107002258,,,-1.8314166069030762,,,,,,,,,,,,
29.190,,,,,,,0,0.5261644124984741,0,0,0.09438859671354294,45786.28125,3.479921579360962,4.053958892822266,,,,
29.192,,,,8.821392059326172,5.902985095977783,,,,,,,,,,3.638197660446167,0.796353280544281,-54.186641693115234,0.5871473550796509
29.193,-0.00342008750885725,0.02111833728849888,1.0134940147399902,,,2.059101104736328,,,,,,,,,,,,
29.291,,,,,,,0,0.5261644124984741,0,0,0.09438859671354294,45786.28125,3.479921579360962,4.053958892822266,,,,
29.292,,,,-4.31445837020874,-0.10356985032558441,,,,,,,,,,3.6594955921173096,0.7933855652809143,-54.16571044921875,0.590277910232544
29.293,-0.02636726014316082,0.05590779706835747,1.019204020500183,,,-1.7772109508514404,,,,,,,,,,,,
29.391,,,,,,,0,0.5261644124984741,0,0,0.09438859671354294,45786.28125,3.479921579360962,4.053958892822266,,,,
29.392,,,,3.7582199573516846,-10.05592155456543,,,,,,,,,,3.6710360050201416,0.7921238541603088,-54.28617477416992,0.5989564657211304
29.394,-0.03660827502608299,0.05013614892959595,1.0117831230163574,,,-0.004390880465507507,,,,,,,,,,,,
29.490,,,,,,,0,0.5261644124984741,0,0,0.09438859671354294,45786.28125,3.479921579360962,4.053958892822266,,,,
29.492,,,,-2.8424341678619385,-4.116189956665039,,,,,,,,,,3.7342584133148193,0.7839126586914062,-54.89311599731445,0.5977092981338501
29.494,-0.04335661232471466,0.033297162503004074,0.997920572757721,,,-5.186967849731445,,,,,,,,,,,,
29.591,,,,,,,0,0.5261644124984741,0,0,0.09438859671354294,45786.28125,3.479921579360962,4.053958892822266,,,,
29.592,,,,-15.806621551513672,-5.172860622406006,,,,,,,,,,3.793259859085083,0.7771422266960144,-55.698631286621094,0.6011080741882324
29.593,-0.050612542778253555,0.0348580963909626,1.0300978422164917,,,-8.796996116638184,,,,,,,,,,,,
29.690,,,,,,,0,0.5261644124984741,0,0,0.09438859671354294,45786.28125,3.479921579360962,4.053958892822266,,,,
29.691,,,,-19.49890899658203,12.539042472839355,,,,,,,,,,3.7787606716156006,0.7802489399909973,-57.14630889892578,0.6294921040534973
29.693,-0.02318480797111988,0.010664831846952438,0.9792498350143433,,,-5.848177433013916,,,,,,,,,,,,
29.790,,,,,,,0,0.5261644124984741,0,0,0.09438859671354294,45786.28125,3.479921579360962,4.053958892822266,,,,
29.792,,,,-8.822914123535156,20.587068557739258,,,,,,,,,,3.755356788635254,0.7825160026550293,-58.591880798339844,0.6609927415847778
29.793,-0.01033536996692419,-0.05143725126981735,0.9784953594207764,,,-5.1022844314575195,,,,,,,,,,,,
29.890,,,,,,,0,0.5261644124984741,0,0,0.09438859671354294,45786.28125,3.479921579360962,4.053958892822266,,,,
29.892,,,,-8.476680755615234,16.272214889526367,,,,,,,,,,3.8499343395233154,0.7695941925048828,-59.290138244628906,0.6625093221664429
29.893,-0.06314840912818909,-0.04868602007627487,1.020845890045166,,,-16.927608489990234,,,,,,,,,,,,
29.990,,,,,,,0,0.5261644124984741,0,0,0.09438859671354294,45786.28125,3.479921579360962,4.053958892822266,,,,
29.991,,,,4.339715957641602,-18.81698989868164,,,,,,,,,,3.9450066089630127,0.7579213380813599,-60.32686233520508,0.664489209651947
29.993,-0.07403150200843811,-0.004258326720446348,1.08193838596344,,,-12.168874740600586,,,,,,,,,,,,
30.090,,,,,,,0,0.5261644124984741,0,0,0.09438859671354294,45786.28125,3.479921579360962,4.053958892822266,,,,
30.092,,,,14.036478996276855,-27.582077026367188,,,,,,,,,,4.042777061462402,0.7491737604141235,-61.79004669189453,0.6692323684692383
30.093,-0.09211301058530807,0.02935085818171501,1.023720383644104,,,-17.024578094482422,,,,,,,,,,,,
30.191,,,,,,,0,0.5261644124984741,0,0,0.09438859671354294,45786.28125,3.479921579360962,4.053958892822266,,,,
30.192,,,,-10.131628036499023,-5.706114768981934,,,,,,,,,,4.144105911254883,0.7429139614105225,-63.96930694580078,0.6767914295196533
30.193,-0.0675075575709343,-0.06206763908267021,0.9572479724884033,,,-19.59386444091797,,,,,,,,,,,,
30.291,,,,,,,0,0.5261644124984741,0,0,0.09438859671354294,45786.28125,3.479921579360962,4.053958892822266,,,,
30.292,,,,-9.392806053161621,16.277944564819336,,,,,,,,,,4.24891996383667,0.7362209558486938,-65.867919921875,0.684399425983429
30.294,-0.08433271944522858,-0.04068933054804802,0.9297942519187927,,,-17.6283016204834,,,,,,,,,,,,
30.390,,,,,,,0,0.5261644124984741,0,0,0.09438859671354294,45786.28125,3.479921579360962,4.053958892822266,,,,
30.391,,,,-12.957256317138672,25.78376007080078,,,,,,,,,,4.345040798187256,0.7301973104476929,-67.48220825195312,0.6901234984397888
30.392,-0.05983279272913933,-0.07347945868968964,0.9684652090072632,,,-18.276508331298828,,,,,,,,,,,,
30.491,,,,,,,0,0.5261644124984741,0,0,0.09438859671354294,45786.28125,3.479921579360962,4.053958892822266,,,,
30.492,,,,1.022140383720398,-11.38430404663086,,,,,,,,,,4.453083038330078,0.7217060923576355,-68.1019515991211,0.6964808106422424
30.493,-0.09632973372936249,-0.031399164348840714,1.0733435153961182,,,-24.771041870117188,,,,,,,,,,,,
30.590,,,,,,,0,0.5261644124984741,0,0,0.09438859671354294,45786.28125,3.479921579360962,4.053958892822266,,,,
30.591,,,,-4.405531406402588,-29.79961395263672,,,,,,,,,,4.561648368835449,0.7128620743751526,-68.86222076416016,0.7032631039619446
30.593,-0.13163043558597565,-0.007964611053466797,1.0679700374603271,,,-5.062963485717773,,,,,,,,,,,,
30.689,,,,,,,0,0.5261644124984741,0,0,0.09438859671354294,45786.28125,3.479921579360962,4.053958892822266,,,,
30.691,,,,-2.1553454399108887,-19.95252227783203,,,,,,,,,,4.673731803894043,0.7053560614585876,-69.7354736328125,0.7099140286445618
30.693,0.008375621400773525,-0.11978399008512497,1.1015725135803223,,,-12.583675384521484,,,,,,,,,,,,
30.790,,,,,,,0,0.5261644124984741,0,0,0.09438859671354294,45786.28125,3.479921579360962,4.053958892822266,,,,
30.791,,,,8.515676498413086,-12.062605857849121,,,,,,,,,,4.785824775695801,0.6961668133735657,-70.23822021484375,0.7177118062973022
30.793,-0.05155761167407036,-0.08140882849693298,1.0002566576004028,,,-11.99233341217041,,,,,,,,,,,,
30.889,,,,,,,0,0.5261644124984741,0,0,0.09438859671354294,45786.28125,3.479921579360962,4.053958892822266,,,,
30.891,,,,5.782591819763184,-23.65409278869629,,,,,,,,,,4.898563385009766,0.688639223575592,-70.6537857055664,0.7230634093284607
30.893,-0.06901396811008453,-0.07908248901367188,0.9632191061973572,,,-8.927047729492188,,,,,,,,,,,,
30.989,,,,,,,0,0.5261644124984741,0,0,0.09438859671354294,45786.28125,3.479921579360962,4.053958892822266,,,,
30.991,,,,2.7255914211273193,-22.071584701538086,,,,,,,,,,5.011428356170654,0.6821886897087097,-71.5570297241211,0.7249857783317566
30.993,-0.025783419609069824,-0.1359393447637558,0.9301585555076599,,,-1.343511939048767,,,,,,,,,,,,
31.089,,,,,,,0,0.5261644124984741,0,0,0.09438859671354294,45786.28125,3.479921579360962,4.053958892822266,,,,
31.091,,,,1.1442254781723022,-4.801163673400879,,,,,,,,,,5.1244707107543945,0.6749513149261475,-71.39989471435547,0.7253028154373169
31.092,-0.040293700993061066,-0.08619259297847748,1.02505362033844,,,3.023975372314453,,,,,,,,,,,,
31.189,,,,,,,0,0.5261644124984741,0,0,0.09438859671354294,45786.28125,3.479921579360962,4.053958892822266,,,,
31.191,,,,-15.038704872131348,8.790667533874512,,,,,,,,,,2.7585813999176025,1.504531741142273,-70.88905334472656,1.0113093852996826
31.193,0.037824880331754684,-0.17297397553920746,0.9940194487571716,,,-24.607894897460938,,,,,,,,,,,,
31.290,,,,,,,0,0.5261644124984741,0,0,0.09438859671354294,45786.28125,3.479921579360962,4.053958892822266,,,,
31.291,,,,-18.031801223754883,4.128342628479004,,,,,,,,,,2.848008394241333,1.4378526210784912,-70.22047424316406,1.1098076105117798
31.292,0.039347562938928604,-0.14689099788665771,1.0343294143676758,,,-16.039775848388672,,,,,,,,,,,,
31.388,,,,,,,0,0.5261644124984741,0,0,0.09438859671354294,45786.28125,3.479921579360962,4.053958892822266,,,,
31.391,,,,-5.793529033660889,-6.5662102699279785,,,,,,,,,,2.9069104194641113,1.4953126907348633,-70.49925231933594,1.12192702293396
31.392,0.004633194766938686,-0.15668486058712006,0.9620979428291321,,,-2.7968811988830566,,,,,,,,,,,,
31.489,,,,,,,0,0.5261644124984741,0,0,0.09438859671354294,45786.28125,3.479921579360962,4.053958892822266,,,,
31.490,,,,5.18235969543457,-6.180157661437988,,,,,,,,,,2.944889783859253,1.5384684801101685,-69.47723388671875,1.097821831703186
31.492,-0.0746106207370758,-0.09621719270944595,0.9646608829498291,,,12.179988861083984,,,,,,,,,,,,
31.590,,,,,,,0,0.5261644124984741,0,0,0.09438859671354294,45786.28125,3.479921579360962,4.053958892822266,,,,
31.591,,,,-3.5824735164642334,-18.53903579711914,,,,,,,,,,2.9987404346466064,1.5955207347869873,-68.79061889648438,1.0907825231552124
31.592,-0.07270022481679916,-0.12467232346534729,0.9190067052841187,,,20.5927734375,,,,,,,,,,,,
31.689,,,,,,,0,0.5261644124984741,0,0,0.09438859671354294,45786.28125,3.479921579360962,4.053958892822266,,,,
31.691,,,,-5.440916061401367,-8.336223602294922,,,,,,,,,,2.887877941131592,1.6161454916000366,-69.19668579101562,1.1395163536071777
31.694,-0.055362485349178314,-0.19049085676670074,0.8684667944908142,,,30.42593002319336,,,,,,,,,,,,
31.788,,,,,,,0,0.5261644124984741,0,0,0.09438859671354294,45786.28125,3.479921579360962,4.053958892822266,,,,
31.790,,,,-12.114357948303223,3.983272075653076,,,,,,,,,,2.900599241256714,1.6827412843704224,-68.61393737792969,1.137473225593567
31.791,0.0015561525942757726,-0.21237576007843018,0.8737276196479797,,,16.712739944458008,,,,,,,,,,,,
31.889,,,,,,,0,0.5261644124984741,0,0,0.09438859671354294,45786.28125,3.479921579360962,4.053958892822266,,,,
31.890,,,,-7.668856620788574,2.877857208251953,,,,,,,,,,2.910733222961426,1.7545220851898193,-68.23988342285156,1.1287325620651245
31.892,0.050865452736616135,-0.20626871287822723,0.935035228729248,,,-2.4633829593658447,,,,,,,,,,,,
31.989,,,,,,,0,0.5261644124984741,0,0,0.09438859671354294,45786.28125,3.479921579360962,4.053958892822266,,,,
31.990,,,,-8.117571830749512,13.928288459777832,,,,,,,,,,2.9192140102386475,1.8290044069290161,-68.0264663696289,1.1152147054672241
31.992,0.01273935567587614,-0.12448927760124207,0.9535976648330688,,,-5.696609973907471,,,,,,,,,,,,
