t,mode,armed,roll,pitch,yaw,thrust_pct,z,tilt,policy_thrust_pct,vbat
0.001,STOCK (your sticks),0,0.0,0.0,-0.0,1.2,51.051,0.0,0.0,3.70
0.024,STOCK (your sticks),0,0.0,0.0,-0.0,2.4,51.020,0.0,0.0,3.70
0.049,STOCK (your sticks),0,0.0,0.0,-0.0,3.6,51.020,0.0,0.0,3.70
0.072,STOCK (your sticks),0,0.0,0.0,-0.0,4.8,51.020,0.0,0.0,3.70
0.097,STOCK (your sticks),0,0.0,0.0,-0.0,6.0,51.020,0.0,0.0,3.70
0.118,STOCK (your sticks),0,0.0,0.0,-0.0,7.2,51.001,0.0,0.0,3.70
0.143,STOCK (your sticks),0,0.0,0.0,-0.0,8.4,51.001,0.0,0.0,3.70
0.164,STOCK (your sticks),0,0.0,0.0,-0.0,9.6,51.001,0.0,0.0,3.70
0.189,STOCK (your sticks),0,0.0,0.0,-0.0,10.8,51.001,0.0,0.0,3.70
0.214,STOCK (your sticks),0,0.0,0.0,-0.0,12.0,51.001,0.0,0.0,3.70
0.237,STOCK (your sticks),0,0.0,0.0,-0.0,13.2,51.001,0.0,0.0,3.70
0.258,STOCK (your sticks),0,0.0,0.0,-0.0,14.4,51.001,0.0,0.0,3.70
0.283,STOCK (your sticks),0,0.0,0.0,-0.0,15.6,51.001,0.0,0.0,3.70
0.306,STOCK (your sticks),0,0.0,0.0,-0.0,16.8,51.011,0.0,0.0,3.70
0.331,STOCK (your sticks),0,0.0,0.0,-0.0,18.0,51.011,0.0,0.0,3.70
0.356,STOCK (your sticks),0,0.0,0.0,-0.0,19.2,51.011,0.0,0.0,3.70
0.381,STOCK (your sticks),0,0.0,0.0,-0.0,20.4,51.011,0.0,0.0,3.70
0.402,STOCK (your sticks),0,0.0,0.0,-0.0,21.6,51.011,0.0,0.0,3.70
0.427,STOCK (your sticks),0,0.0,0.0,-0.0,22.8,51.011,0.0,0.0,3.70
0.450,STOCK (your sticks),0,0.0,0.0,-0.0,24.0,51.011,0.0,0.0,3.70
0.475,STOCK (your sticks),0,0.0,0.0,-0.0,25.2,51.011,0.0,0.0,3.70
0.499,STOCK (your sticks),0,0.0,0.0,-0.0,26.4,51.011,0.0,0.0,3.70
0.524,STOCK (your sticks),0,0.0,0.0,-0.0,27.6,51.040,0.0,0.0,3.70
0.547,STOCK (your sticks),0,0.0,0.0,-0.0,28.8,51.078,0.0,0.0,3.70
0.568,STOCK (your sticks),0,0.0,0.0,-0.0,30.0,51.078,0.0,0.0,3.70
0.592,STOCK (your sticks),0,0.0,0.0,-0.0,31.2,51.078,0.0,0.0,3.70
0.617,STOCK (your sticks),0,0.0,0.0,-0.0,32.4,51.078,0.0,0.0,3.70
0.640,STOCK (your sticks),0,0.0,0.0,-0.0,33.6,51.201,0.0,0.0,3.70
0.663,STOCK (your sticks),0,0.0,0.0,-0.0,34.8,51.201,0.0,0.0,3.70
0.688,STOCK (your sticks),0,0.0,0.0,-0.0,36.0,51.201,0.0,0.0,3.70
0.713,STOCK (your sticks),0,0.0,0.0,-0.0,37.2,51.201,0.0,0.0,3.70
0.738,STOCK (your sticks),0,0.0,0.0,-0.0,38.4,51.201,0.0,0.0,3.70
0.761,STOCK (your sticks),0,0.0,0.0,-0.0,39.6,51.201,0.0,0.0,3.70
0.785,STOCK (your sticks),0,0.0,0.0,-0.0,40.8,51.201,0.0,0.0,3.70
0.810,STOCK (your sticks),0,0.0,0.0,-0.0,42.0,51.201,0.0,0.0,3.70
0.833,STOCK (your sticks),0,0.0,0.0,-0.0,43.2,51.469,0.0,0.0,3.70
0.854,STOCK (your sticks),0,0.0,0.0,-0.0,44.4,51.469,0.0,0.0,3.70
0.875,STOCK (your sticks),0,0.0,0.0,-0.0,45.6,51.469,0.0,0.0,3.70
0.900,STOCK (your sticks),0,0.0,0.0,-0.0,46.8,51.469,0.0,0.0,3.70
0.924,STOCK (your sticks),0,0.0,0.0,-0.0,48.0,51.469,0.0,0.0,3.70
0.946,STOCK (your sticks),0,0.0,0.0,-0.0,49.2,51.469,0.0,0.0,3.70
0.970,STOCK (your sticks),0,0.0,0.0,-0.0,50.0,51.469,0.0,0.0,3.70
0.991,STOCK (your sticks),0,0.0,0.0,-0.0,50.0,51.469,0.0,0.0,3.70
1.014,STOCK (your sticks),0,0.0,0.0,-0.0,50.0,51.469,0.0,0.0,3.70
1.040,STOCK (your sticks),0,0.0,0.0,-0.0,50.0,51.617,0.0,0.0,3.70
1.062,STOCK (your sticks),0,0.0,0.0,-0.0,50.0,51.614,0.0,0.0,3.70
1.082,STOCK (your sticks),0,0.0,0.0,-0.0,50.0,51.614,0.0,0.0,3.70
1.107,STOCK (your sticks),0,0.0,0.0,-0.0,50.0,51.614,0.0,0.0,3.70
1.131,STOCK (your sticks),0,0.0,0.0,-0.0,50.0,51.614,0.0,0.0,3.70
1.156,STOCK (your sticks),0,0.0,0.0,-0.0,50.0,51.553,0.0,0.0,3.70
1.180,STOCK (your sticks),0,0.0,0.0,-0.0,50.0,51.553,0.0,0.0,3.70
1.204,STOCK (your sticks),0,0.0,0.0,-0.0,50.0,51.553,0.0,0.0,3.70
1.225,STOCK (your sticks),0,0.0,0.0,-0.0,50.0,51.553,0.0,0.0,3.70
1.248,STOCK (your sticks),0,0.0,0.0,-0.0,50.0,51.553,0.0,0.0,3.70
1.273,STOCK (your sticks),0,0.0,0.0,-0.0,50.0,51.553,0.0,0.0,3.70
1.298,STOCK (your sticks),0,0.0,0.0,-0.0,50.0,51.553,0.0,0.0,3.70
1.323,STOCK (your sticks),0,0.0,0.0,-0.0,50.0,51.553,0.0,0.0,3.70
1.346,STOCK (your sticks),0,0.0,0.0,-0.0,50.0,51.654,0.0,0.0,3.70
1.371,STOCK (your sticks),0,0.0,0.0,-0.0,50.0,51.654,0.0,0.0,3.70
1.393,STOCK (your sticks),0,0.0,0.0,-0.0,50.0,51.654,0.0,0.0,3.70
1.414,STOCK (your sticks),0,0.0,0.0,-0.0,50.0,51.654,0.0,0.0,3.70
1.438,STOCK (your sticks),0,0.0,0.0,-0.0,50.0,51.654,0.0,0.0,3.70
1.459,STOCK (your sticks),0,0.0,0.0,-0.0,50.0,51.654,0.0,0.0,3.70
1.480,STOCK (your sticks),0,0.0,0.0,-0.0,50.0,51.654,0.0,0.0,3.70
1.505,STOCK (your sticks),0,0.0,0.0,-0.0,50.0,51.654,0.0,0.0,3.70
1.525,STOCK (your sticks),0,0.0,0.0,-0.0,50.0,51.654,0.0,0.0,3.70
1.548,STOCK (your sticks),0,0.0,0.0,-0.0,50.0,51.567,0.0,0.0,3.70
1.572,STOCK (your sticks),0,0.0,0.0,-0.0,50.0,51.562,0.0,0.0,3.70
1.597,STOCK (your sticks),0,0.0,0.0,-0.0,50.0,51.562,0.0,0.0,3.70
1.622,STOCK (your sticks),0,0.0,0.0,-0.0,50.0,51.562,0.0,0.0,3.70
1.648,STOCK (your sticks),0,0.0,0.0,-0.0,50.0,51.562,0.0,0.0,3.70
1.671,STOCK (your sticks),0,0.0,0.0,-0.0,50.0,51.528,0.0,0.0,3.70
1.691,STOCK (your sticks),0,0.0,0.0,-0.0,50.0,51.528,0.0,0.0,3.70
1.711,STOCK (your sticks),0,0.0,0.0,-0.0,50.0,51.528,0.0,0.0,3.70
1.733,STOCK (your sticks),0,0.0,0.0,-0.0,50.0,51.528,0.0,0.0,3.70
1.758,STOCK (your sticks),0,0.0,0.0,-0.0,50.0,51.528,0.0,0.0,3.70
1.783,STOCK (your sticks),0,0.0,0.0,-0.0,50.0,51.528,0.0,0.0,3.70
1.808,STOCK (your sticks),0,0.0,0.0,-0.0,50.0,51.528,0.0,0.0,3.70
1.828,STOCK (your sticks),0,0.0,0.0,-0.0,50.0,51.528,0.0,0.0,3.70
1.852,STOCK (your sticks),0,0.0,0.0,-0.0,50.0,51.510,0.0,0.0,3.70
1.877,STOCK (your sticks),0,0.0,0.0,-0.0,50.0,51.510,0.0,0.0,3.70
1.899,STOCK (your sticks),0,0.0,0.0,-0.0,50.0,51.510,0.0,0.0,3.70
1.921,STOCK (your sticks),0,0.0,0.0,-0.0,50.0,51.510,0.0,0.0,3.70
1.942,STOCK (your sticks),0,0.0,0.0,-0.0,50.0,51.510,0.0,0.0,3.70
1.967,STOCK (your sticks),0,0.0,0.0,-0.0,50.0,51.510,0.0,0.0,3.70
1.992,STOCK (your sticks),0,0.0,0.0,-0.0,50.0,51.510,0.0,0.0,3.70
2.015,STOCK (your sticks),0,0.0,0.0,-0.0,50.0,51.510,0.0,0.0,3.70
2.037,STOCK (your sticks),0,0.0,0.0,-0.0,50.0,51.510,0.0,0.0,3.70
2.059,STOCK (your sticks),0,0.0,0.0,-0.0,50.0,51.205,0.0,0.0,3.70
2.079,STOCK (your sticks),0,0.0,0.0,-0.0,50.0,51.184,0.0,0.0,3.70
2.104,STOCK (your sticks),0,0.0,0.0,-0.0,50.0,51.184,0.0,0.0,3.70
2.126,STOCK (your sticks),0,0.0,0.0,-0.0,50.0,51.184,0.0,0.0,3.70
2.151,STOCK (your sticks),0,0.0,0.0,-0.0,50.0,51.184,0.0,0.0,3.70
2.176,STOCK (your sticks),0,0.0,0.0,-0.0,50.0,51.138,0.0,0.0,3.70
2.201,STOCK (your sticks),0,0.0,0.0,-0.0,50.0,51.138,0.0,0.0,3.70
2.222,STOCK (your sticks),0,0.0,0.0,-0.0,50.0,51.138,0.0,0.0,3.70
2.247,STOCK (your sticks),0,0.0,0.0,-0.0,50.0,51.138,0.0,0.0,3.70
2.272,STOCK (your sticks),0,0.0,0.0,-0.0,50.0,51.138,0.0,0.0,3.70
2.297,STOCK (your sticks),0,0.0,0.0,-0.0,50.0,51.138,0.0,0.0,3.70
2.318,STOCK (your sticks),0,0.0,0.0,-0.0,50.0,51.138,0.0,0.0,3.70
2.342,STOCK (your sticks),0,0.0,0.0,-0.0,50.0,51.138,0.0,0.0,3.70
2.367,STOCK (your sticks),0,0.0,0.0,-0.0,50.0,50.809,0.0,0.0,3.70
2.391,STOCK (your sticks),0,0.0,0.0,-0.0,50.0,50.809,0.0,0.0,3.70
2.416,STOCK (your sticks),0,0.0,0.0,-0.0,50.0,50.809,0.0,0.0,3.70
2.442,STOCK (your sticks),0,0.0,0.0,-0.0,50.0,50.809,0.0,0.0,3.70
2.467,STOCK (your sticks),0,0.0,0.0,-0.0,50.0,50.809,0.0,0.0,3.70
2.491,STOCK (your sticks),0,0.0,0.0,-0.0,50.0,50.809,0.0,0.0,3.70
2.516,STOCK (your sticks),0,0.0,0.0,-0.0,50.0,50.809,0.0,0.0,3.70
2.541,STOCK (your sticks),0,0.0,0.0,-0.0,50.0,50.809,0.0,0.0,3.70
2.566,STOCK (your sticks),0,0.0,0.0,-0.0,50.0,50.640,0.0,0.0,3.70
2.591,STOCK (your sticks),0,0.0,0.0,-0.0,50.0,50.647,0.0,0.0,3.70
2.616,STOCK (your sticks),0,0.0,0.0,-0.0,50.0,50.647,0.0,0.0,3.70
2.640,STOCK (your sticks),0,0.0,0.0,-0.0,50.0,50.647,0.0,0.0,3.70
2.663,STOCK (your sticks),0,0.0,0.0,-0.0,50.0,50.647,0.0,0.0,3.70
2.684,STOCK (your sticks),0,0.0,0.0,-0.0,50.0,50.677,0.0,0.0,3.70
2.709,STOCK (your sticks),0,0.0,0.0,-0.0,50.0,50.677,0.0,0.0,3.70
2.734,STOCK (your sticks),0,0.0,0.0,-0.0,50.0,50.677,0.0,0.0,3.70
2.757,STOCK (your sticks),0,0.0,0.0,-0.0,50.0,50.677,0.0,0.0,3.70
2.780,STOCK (your sticks),0,0.0,0.0,-0.0,50.0,50.677,0.0,0.0,3.70
2.805,STOCK (your sticks),0,0.0,0.0,-0.0,50.0,50.677,0.0,0.0,3.70
2.827,STOCK (your sticks),0,0.0,0.0,-0.0,50.0,50.677,0.0,0.0,3.70
2.852,STOCK (your sticks),0,0.0,0.0,-0.0,50.0,50.677,0.0,0.0,3.70
2.875,STOCK (your sticks),0,0.0,0.0,-0.0,50.0,50.822,0.0,0.0,3.70
2.896,STOCK (your sticks),0,0.0,0.0,-0.0,50.0,50.822,0.0,0.0,3.70
2.916,STOCK (your sticks),0,0.0,0.0,-0.0,50.0,50.822,0.0,0.0,3.70
2.941,STOCK (your sticks),0,0.0,0.0,-0.0,50.0,50.822,0.0,0.0,3.70
2.966,STOCK (your sticks),0,0.0,0.0,-0.0,50.0,50.822,0.0,0.0,3.70
2.991,STOCK (your sticks),0,0.0,0.0,-0.0,50.0,50.822,0.0,0.0,3.70
3.015,STOCK (your sticks),0,0.0,0.0,-0.0,50.0,50.822,0.0,0.0,3.70
3.037,STOCK (your sticks),0,0.0,0.0,-0.0,50.0,50.822,0.0,0.0,3.70
3.058,STOCK (your sticks),0,0.0,0.0,-0.0,50.0,50.822,0.0,0.0,3.70
3.082,STOCK (your sticks),0,0.0,0.0,-0.0,50.0,50.674,0.0,0.0,3.70
3.105,STOCK (your sticks),0,0.0,0.0,-0.0,50.0,50.633,0.0,0.0,3.70
3.126,STOCK (your sticks),0,0.0,0.0,-0.0,50.0,50.633,0.0,0.0,3.70
3.147,STOCK (your sticks),0,0.0,0.0,-0.0,50.0,50.633,0.0,0.0,3.70
3.172,STOCK (your sticks),0,0.0,0.0,-0.0,50.0,50.633,0.0,0.0,3.70
3.197,STOCK (your sticks),0,0.0,0.0,-0.0,50.0,50.627,0.0,0.0,3.70
3.220,STOCK (your sticks),0,0.0,0.0,-0.0,50.0,50.627,0.0,0.0,3.70
3.241,STOCK (your sticks),0,0.0,0.0,-0.0,50.0,50.627,0.0,0.0,3.70
3.266,STOCK (your sticks),0,0.0,0.0,-0.0,50.0,50.627,0.0,0.0,3.70
3.287,STOCK (your sticks),0,0.0,0.0,-0.0,50.0,50.627,0.0,0.0,3.70
3.308,STOCK (your sticks),0,0.0,0.0,-0.0,50.0,50.627,0.0,0.0,3.70
3.332,STOCK (your sticks),0,0.0,0.0,-0.0,50.0,50.627,0.0,0.0,3.70
3.353,STOCK (your sticks),0,0.0,0.0,-0.0,50.0,50.627,0.0,0.0,3.70
3.378,STOCK (your sticks),0,0.0,0.0,-0.0,50.0,50.627,0.0,0.0,3.70
3.403,STOCK (your sticks),0,0.0,0.0,-0.0,50.0,50.394,0.0,0.0,3.70
3.427,STOCK (your sticks),0,0.0,0.0,-0.0,50.0,50.394,0.0,0.0,3.70
3.452,STOCK (your sticks),0,0.0,0.0,-0.0,50.0,50.394,0.0,0.0,3.70
3.477,STOCK (your sticks),0,0.0,0.0,-0.0,50.0,50.394,0.0,0.0,3.70
3.499,STOCK (your sticks),0,0.0,0.0,-0.0,50.0,50.394,0.0,0.0,3.70
3.521,STOCK (your sticks),0,0.0,0.0,-0.0,50.0,50.394,0.0,0.0,3.70
3.543,STOCK (your sticks),0,0.0,0.0,-0.0,50.0,50.394,0.0,0.0,3.70
3.567,STOCK (your sticks),0,0.0,0.0,-0.0,50.0,50.394,0.0,0.0,3.70
3.589,STOCK (your sticks),0,0.0,0.0,-0.0,50.0,50.553,0.0,0.0,3.70
3.613,STOCK (your sticks),0,0.0,0.0,-0.0,50.0,50.570,0.0,0.0,3.70
3.635,STOCK (your sticks),0,0.0,0.0,-0.0,50.0,50.570,0.0,0.0,3.70
3.657,STOCK (your sticks),0,0.0,0.0,-0.0,50.0,50.570,0.0,0.0,3.70
3.681,STOCK (your sticks),0,0.0,0.0,-0.0,50.0,50.570,0.0,0.0,3.70
3.704,STOCK (your sticks),0,0.0,0.0,-0.0,50.0,50.559,0.0,0.0,3.70
3.727,STOCK (your sticks),0,0.0,0.0,-0.0,50.0,50.559,0.0,0.0,3.70
3.750,STOCK (your sticks),0,0.0,0.0,-0.0,50.0,50.559,0.0,0.0,3.70
3.771,STOCK (your sticks),0,0.0,0.0,-0.0,50.0,50.559,0.0,0.0,3.70
3.792,STOCK (your sticks),0,0.0,0.0,-0.0,50.0,50.559,0.0,0.0,3.70
3.813,STOCK (your sticks),0,0.0,0.0,-0.0,50.0,50.559,0.0,0.0,3.70
3.835,STOCK (your sticks),0,0.0,0.0,-0.0,50.0,50.559,0.0,0.0,3.70
3.860,STOCK (your sticks),0,0.0,0.0,-0.0,50.0,50.559,0.0,0.0,3.70
3.884,STOCK (your sticks),0,0.0,0.0,-0.0,50.0,50.559,0.0,0.0,3.70
3.908,STOCK (your sticks),0,0.0,0.0,-0.0,50.0,50.504,0.0,0.0,3.70
3.933,STOCK (your sticks),0,0.0,0.0,-0.0,50.0,50.504,0.0,0.0,3.70
3.957,STOCK (your sticks),0,0.0,0.0,-0.0,50.0,50.504,0.0,0.0,3.70
3.978,STOCK (your sticks),0,0.0,0.0,-0.0,50.0,50.504,0.0,0.0,3.70
4.000,STOCK (your sticks),0,0.0,0.0,-0.0,50.0,50.504,0.0,0.0,3.70
4.021,STOCK (your sticks),0,0.0,0.0,-0.0,50.0,50.504,0.0,0.0,3.70
4.043,STOCK (your sticks),0,0.0,0.0,-0.0,50.0,50.504,0.0,0.0,3.70
4.067,STOCK (your sticks),0,0.0,0.0,-0.0,50.0,50.504,0.0,0.0,3.70
4.093,STOCK (your sticks),0,0.0,0.0,-0.0,50.0,50.589,0.0,0.0,3.70
4.116,STOCK (your sticks),0,0.0,0.0,-0.0,50.0,50.588,0.0,0.0,3.70
4.139,STOCK (your sticks),0,0.0,0.0,-0.0,50.0,50.588,0.0,0.0,3.70
4.160,STOCK (your sticks),0,0.0,0.0,-0.0,50.0,50.588,0.0,0.0,3.70
4.183,STOCK (your sticks),0,0.0,0.0,-0.0,50.0,50.588,0.0,0.0,3.70
4.205,STOCK (your sticks),0,0.0,0.0,-0.0,50.0,50.526,0.0,0.0,3.70
4.230,STOCK (your sticks),0,0.0,0.0,-0.0,50.0,50.526,0.0,0.0,3.70
4.254,STOCK (your sticks),0,0.0,0.0,-0.0,50.0,50.526,0.0,0.0,3.70
4.279,STOCK (your sticks),0,0.0,0.0,-0.0,50.0,50.526,0.0,0.0,3.70
4.303,STOCK (your sticks),0,0.0,0.0,-0.0,50.0,50.526,0.0,0.0,3.70
4.325,STOCK (your sticks),0,0.0,0.0,-0.0,50.0,50.526,0.0,0.0,3.70
4.350,STOCK (your sticks),0,0.0,0.0,-0.0,50.0,50.526,0.0,0.0,3.70
4.374,STOCK (your sticks),0,0.0,0.0,-0.0,50.0,50.526,0.0,0.0,3.70
4.399,STOCK (your sticks),0,0.0,0.0,-0.0,50.0,50.358,0.0,0.0,3.70
4.421,STOCK (your sticks),0,0.0,0.0,-0.0,50.0,50.358,0.0,0.0,3.70
4.446,STOCK (your sticks),0,0.0,0.0,-0.0,50.0,50.358,0.0,0.0,3.70
4.466,STOCK (your sticks),0,0.0,0.0,-0.0,50.0,50.358,0.0,0.0,3.70
4.489,STOCK (your sticks),0,0.0,0.0,-0.0,50.0,50.358,0.0,0.0,3.70
4.511,STOCK (your sticks),0,0.0,0.0,-0.0,50.0,50.358,0.0,0.0,3.70
4.536,STOCK (your sticks),0,0.0,0.0,-0.0,50.0,50.358,0.0,0.0,3.70
4.561,STOCK (your sticks),0,0.0,0.0,-0.0,50.0,50.358,0.0,0.0,3.70
4.586,STOCK (your sticks),0,0.0,0.0,-0.0,50.0,50.358,0.0,0.0,3.70
4.607,STOCK (your sticks),0,0.0,0.0,-0.0,50.0,50.378,0.0,0.0,3.70
4.631,STOCK (your sticks),0,0.0,0.0,-0.0,50.0,50.432,0.0,0.0,3.70
4.653,STOCK (your sticks),0,0.0,0.0,-0.0,50.0,50.432,0.0,0.0,3.70
4.675,STOCK (your sticks),0,0.0,0.0,-0.0,50.0,50.432,0.0,0.0,3.70
4.700,STOCK (your sticks),0,0.0,0.0,-0.0,50.0,50.432,0.0,0.0,3.70
4.722,STOCK (your sticks),0,0.0,0.0,-0.0,50.0,50.666,0.0,0.0,3.70
4.747,STOCK (your sticks),0,0.0,0.0,-0.0,50.0,50.666,0.0,0.0,3.70
4.772,STOCK (your sticks),0,0.0,0.0,-0.0,50.0,50.666,0.0,0.0,3.70
4.797,STOCK (your sticks),0,0.0,0.0,-0.0,50.0,50.666,0.0,0.0,3.70
4.817,STOCK (your sticks),0,0.0,0.0,-0.0,50.0,50.666,0.0,0.0,3.70
4.842,STOCK (your sticks),0,0.0,0.0,-0.0,50.0,50.666,0.0,0.0,3.70
4.865,STOCK (your sticks),0,0.0,0.0,-0.0,50.0,50.666,0.0,0.0,3.70
4.890,STOCK (your sticks),0,0.0,0.0,-0.0,50.0,50.666,0.0,0.0,3.70
4.910,STOCK (your sticks),0,0.0,0.0,-0.0,50.0,51.031,0.0,0.0,3.70
4.935,STOCK (your sticks),0,0.0,0.0,-0.0,50.0,51.031,0.0,0.0,3.70
4.956,STOCK (your sticks),0,0.0,0.0,-0.0,50.0,51.031,0.0,0.0,3.70
4.982,STOCK (your sticks),0,0.0,0.0,-0.0,50.0,51.031,0.0,0.0,3.70
5.005,STOCK (your sticks),0,0.0,0.0,-0.0,50.0,51.031,0.0,0.0,3.70
5.030,STOCK (your sticks),0,0.0,0.0,-0.0,50.0,51.031,0.0,0.0,3.70
5.053,STOCK (your sticks),0,0.0,0.0,-0.0,50.0,51.031,0.0,0.0,3.70
5.075,STOCK (your sticks),0,0.0,0.0,-0.0,50.0,51.031,0.0,0.0,3.70
5.100,STOCK (your sticks),0,0.0,0.0,-0.0,50.0,51.031,0.0,0.0,3.70
5.124,STOCK (your sticks),0,0.0,0.0,-0.0,50.0,51.280,0.0,0.0,3.70
5.148,STOCK (your sticks),0,0.0,0.0,-0.0,51.2,51.283,0.0,0.0,3.70
5.169,STOCK (your sticks),0,0.0,0.0,-0.0,52.4,51.283,0.0,0.0,3.70
5.190,STOCK (your sticks),0,0.0,0.0,-0.0,53.6,51.283,0.0,0.0,3.70
5.212,STOCK (your sticks),0,0.0,0.0,-0.0,54.8,51.283,0.0,0.0,3.70
5.233,STOCK (your sticks),0,0.0,0.0,-0.0,55.0,51.258,0.0,0.0,3.70
5.259,STOCK (your sticks),0,0.0,0.0,-0.0,55.0,51.258,0.0,0.0,3.70
5.281,STOCK (your sticks),0,0.0,0.0,-0.0,55.0,51.258,0.0,0.0,3.70
5.306,STOCK (your sticks),0,0.0,0.0,-0.0,55.0,51.258,0.0,0.0,3.70
5.331,STOCK (your sticks),0,0.0,0.0,-0.0,55.0,51.258,0.0,0.0,3.70
5.353,STOCK (your sticks),0,0.0,0.0,-0.0,55.0,51.258,0.0,0.0,3.70
5.376,STOCK (your sticks),0,0.0,0.0,-0.0,55.0,51.258,0.0,0.0,3.70
5.401,STOCK (your sticks),0,0.0,0.0,-0.0,56.2,51.258,0.0,0.0,3.70
5.426,STOCK (your sticks),0,0.0,0.0,-0.0,57.4,51.258,0.0,0.0,3.70
5.447,STOCK (your sticks),0,0.0,0.0,-0.0,58.6,51.136,0.0,0.0,3.70
5.472,STOCK (your sticks),0,0.0,0.0,-0.0,59.8,51.136,0.0,0.0,3.70
5.497,STOCK (your sticks),0,0.0,0.0,-0.0,60.0,51.136,0.0,0.0,3.70
5.519,STOCK (your sticks),0,0.0,0.0,-0.0,60.0,51.136,0.0,0.0,3.70
5.544,STOCK (your sticks),0,0.0,0.0,-0.0,60.0,51.136,0.0,0.0,3.70
5.564,STOCK (your sticks),0,0.0,0.0,-0.0,61.2,51.136,0.0,0.0,3.70
5.589,STOCK (your sticks),0,0.0,0.0,-0.0,62.4,51.136,0.0,0.0,3.70
5.610,STOCK (your sticks),0,0.0,0.0,-0.0,63.6,51.136,0.0,0.0,3.70
5.635,STOCK (your sticks),0,0.0,0.0,-0.0,64.8,51.311,0.0,0.0,3.70
5.657,STOCK (your sticks),0,0.0,0.0,-0.0,65.0,51.286,0.0,0.0,3.70
5.682,STOCK (your sticks),0,0.0,0.0,-0.0,65.0,51.286,0.0,0.0,3.70
5.703,STOCK (your sticks),0,0.0,0.0,-0.0,65.0,51.286,0.0,0.0,3.70
5.726,STOCK (your sticks),0,0.0,0.0,-0.0,65.0,51.286,0.0,0.0,3.70
5.750,STOCK (your sticks),0,0.0,0.0,-0.0,65.0,51.185,0.0,0.0,3.70
5.772,STOCK (your sticks),0,0.0,0.0,-0.0,65.0,51.185,0.0,0.0,3.70
5.793,STOCK (your sticks),0,0.0,0.0,-0.0,65.0,51.185,0.0,0.0,3.70
5.816,STOCK (your sticks),0,0.0,0.0,-0.0,65.0,51.185,0.0,0.0,3.70
5.842,STOCK (your sticks),0,0.0,0.0,-0.0,65.0,51.185,0.0,0.0,3.70
5.864,STOCK (your sticks),0,0.0,0.0,-0.0,65.0,51.185,0.0,0.0,3.70
5.889,STOCK (your sticks),0,0.0,0.0,-0.0,65.0,51.185,0.0,0.0,3.70
5.913,STOCK (your sticks),0,0.0,0.0,-0.0,65.0,51.185,0.0,0.0,3.70
5.939,STOCK (your sticks),0,0.0,0.0,-0.0,65.0,51.185,0.0,0.0,3.70
5.960,STOCK (your sticks),0,0.0,0.0,-0.0,65.0,51.197,0.0,0.0,3.70
5.982,STOCK (your sticks),0,0.0,0.0,-0.0,66.2,51.197,0.0,0.0,3.70
6.008,STOCK (your sticks),0,0.0,0.0,-0.0,67.4,51.197,0.0,0.0,3.70
6.028,STOCK (your sticks),0,0.0,0.0,-0.0,68.6,51.197,0.0,0.0,3.70
6.049,STOCK (your sticks),0,0.0,0.0,-0.0,69.8,51.197,0.0,0.0,3.70
6.073,STOCK (your sticks),0,0.0,0.0,-0.0,70.0,51.197,0.0,0.0,3.70
6.097,STOCK (your sticks),0,0.0,0.0,-0.0,70.0,51.197,0.0,0.0,3.70
6.118,STOCK (your sticks),0,0.0,0.0,-0.0,70.0,51.197,0.0,0.0,3.70
6.142,STOCK (your sticks),0,0.0,0.0,-0.0,70.0,51.115,0.0,0.0,3.70
6.166,STOCK (your sticks),0,0.0,0.0,-0.0,70.0,51.119,0.0,0.0,3.70
6.190,STOCK (your sticks),0,0.0,0.0,-0.0,70.0,51.119,0.0,0.0,3.70
6.212,STOCK (your sticks),0,0.0,0.0,-0.0,70.0,51.119,0.0,0.0,3.70
6.237,STOCK (your sticks),0,0.0,0.0,-0.0,70.0,51.119,0.0,0.0,3.70
6.260,STOCK (your sticks),0,0.0,0.0,-0.0,70.0,51.124,0.0,0.0,3.70
6.284,STOCK (your sticks),0,0.0,0.0,-0.0,70.0,51.124,0.0,0.0,3.70
6.306,STOCK (your sticks),0,0.0,0.0,-0.0,70.0,51.124,0.0,0.0,3.70
6.326,STOCK (your sticks),0,0.0,0.0,-0.0,70.0,51.124,0.0,0.0,3.70
6.351,STOCK (your sticks),0,0.0,0.0,-0.0,70.0,51.124,0.0,0.0,3.70
6.371,STOCK (your sticks),0,0.0,0.0,-0.0,70.0,51.124,0.0,0.0,3.70
6.396,STOCK (your sticks),0,0.0,0.0,-0.0,70.0,51.124,0.0,0.0,3.70
6.417,STOCK (your sticks),0,0.0,0.0,-0.0,70.0,51.124,0.0,0.0,3.70
6.442,STOCK (your sticks),0,0.0,0.0,-0.0,70.0,51.124,0.0,0.0,3.70
6.462,STOCK (your sticks),0,0.0,0.0,-0.0,70.0,51.046,0.0,0.0,3.70
6.487,STOCK (your sticks),0,0.0,0.0,-0.0,70.0,51.046,0.0,0.0,3.70
6.511,STOCK (your sticks),0,0.0,0.0,-0.0,70.0,51.046,0.0,0.0,3.70
6.533,STOCK (your sticks),0,0.0,0.0,-0.0,70.0,51.046,0.0,0.0,3.70
6.553,STOCK (your sticks),0,0.0,0.0,-0.0,70.0,51.046,0.0,0.0,3.70
6.578,STOCK (your sticks),0,0.0,0.0,-0.0,70.0,51.046,0.0,0.0,3.70
6.600,STOCK (your sticks),0,0.0,0.0,-0.0,70.0,51.046,0.0,0.0,3.70
6.625,STOCK (your sticks),0,0.0,0.0,-0.0,70.0,51.046,0.0,0.0,3.70
6.651,STOCK (your sticks),0,0.0,0.0,-0.0,70.0,51.031,0.0,0.0,3.70
6.675,STOCK (your sticks),0,0.0,0.0,-0.0,70.0,51.030,0.0,0.0,3.70
6.700,STOCK (your sticks),0,0.0,0.0,-0.0,70.0,51.030,0.0,0.0,3.70
6.723,STOCK (your sticks),0,0.0,0.0,-0.0,70.0,51.030,0.0,0.0,3.70
6.744,STOCK (your sticks),0,0.0,0.0,-0.0,70.0,51.030,0.0,0.0,3.70
6.765,STOCK (your sticks),0,0.0,0.0,-0.0,70.0,50.997,0.0,0.0,3.70
6.788,STOCK (your sticks),0,0.0,0.0,-0.0,70.0,50.997,0.0,0.0,3.70
6.808,STOCK (your sticks),0,0.0,0.0,-0.0,70.0,50.997,0.0,0.0,3.70
6.831,STOCK (your sticks),0,0.0,0.0,-0.0,70.0,50.997,0.0,0.0,3.70
6.855,STOCK (your sticks),0,0.0,0.0,-0.0,70.0,50.997,0.0,0.0,3.70
6.880,STOCK (your sticks),0,0.0,0.0,-0.0,70.0,50.997,0.0,0.0,3.70
6.905,STOCK (your sticks),0,0.0,0.0,-0.0,70.0,50.997,0.0,0.0,3.70
6.929,STOCK (your sticks),0,0.0,0.0,-0.0,70.0,50.997,0.0,0.0,3.70
6.953,STOCK (your sticks),0,0.0,0.0,-0.0,70.0,50.997,0.0,0.0,3.70
6.978,STOCK (your sticks),0,0.0,0.0,-0.0,70.0,50.986,0.0,0.0,3.70
7.000,STOCK (your sticks),0,0.0,0.0,-0.0,70.0,50.986,0.0,0.0,3.70
7.022,STOCK (your sticks),0,0.0,0.0,-0.0,70.0,50.986,0.0,0.0,3.70
7.046,STOCK (your sticks),0,0.0,0.0,-0.0,70.0,50.986,0.0,0.0,3.70
7.069,STOCK (your sticks),0,0.0,0.0,-0.0,70.0,50.986,0.0,0.0,3.70
7.093,STOCK (your sticks),0,0.0,0.0,-0.0,70.0,50.986,0.0,0.0,3.70
7.118,STOCK (your sticks),0,0.0,0.0,-0.0,70.0,50.986,0.0,0.0,3.70
7.142,STOCK (your sticks),0,0.0,0.0,-0.0,70.0,50.986,0.0,0.0,3.70
7.162,STOCK (your sticks),0,0.0,0.0,-0.0,70.0,51.004,0.0,0.0,3.70
7.187,STOCK (your sticks),0,0.0,0.0,-0.0,70.0,51.008,0.0,0.0,3.70
7.212,STOCK (your sticks),0,0.0,0.0,-0.0,70.0,51.008,0.0,0.0,3.70
7.233,STOCK (your sticks),0,0.0,0.0,-0.0,70.0,51.008,0.0,0.0,3.70
7.257,STOCK (your sticks),0,0.0,0.0,-0.0,70.0,51.008,0.0,0.0,3.70
7.282,STOCK (your sticks),0,0.0,0.0,-0.0,70.0,51.105,0.0,0.0,3.70
7.307,STOCK (your sticks),0,0.0,0.0,-0.0,70.0,51.105,0.0,0.0,3.70
7.332,STOCK (your sticks),0,0.0,0.0,-0.0,70.0,51.105,0.0,0.0,3.70
7.357,STOCK (your sticks),0,0.0,0.0,-0.0,70.0,51.105,0.0,0.0,3.70
7.382,STOCK (your sticks),0,0.0,0.0,-0.0,70.0,51.105,0.0,0.0,3.70
7.407,STOCK (your sticks),0,0.0,0.0,-0.0,70.0,51.105,0.0,0.0,3.70
7.432,STOCK (your sticks),0,0.0,0.0,-0.0,70.0,51.105,0.0,0.0,3.70
7.453,STOCK (your sticks),0,0.0,0.0,-0.0,70.0,51.105,0.0,0.0,3.70
7.474,STOCK (your sticks),0,0.0,0.0,-0.0,70.0,51.139,0.0,0.0,3.70
7.494,STOCK (your sticks),0,0.0,0.0,-0.0,70.0,51.139,0.0,0.0,3.70
7.517,STOCK (your sticks),0,0.0,0.0,-0.0,70.0,51.139,0.0,0.0,3.70
7.538,STOCK (your sticks),0,0.0,0.0,-0.0,70.0,51.139,0.0,0.0,3.70
7.559,STOCK (your sticks),0,0.0,0.0,-0.0,70.0,51.139,0.0,0.0,3.70
7.583,STOCK (your sticks),0,0.0,0.0,-0.0,70.0,51.139,0.0,0.0,3.70
7.608,STOCK (your sticks),0,0.0,0.0,-0.0,70.0,51.139,0.0,0.0,3.70
7.633,STOCK (your sticks),0,0.0,0.0,-0.0,70.0,51.139,0.0,0.0,3.70
7.653,STOCK (your sticks),0,0.0,0.0,-0.0,70.0,51.139,0.0,0.0,3.70
7.674,STOCK (your sticks),0,0.0,0.0,-0.0,70.0,51.013,0.0,0.0,3.70
7.698,STOCK (your sticks),0,0.0,0.0,-0.0,70.0,51.013,0.0,0.0,3.70
7.722,STOCK (your sticks),0,0.0,0.0,-0.0,70.0,51.013,0.0,0.0,3.70
7.744,STOCK (your sticks),0,0.0,0.0,-0.0,70.0,51.013,0.0,0.0,3.70
7.769,STOCK (your sticks),0,0.0,0.0,-0.0,70.0,51.013,0.0,0.0,3.70
7.791,STOCK (your sticks),0,0.0,0.0,-0.0,70.0,51.087,0.0,0.0,3.70
7.814,STOCK (your sticks),0,0.0,0.0,-0.0,70.0,51.087,0.0,0.0,3.70
7.835,STOCK (your sticks),0,0.0,0.0,-0.0,70.0,51.087,0.0,0.0,3.70
7.859,STOCK (your sticks),0,0.0,0.0,-0.0,70.0,51.087,0.0,0.0,3.70
7.881,STOCK (your sticks),0,0.0,0.0,-0.0,70.0,51.087,0.0,0.0,3.70
7.906,STOCK (your sticks),0,0.0,0.0,-0.0,70.0,51.087,0.0,0.0,3.70
7.927,STOCK (your sticks),0,0.0,0.0,-0.0,70.0,51.087,0.0,0.0,3.70
7.951,STOCK (your sticks),0,0.0,0.0,-0.0,70.0,51.087,0.0,0.0,3.70
7.974,STOCK (your sticks),0,0.0,0.0,-0.0,70.0,51.087,0.0,0.0,3.70
7.999,STOCK (your sticks),0,0.0,0.0,-0.0,70.0,50.968,0.0,0.0,3.70
8.023,STOCK (your sticks),0,0.0,0.0,-0.0,70.0,50.968,0.0,0.0,3.70
8.049,STOCK (your sticks),0,0.0,0.0,-0.0,70.0,50.968,0.0,0.0,3.70
8.070,STOCK (your sticks),0,0.0,0.0,-0.0,70.0,50.968,0.0,0.0,3.70
8.091,STOCK (your sticks),0,0.0,0.0,-0.0,70.0,50.968,0.0,0.0,3.70
8.116,STOCK (your sticks),0,0.0,0.0,-0.0,70.0,50.968,0.0,0.0,3.70
8.141,STOCK (your sticks),0,0.0,0.0,-0.0,70.0,50.968,0.0,0.0,3.70
8.163,STOCK (your sticks),0,0.0,0.0,-0.0,70.0,50.968,0.0,0.0,3.70
8.185,STOCK (your sticks),0,0.0,0.0,-0.0,70.0,51.019,0.0,0.0,3.70
8.210,STOCK (your sticks),0,0.0,0.0,-0.0,70.0,51.013,0.0,0.0,3.70
8.232,STOCK (your sticks),0,0.0,0.0,-0.0,70.0,51.013,0.0,0.0,3.70
8.257,STOCK (your sticks),0,0.0,0.0,-0.0,70.0,51.013,0.0,0.0,3.70
8.282,STOCK (your sticks),0,0.0,0.0,-0.0,70.0,51.013,0.0,0.0,3.70
8.304,STOCK (your sticks),0,0.0,0.0,-0.0,70.0,50.991,0.0,0.0,3.70
8.329,STOCK (your sticks),0,0.0,0.0,-0.0,70.0,50.991,0.0,0.0,3.70
8.354,STOCK (your sticks),0,0.0,0.0,-0.0,70.0,50.991,0.0,0.0,3.70
8.376,STOCK (your sticks),0,0.0,0.0,-0.0,70.0,50.991,0.0,0.0,3.70
8.399,STOCK (your sticks),0,0.0,0.0,-0.0,70.0,50.991,0.0,0.0,3.70
8.420,STOCK (your sticks),0,0.0,0.0,-0.0,70.0,50.991,0.0,0.0,3.70
8.441,STOCK (your sticks),0,0.0,0.0,-0.0,70.0,50.991,0.0,0.0,3.70
8.465,STOCK (your sticks),0,0.0,0.0,-0.0,70.0,50.991,0.0,0.0,3.70
8.488,STOCK (your sticks),0,0.0,0.0,-0.0,70.0,50.991,0.0,0.0,3.70
8.509,STOCK (your sticks),0,0.0,0.0,-0.0,70.0,51.130,0.0,0.0,3.70
8.533,STOCK (your sticks),0,0.0,0.0,-0.0,70.0,51.130,0.0,0.0,3.70
8.557,STOCK (your sticks),0,0.0,0.0,-0.0,70.0,51.130,0.0,0.0,3.70
8.581,STOCK (your sticks),0,0.0,0.0,-0.0,70.0,51.130,0.0,0.0,3.70
8.603,STOCK (your sticks),0,0.0,0.0,-0.0,70.0,51.130,0.0,0.0,3.70
8.628,STOCK (your sticks),0,0.0,0.0,-0.0,70.0,51.130,0.0,0.0,3.70
8.653,STOCK (your sticks),0,0.0,0.0,-0.0,70.0,51.130,0.0,0.0,3.70
8.674,STOCK (your sticks),0,0.0,0.0,-0.0,70.0,51.130,0.0,0.0,3.70
8.700,STOCK (your sticks),0,0.0,0.0,-0.0,70.0,50.889,0.0,0.0,3.70
8.720,STOCK (your sticks),0,0.0,0.0,-0.0,70.0,50.871,0.0,0.0,3.70
8.745,STOCK (your sticks),0,0.0,0.0,-0.0,70.0,50.871,0.0,0.0,3.70
8.765,STOCK (your sticks),0,0.0,0.0,-0.0,70.0,50.871,0.0,0.0,3.70
8.786,STOCK (your sticks),0,0.0,0.0,-0.0,70.0,50.871,0.0,0.0,3.70
8.807,STOCK (your sticks),0,0.0,0.0,-0.0,70.0,50.633,0.0,0.0,3.70
8.832,STOCK (your sticks),0,0.0,0.0,-0.0,70.0,50.633,0.0,0.0,3.70
8.855,STOCK (your sticks),0,0.0,0.0,-0.0,70.0,50.633,0.0,0.0,3.70
8.877,STOCK (your sticks),0,0.0,0.0,-0.0,70.0,50.633,0.0,0.0,3.70
8.902,STOCK (your sticks),0,0.0,0.0,-0.0,70.0,50.633,0.0,0.0,3.70
8.923,STOCK (your sticks),0,0.0,0.0,-0.0,70.0,50.633,0.0,0.0,3.70
8.948,STOCK (your sticks),0,0.0,0.0,-0.0,70.0,50.633,0.0,0.0,3.70
8.970,STOCK (your sticks),0,0.0,0.0,-0.0,70.0,50.633,0.0,0.0,3.70
8.994,STOCK (your sticks),0,0.0,0.0,-0.0,70.0,50.633,0.0,0.0,3.70
9.018,STOCK (your sticks),0,0.0,0.0,-0.0,70.0,50.603,0.0,0.0,3.70
9.042,STOCK (your sticks),0,0.0,0.0,-0.0,70.0,50.603,0.0,0.0,3.70
9.062,STOCK (your sticks),0,0.0,0.0,-0.0,70.0,50.603,0.0,0.0,3.70
9.088,STOCK (your sticks),0,0.0,0.0,-0.0,70.0,50.603,0.0,0.0,3.70
9.110,STOCK (your sticks),0,0.0,0.0,-0.0,70.0,50.603,0.0,0.0,3.70
9.134,STOCK (your sticks),0,0.0,0.0,-0.0,70.0,50.603,0.0,0.0,3.70
9.159,STOCK (your sticks),0,0.0,0.0,-0.0,70.0,50.603,0.0,0.0,3.70
9.180,STOCK (your sticks),0,0.0,0.0,-0.0,70.0,50.603,0.0,0.0,3.70
9.205,STOCK (your sticks),0,0.0,0.0,-0.0,70.0,50.998,0.0,0.0,3.70
9.225,STOCK (your sticks),0,0.0,0.0,-0.0,70.0,51.000,0.0,0.0,3.70
9.249,STOCK (your sticks),0,0.0,0.0,-0.0,70.0,51.000,0.0,0.0,3.70
9.271,STOCK (your sticks),0,0.0,0.0,-0.0,70.0,51.000,0.0,0.0,3.70
9.295,STOCK (your sticks),0,0.0,0.0,-0.0,70.0,51.000,0.0,0.0,3.70
9.320,STOCK (your sticks),0,0.0,0.0,-0.0,70.0,50.963,0.0,0.0,3.70
9.345,STOCK (your sticks),0,0.0,0.0,-0.0,70.0,50.963,0.0,0.0,3.70
9.366,STOCK (your sticks),0,0.0,0.0,-0.0,70.0,50.963,0.0,0.0,3.70
9.389,STOCK (your sticks),0,0.0,0.0,-0.0,70.0,50.963,0.0,0.0,3.70
9.412,STOCK (your sticks),0,0.0,0.0,-0.0,70.0,50.963,0.0,0.0,3.70
9.436,STOCK (your sticks),0,0.0,0.0,-0.0,70.0,50.963,0.0,0.0,3.70
9.456,STOCK (your sticks),0,0.0,0.0,-0.0,70.0,50.963,0.0,0.0,3.70
9.478,STOCK (your sticks),0,0.0,0.0,-0.0,70.0,50.963,0.0,0.0,3.70
9.500,STOCK (your sticks),0,0.0,0.0,-0.0,70.0,50.963,0.0,0.0,3.70
9.522,STOCK (your sticks),0,0.0,0.0,-0.0,70.0,50.666,0.0,0.0,3.70
9.544,STOCK (your sticks),0,0.0,0.0,-0.0,70.0,50.666,0.0,0.0,3.70
9.566,STOCK (your sticks),0,0.0,0.0,-0.0,70.0,50.666,0.0,0.0,3.70
9.586,STOCK (your sticks),0,0.0,0.0,-0.0,70.0,50.666,0.0,0.0,3.70
9.609,STOCK (your sticks),0,0.0,0.0,-0.0,70.0,50.666,0.0,0.0,3.70
9.632,STOCK (your sticks),0,0.0,0.0,-0.0,70.0,50.666,0.0,0.0,3.70
9.653,STOCK (your sticks),0,0.0,0.0,-0.0,70.0,50.666,0.0,0.0,3.70
9.675,STOCK (your sticks),0,0.0,0.0,-0.0,70.0,50.666,0.0,0.0,3.70
9.700,STOCK (your sticks),0,0.0,0.0,-0.0,70.0,50.666,0.0,0.0,3.70
9.721,STOCK (your sticks),0,0.0,0.0,-0.0,70.0,50.576,0.0,0.0,3.70
9.741,STOCK (your sticks),0,0.0,0.0,-0.0,70.0,50.549,0.0,0.0,3.70
9.766,STOCK (your sticks),0,0.0,0.0,-0.0,70.0,50.549,0.0,0.0,3.70
9.791,STOCK (your sticks),0,0.0,0.0,-0.0,70.0,50.549,0.0,0.0,3.70
9.811,STOCK (your sticks),0,0.0,0.0,-0.0,70.0,50.549,0.0,0.0,3.70
9.832,STOCK (your sticks),0,0.0,0.0,-0.0,70.0,50.606,0.0,0.0,3.70
9.853,STOCK (your sticks),0,0.0,0.0,-0.0,70.0,50.606,0.0,0.0,3.70
9.876,STOCK (your sticks),0,0.0,0.0,-0.0,70.0,50.606,0.0,0.0,3.70
9.900,STOCK (your sticks),0,0.0,0.0,-0.0,70.0,50.606,0.0,0.0,3.70
9.924,STOCK (your sticks),0,0.0,0.0,-0.0,70.0,50.606,0.0,0.0,3.70
9.949,STOCK (your sticks),0,0.0,0.0,-0.0,70.0,50.606,0.0,0.0,3.70
9.974,STOCK (your sticks),0,0.0,0.0,-0.0,70.0,50.606,0.0,0.0,3.70
9.999,STOCK (your sticks),0,0.0,0.0,-0.0,70.0,50.606,0.0,0.0,3.70
10.019,STOCK (your sticks),0,0.0,0.0,-0.0,70.0,50.606,0.0,0.0,3.70
10.041,STOCK (your sticks),0,0.0,0.0,-0.0,70.0,50.783,0.0,0.0,3.70
10.063,STOCK (your sticks),0,0.0,0.0,-0.0,70.0,50.783,0.0,0.0,3.70
10.088,STOCK (your sticks),0,0.0,0.0,-0.0,70.0,50.783,0.0,0.0,3.70
10.113,STOCK (your sticks),0,0.0,0.0,-0.0,70.0,50.783,0.0,0.0,3.70
10.133,STOCK (your sticks),0,0.0,0.0,-0.0,70.0,50.783,0.0,0.0,3.70
10.158,STOCK (your sticks),0,0.0,0.0,-0.0,70.0,50.783,0.0,0.0,3.70
10.182,STOCK (your sticks),0,0.0,0.0,-0.0,70.0,50.783,0.0,0.0,3.70
10.203,STOCK (your sticks),0,0.0,0.0,-0.0,70.0,50.783,0.0,0.0,3.70
10.227,STOCK (your sticks),0,0.0,0.0,-0.0,70.0,50.871,0.0,0.0,3.70
10.249,STOCK (your sticks),0,0.0,0.0,-0.0,70.0,50.876,0.0,0.0,3.70
10.271,STOCK (your sticks),0,0.0,0.0,-0.0,70.0,50.876,0.0,0.0,3.70
10.292,STOCK (your sticks),0,0.0,0.0,-0.0,70.0,50.876,0.0,0.0,3.70
10.314,STOCK (your sticks),0,0.0,0.0,-0.0,70.0,50.876,0.0,0.0,3.70
10.339,STOCK (your sticks),0,0.0,0.0,-0.0,70.0,50.957,0.0,0.0,3.70
10.362,STOCK (your sticks),0,0.0,0.0,-0.0,70.0,50.957,0.0,0.0,3.70
10.387,STOCK (your sticks),0,0.0,0.0,-0.0,70.0,50.957,0.0,0.0,3.70
10.410,STOCK (your sticks),0,0.0,0.0,-0.0,70.0,50.957,0.0,0.0,3.70
10.432,STOCK (your sticks),0,0.0,0.0,-0.0,70.0,50.957,0.0,0.0,3.70
10.453,STOCK (your sticks),0,0.0,0.0,-0.0,70.0,50.957,0.0,0.0,3.70
10.474,STOCK (your sticks),0,0.0,0.0,-0.0,70.0,50.957,0.0,0.0,3.70
10.499,STOCK (your sticks),0,0.0,0.0,-0.0,70.0,50.957,0.0,0.0,3.70
10.521,STOCK (your sticks),0,0.0,0.0,-0.0,70.0,50.957,0.0,0.0,3.70
10.544,STOCK (your sticks),0,0.0,0.0,-0.0,70.0,50.774,0.0,0.0,3.70
10.567,STOCK (your sticks),0,0.0,0.0,-0.0,70.0,50.774,0.0,0.0,3.70
10.592,STOCK (your sticks),0,0.0,0.0,-0.0,70.0,50.774,0.0,0.0,3.70
10.617,STOCK (your sticks),0,0.0,0.0,-0.0,70.0,50.774,0.0,0.0,3.70
10.637,STOCK (your sticks),0,0.0,0.0,-0.0,70.0,50.774,0.0,0.0,3.70
10.659,STOCK (your sticks),0,0.0,0.0,-0.0,70.0,50.774,0.0,0.0,3.70
10.684,STOCK (your sticks),0,0.0,0.0,-0.0,70.0,50.774,0.0,0.0,3.70
10.707,STOCK (your sticks),0,0.0,0.0,-0.0,70.0,50.774,0.0,0.0,3.70
10.733,STOCK (your sticks),0,0.0,0.0,-0.0,70.0,50.786,0.0,0.0,3.70
10.757,STOCK (your sticks),0,0.0,0.0,-0.0,70.0,50.786,0.0,0.0,3.70
10.779,STOCK (your sticks),0,0.0,0.0,-0.0,70.0,50.786,0.0,0.0,3.70
10.804,STOCK (your sticks),0,0.0,0.0,-0.0,70.0,50.786,0.0,0.0,3.70
10.826,STOCK (your sticks),0,0.0,0.0,-0.0,70.0,50.786,0.0,0.0,3.70
10.850,STOCK (your sticks),0,0.0,0.0,-0.0,70.0,50.616,0.0,0.0,3.70
10.870,STOCK (your sticks),0,0.0,0.0,-0.0,70.0,50.616,0.0,0.0,3.70
10.891,STOCK (your sticks),0,0.0,0.0,-0.0,70.0,50.616,0.0,0.0,3.70
10.916,STOCK (your sticks),0,0.0,0.0,-0.0,70.0,50.616,0.0,0.0,3.70
10.941,STOCK (your sticks),0,0.0,0.0,-0.0,70.0,50.616,0.0,0.0,3.70
10.964,STOCK (your sticks),0,0.0,0.0,-0.0,70.0,50.616,0.0,0.0,3.70
10.987,STOCK (your sticks),0,0.0,0.0,-0.0,70.0,50.616,0.0,0.0,3.70
11.011,STOCK (your sticks),0,0.0,0.0,-0.0,70.0,50.616,0.0,0.0,3.70
11.036,STOCK (your sticks),0,0.0,0.0,-0.0,70.0,50.605,0.0,0.0,3.70
11.060,STOCK (your sticks),0,0.0,0.0,-0.0,70.0,50.605,0.0,0.0,3.70
11.084,STOCK (your sticks),0,0.0,0.0,-0.0,70.0,50.605,0.0,0.0,3.70
11.106,STOCK (your sticks),0,0.0,0.0,-0.0,70.0,50.605,0.0,0.0,3.70
11.127,STOCK (your sticks),0,0.0,0.0,-0.0,70.0,50.605,0.0,0.0,3.70
11.151,STOCK (your sticks),0,0.0,0.0,-0.0,70.0,50.605,0.0,0.0,3.70
11.175,STOCK (your sticks),0,0.0,0.0,-0.0,70.0,50.605,0.0,0.0,3.70
11.198,STOCK (your sticks),0,0.0,0.0,-0.0,70.0,50.605,0.0,0.0,3.70
11.223,STOCK (your sticks),0,0.0,0.0,-0.0,70.0,50.605,0.0,0.0,3.70
11.252,STOCK (your sticks),0,0.0,0.0,-0.0,70.0,50.605,0.0,0.0,3.70
11.275,STOCK (your sticks),0,0.0,0.0,-0.0,70.0,50.500,0.0,0.0,3.70
11.299,STOCK (your sticks),0,0.0,0.0,-0.0,70.0,50.500,0.0,0.0,3.70
11.324,STOCK (your sticks),0,0.0,0.0,-0.0,70.0,50.500,0.0,0.0,3.70
11.349,STOCK (your sticks),0,0.0,0.0,-0.0,70.0,50.500,0.0,0.0,3.70
11.374,STOCK (your sticks),0,0.0,0.0,-0.0,70.0,50.376,0.0,0.0,3.70
11.399,STOCK (your sticks),0,0.0,0.0,-0.0,70.0,50.376,0.0,0.0,3.70
11.424,STOCK (your sticks),0,0.0,0.0,-0.0,70.0,50.376,0.0,0.0,3.70
11.446,STOCK (your sticks),0,0.0,0.0,-0.0,70.0,50.376,0.0,0.0,3.70
11.470,STOCK (your sticks),0,0.0,0.0,-0.0,70.0,50.376,0.0,0.0,3.70
11.494,STOCK (your sticks),0,0.0,0.0,-0.0,70.0,50.376,0.0,0.0,3.70
11.516,STOCK (your sticks),0,0.0,0.0,-0.0,70.0,50.376,0.0,0.0,3.70
11.541,STOCK (your sticks),0,0.0,0.0,-0.0,70.0,50.376,0.0,0.0,3.70
11.566,STOCK (your sticks),0,0.0,0.0,-0.0,70.0,50.850,0.0,0.0,3.70
11.591,STOCK (your sticks),0,0.0,0.0,-0.0,70.0,50.850,0.0,0.0,3.70
11.616,STOCK (your sticks),0,0.0,0.0,-0.0,70.0,50.850,0.0,0.0,3.70
11.640,STOCK (your sticks),0,0.0,0.0,-0.0,70.0,50.850,0.0,0.0,3.70
11.665,STOCK (your sticks),0,0.0,0.0,-0.0,70.0,50.850,0.0,0.0,3.70
11.687,STOCK (your sticks),0,0.0,0.0,-0.0,70.0,50.850,0.0,0.0,3.70
11.714,STOCK (your sticks),0,0.0,0.0,0.0,0.0,50.850,0.0,0.0,3.70
11.737,STOCK (your sticks),0,0.0,0.0,0.0,0.0,50.730,0.0,0.0,3.70
11.757,STOCK (your sticks),0,0.0,0.0,0.0,0.0,50.730,0.0,0.0,3.70
11.782,STOCK (your sticks),0,0.0,0.0,0.0,0.0,50.686,0.0,0.0,3.70
11.806,STOCK (your sticks),0,0.0,0.0,0.0,0.0,50.686,0.0,0.0,3.70
11.831,STOCK (your sticks),0,0.0,0.0,0.0,0.0,50.686,0.0,0.0,3.70
11.852,STOCK (your sticks),0,0.0,0.0,0.0,0.0,50.686,0.0,0.0,3.70
11.875,STOCK (your sticks),0,0.0,0.0,0.0,0.0,50.569,0.0,0.0,3.70
11.897,STOCK (your sticks),0,0.0,0.0,0.0,0.0,50.569,0.0,0.0,3.70
11.917,STOCK (your sticks),0,0.0,0.0,0.0,0.0,50.569,0.0,0.0,3.70
11.942,STOCK (your sticks),0,0.0,0.0,0.0,0.0,50.569,0.0,0.0,3.70
11.966,STOCK (your sticks),0,0.0,0.0,0.0,0.0,50.569,0.0,0.0,3.70
11.989,STOCK (your sticks),0,0.0,0.0,0.0,0.0,50.569,0.0,0.0,3.70
12.011,STOCK (your sticks),0,0.0,0.0,0.0,0.0,50.569,0.0,0.0,3.70
12.033,STOCK (your sticks),0,0.0,0.0,0.0,0.0,50.569,0.0,0.0,3.70
12.058,STOCK (your sticks),0,0.0,0.0,0.0,0.0,50.569,0.0,0.0,3.70
12.083,STOCK (your sticks),0,0.0,0.0,0.0,0.0,50.322,0.0,0.0,3.70
12.103,STOCK (your sticks),0,0.0,0.0,0.0,0.0,50.322,0.0,0.0,3.70
12.126,STOCK (your sticks),0,0.0,0.0,0.0,0.0,50.322,0.0,0.0,3.70
12.148,STOCK (your sticks),0,0.0,0.0,0.0,0.0,50.322,0.0,0.0,3.70
12.169,STOCK (your sticks),0,0.0,0.0,0.0,0.0,50.322,0.0,0.0,3.70
12.192,STOCK (your sticks),0,0.0,0.0,0.0,0.0,50.322,0.0,0.0,3.70
12.212,STOCK (your sticks),0,0.0,0.0,0.0,0.0,50.322,0.0,0.0,3.70
12.236,STOCK (your sticks),0,0.0,0.0,0.0,0.0,50.322,0.0,0.0,3.70
12.261,STOCK (your sticks),0,0.0,0.0,0.0,0.0,50.364,0.0,0.0,3.70
12.286,STOCK (your sticks),0,0.0,0.0,0.0,0.0,50.363,0.0,0.0,3.70
12.308,STOCK (your sticks),0,0.0,0.0,0.0,0.0,50.363,0.0,0.0,3.70
12.333,STOCK (your sticks),0,0.0,0.0,0.0,0.0,50.363,0.0,0.0,3.70
12.358,STOCK (your sticks),0,0.0,0.0,0.0,0.0,50.363,0.0,0.0,3.70
12.381,STOCK (your sticks),0,0.0,0.0,0.0,0.0,50.384,0.0,0.0,3.70
12.403,STOCK (your sticks),0,0.0,0.0,0.0,0.0,50.384,0.0,0.0,3.70
12.428,STOCK (your sticks),0,0.0,0.0,0.0,0.0,50.384,0.0,0.0,3.70
12.453,STOCK (your sticks),0,0.0,0.0,0.0,0.0,50.384,0.0,0.0,3.70
12.478,STOCK (your sticks),0,0.0,0.0,0.0,0.0,50.384,0.0,0.0,3.70
12.500,STOCK (your sticks),0,0.0,0.0,0.0,0.0,50.384,0.0,0.0,3.70
12.523,STOCK (your sticks),0,0.0,0.0,0.0,0.0,50.384,0.0,0.0,3.70
12.548,STOCK (your sticks),0,0.0,0.0,0.0,0.0,50.384,0.0,0.0,3.70
12.571,STOCK (your sticks),0,0.0,0.0,0.0,0.0,50.337,0.0,0.0,3.70
12.593,STOCK (your sticks),0,0.0,0.0,0.0,0.0,50.337,0.0,0.0,3.70
12.616,STOCK (your sticks),0,0.0,0.0,0.0,0.0,50.337,0.0,0.0,3.70
12.641,STOCK (your sticks),0,0.0,0.0,0.0,0.0,50.337,0.0,0.0,3.70
12.666,STOCK (your sticks),0,0.0,0.0,0.0,0.0,50.337,0.0,0.0,3.70
12.691,STOCK (your sticks),0,0.0,0.0,0.0,0.0,50.337,0.0,0.0,3.70
12.716,STOCK (your sticks),0,0.0,0.0,0.0,0.0,50.337,0.0,0.0,3.70
12.736,STOCK (your sticks),0,0.0,0.0,0.0,0.0,50.337,0.0,0.0,3.70
12.760,STOCK (your sticks),0,0.0,0.0,0.0,0.0,50.337,0.0,0.0,3.70
12.784,STOCK (your sticks),0,0.0,0.0,0.0,0.0,50.397,0.0,0.0,3.70
12.808,STOCK (your sticks),0,0.0,0.0,0.0,0.0,50.412,0.0,0.0,3.70
12.831,STOCK (your sticks),0,0.0,0.0,0.0,0.0,50.412,0.0,0.0,3.70
12.851,STOCK (your sticks),0,0.0,0.0,0.0,0.0,50.412,0.0,0.0,3.70
12.873,STOCK (your sticks),0,0.0,0.0,0.0,0.0,50.412,0.0,0.0,3.70
12.897,STOCK (your sticks),0,0.0,0.0,0.0,0.0,50.482,0.0,0.0,3.70
12.918,STOCK (your sticks),0,0.0,0.0,0.0,0.0,50.482,0.0,0.0,3.70
12.943,STOCK (your sticks),0,0.0,0.0,0.0,0.0,50.482,0.0,0.0,3.70
12.968,STOCK (your sticks),0,0.0,0.0,0.0,0.0,50.482,0.0,0.0,3.70
12.992,STOCK (your sticks),0,0.0,0.0,0.0,0.0,50.482,0.0,0.0,3.70
13.016,STOCK (your sticks),0,0.0,0.0,0.0,0.0,50.482,0.0,0.0,3.70
13.041,STOCK (your sticks),0,0.0,0.0,0.0,0.0,50.482,0.0,0.0,3.70
13.061,STOCK (your sticks),0,0.0,0.0,0.0,0.0,50.482,0.0,0.0,3.70
13.083,STOCK (your sticks),0,0.0,0.0,0.0,0.0,50.482,0.0,0.0,3.70
13.107,STOCK (your sticks),0,0.0,0.0,0.0,0.0,50.480,0.0,0.0,3.70
13.131,STOCK (your sticks),0,0.0,0.0,0.0,0.0,50.480,0.0,0.0,3.70
13.151,STOCK (your sticks),0,0.0,0.0,0.0,0.0,50.480,0.0,0.0,3.70
13.175,STOCK (your sticks),0,0.0,0.0,0.0,0.0,50.480,0.0,0.0,3.70
13.196,STOCK (your sticks),0,0.0,0.0,0.0,0.0,50.480,0.0,0.0,3.70
13.221,STOCK (your sticks),0,0.0,0.0,0.0,0.0,50.480,0.0,0.0,3.70
13.246,STOCK (your sticks),0,0.0,0.0,0.0,0.0,50.480,0.0,0.0,3.70
13.267,STOCK (your sticks),0,0.0,0.0,0.0,0.0,50.480,0.0,0.0,3.70
13.290,STOCK (your sticks),0,0.0,0.0,0.0,0.0,50.614,0.0,0.0,3.70
13.311,STOCK (your sticks),0,0.0,0.0,0.0,0.0,50.616,0.0,0.0,3.70
13.335,STOCK (your sticks),0,0.0,0.0,0.0,0.0,50.616,0.0,0.0,3.70
13.357,STOCK (your sticks),0,0.0,0.0,0.0,0.0,50.616,0.0,0.0,3.70
13.381,STOCK (your sticks),0,0.0,0.0,0.0,0.0,50.616,0.0,0.0,3.70
13.402,STOCK (your sticks),0,0.0,0.0,0.0,0.0,50.734,0.0,0.0,3.70
13.425,STOCK (your sticks),0,0.0,0.0,0.0,0.0,50.734,0.0,0.0,3.70
13.450,STOCK (your sticks),0,0.0,0.0,0.0,0.0,50.734,0.0,0.0,3.70
13.475,STOCK (your sticks),0,0.0,0.0,0.0,0.0,50.734,0.0,0.0,3.70
13.496,STOCK (your sticks),0,0.0,0.0,0.0,0.0,50.734,0.0,0.0,3.70
13.521,STOCK (your sticks),0,0.0,0.0,0.0,0.0,50.734,0.0,0.0,3.70
13.545,STOCK (your sticks),0,0.0,0.0,0.0,0.0,50.734,0.0,0.0,3.70
13.567,STOCK (your sticks),0,0.0,0.0,0.0,0.0,50.734,0.0,0.0,3.70
13.591,STOCK (your sticks),0,0.0,0.0,0.0,0.0,50.734,0.0,0.0,3.70
13.614,STOCK (your sticks),0,0.0,0.0,0.0,0.0,50.828,0.0,0.0,3.70
13.636,STOCK (your sticks),0,0.0,0.0,0.0,0.0,50.828,0.0,0.0,3.70
13.660,STOCK (your sticks),0,0.0,0.0,0.0,0.0,50.828,0.0,0.0,3.70
13.683,STOCK (your sticks),0,0.0,0.0,0.0,0.0,50.828,0.0,0.0,3.70
13.708,STOCK (your sticks),0,0.0,0.0,0.0,0.0,50.828,0.0,0.0,3.70
13.729,STOCK (your sticks),0,0.0,0.0,0.0,0.0,50.828,0.0,0.0,3.70
13.750,STOCK (your sticks),0,0.0,0.0,0.0,0.0,50.828,0.0,0.0,3.70
13.774,STOCK (your sticks),0,0.0,0.0,0.0,0.0,50.828,0.0,0.0,3.70
13.799,STOCK (your sticks),0,0.0,0.0,0.0,0.0,50.915,0.0,0.0,3.70
13.822,STOCK (your sticks),0,0.0,0.0,0.0,0.0,50.916,0.0,0.0,3.70
13.844,STOCK (your sticks),0,0.0,0.0,0.0,0.0,50.916,0.0,0.0,3.70
13.867,STOCK (your sticks),0,0.0,0.0,0.0,0.0,50.916,0.0,0.0,3.70
13.892,STOCK (your sticks),0,0.0,0.0,0.0,0.0,50.916,0.0,0.0,3.70
13.916,STOCK (your sticks),0,0.0,0.0,0.0,0.0,50.786,0.0,0.0,3.70
13.941,STOCK (your sticks),0,0.0,0.0,0.0,0.0,50.786,0.0,0.0,3.70
13.966,STOCK (your sticks),0,0.0,0.0,0.0,0.0,50.786,0.0,0.0,3.70
13.990,STOCK (your sticks),0,0.0,0.0,0.0,0.0,50.786,0.0,0.0,3.70
14.013,STOCK (your sticks),0,0.0,0.0,0.0,0.0,50.786,0.0,0.0,3.70
14.036,STOCK (your sticks),0,0.0,0.0,0.0,0.0,50.786,0.0,0.0,3.70
14.061,STOCK (your sticks),0,0.0,0.0,0.0,0.0,50.786,0.0,0.0,3.70
14.085,STOCK (your sticks),0,0.0,0.0,0.0,0.0,50.786,0.0,0.0,3.70
14.110,STOCK (your sticks),0,0.0,0.0,0.0,0.0,50.701,0.0,0.0,3.70
14.135,STOCK (your sticks),0,0.0,0.0,0.0,0.0,50.701,0.0,0.0,3.70
14.157,STOCK (your sticks),0,0.0,0.0,0.0,0.0,50.701,0.0,0.0,3.70
14.182,STOCK (your sticks),0,0.0,0.0,0.0,0.0,50.701,0.0,0.0,3.70
14.202,STOCK (your sticks),0,0.0,0.0,0.0,0.0,50.701,0.0,0.0,3.70
14.227,STOCK (your sticks),0,0.0,0.0,0.0,0.0,50.701,0.0,0.0,3.70
14.252,STOCK (your sticks),0,0.0,0.0,0.0,0.0,50.701,0.0,0.0,3.70
14.276,STOCK (your sticks),0,0.0,0.0,0.0,0.0,50.701,0.0,0.0,3.70
14.298,STOCK (your sticks),0,0.0,0.0,0.0,0.0,50.701,0.0,0.0,3.70
14.323,STOCK (your sticks),0,0.0,0.0,0.0,0.0,50.638,0.0,0.0,3.70
14.347,STOCK (your sticks),0,0.0,0.0,0.0,0.0,50.631,0.0,0.0,3.70
14.372,STOCK (your sticks),0,0.0,0.0,0.0,0.0,50.631,0.0,0.0,3.70
14.396,STOCK (your sticks),0,0.0,0.0,0.0,0.0,50.631,0.0,0.0,3.70
14.420,STOCK (your sticks),0,0.0,0.0,0.0,0.0,50.631,0.0,0.0,3.70
14.444,STOCK (your sticks),0,0.0,0.0,0.0,0.0,50.594,0.0,0.0,3.70
14.465,STOCK (your sticks),0,0.0,0.0,0.0,0.0,50.594,0.0,0.0,3.70
14.487,STOCK (your sticks),0,0.0,0.0,0.0,0.0,50.594,0.0,0.0,3.70
14.508,STOCK (your sticks),0,0.0,0.0,0.0,0.0,50.594,0.0,0.0,3.70
14.529,STOCK (your sticks),0,0.0,0.0,0.0,0.0,50.594,0.0,0.0,3.70
14.549,STOCK (your sticks),0,0.0,0.0,0.0,0.0,50.594,0.0,0.0,3.70
14.569,STOCK (your sticks),0,0.0,0.0,0.0,0.0,50.594,0.0,0.0,3.70
14.594,STOCK (your sticks),0,0.0,0.0,0.0,0.0,50.594,0.0,0.0,3.70
14.614,STOCK (your sticks),0,0.0,0.0,0.0,0.0,50.594,0.0,0.0,3.70
14.639,STOCK (your sticks),0,0.0,0.0,0.0,0.0,50.710,0.0,0.0,3.70
14.660,STOCK (your sticks),0,0.0,0.0,0.0,0.0,50.710,0.0,0.0,3.70
14.681,STOCK (your sticks),0,0.0,0.0,0.0,0.0,50.710,0.0,0.0,3.70
14.702,STOCK (your sticks),0,0.0,0.0,0.0,0.0,50.710,0.0,0.0,3.70
14.726,STOCK (your sticks),0,0.0,0.0,0.0,0.0,50.710,0.0,0.0,3.70
14.751,STOCK (your sticks),0,0.0,0.0,0.0,0.0,50.710,0.0,0.0,3.70
14.776,STOCK (your sticks),0,0.0,0.0,0.0,0.0,50.710,0.0,0.0,3.70
14.798,STOCK (your sticks),0,0.0,0.0,0.0,0.0,50.710,0.0,0.0,3.70
14.823,STOCK (your sticks),0,0.0,0.0,0.0,0.0,50.710,0.0,0.0,3.70
14.848,STOCK (your sticks),0,0.0,0.0,0.0,0.0,50.725,0.0,0.0,3.70
14.873,STOCK (your sticks),0,0.0,0.0,0.0,0.0,50.725,0.0,0.0,3.70
14.897,STOCK (your sticks),0,0.0,0.0,0.0,0.0,50.725,0.0,0.0,3.70
14.922,STOCK (your sticks),0,0.0,0.0,0.0,0.0,50.725,0.0,0.0,3.70
14.946,STOCK (your sticks),0,0.0,0.0,0.0,0.0,50.704,0.0,0.0,3.70
14.971,STOCK (your sticks),0,0.0,0.0,0.0,0.0,50.704,0.0,0.0,3.70
14.992,STOCK (your sticks),0,0.0,0.0,0.0,0.0,50.704,0.0,0.0,3.70
15.015,STOCK (your sticks),0,0.0,0.0,0.0,0.0,50.704,0.0,0.0,3.70
15.040,STOCK (your sticks),0,0.0,0.0,0.0,0.0,50.704,0.0,0.0,3.70
15.065,STOCK (your sticks),0,0.0,0.0,0.0,0.0,50.704,0.0,0.0,3.70
15.085,STOCK (your sticks),0,0.0,0.0,0.0,0.0,50.704,0.0,0.0,3.70
15.106,STOCK (your sticks),0,0.0,0.0,0.0,0.0,50.704,0.0,0.0,3.70
15.126,STOCK (your sticks),0,0.0,0.0,0.0,0.0,50.608,0.0,0.0,3.70
15.149,STOCK (your sticks),0,0.0,0.0,0.0,0.0,50.608,0.0,0.0,3.70
15.170,STOCK (your sticks),0,0.0,0.0,0.0,0.0,50.608,0.0,0.0,3.70
15.190,STOCK (your sticks),0,0.0,0.0,0.0,0.0,50.608,0.0,0.0,3.70
15.212,STOCK (your sticks),0,0.0,0.0,0.0,0.0,50.608,0.0,0.0,3.70
15.236,STOCK (your sticks),0,0.0,0.0,0.0,0.0,50.608,0.0,0.0,3.70
15.261,STOCK (your sticks),0,0.0,0.0,0.0,0.0,50.608,0.0,0.0,3.70
15.283,STOCK (your sticks),0,0.0,0.0,0.0,0.0,50.608,0.0,0.0,3.70
15.306,STOCK (your sticks),0,0.0,0.0,0.0,0.0,50.608,0.0,0.0,3.70
15.327,STOCK (your sticks),0,0.0,0.0,0.0,0.0,50.571,0.0,0.0,3.70
15.352,STOCK (your sticks),0,0.0,0.0,0.0,0.0,50.571,0.0,0.0,3.70
15.375,STOCK (your sticks),0,0.0,0.0,0.0,0.0,50.571,0.0,0.0,3.70
15.400,STOCK (your sticks),0,0.0,0.0,0.0,0.0,50.571,0.0,0.0,3.70
15.424,STOCK (your sticks),0,0.0,0.0,0.0,0.0,50.571,0.0,0.0,3.70
15.447,STOCK (your sticks),0,0.0,0.0,0.0,0.0,50.529,0.0,0.0,3.70
15.471,STOCK (your sticks),0,0.0,0.0,0.0,0.0,50.529,0.0,0.0,3.70
15.492,STOCK (your sticks),0,0.0,0.0,0.0,0.0,50.529,0.0,0.0,3.70
15.513,STOCK (your sticks),0,0.0,0.0,0.0,0.0,50.529,0.0,0.0,3.70
15.533,STOCK (your sticks),0,0.0,0.0,0.0,0.0,50.529,0.0,0.0,3.70
15.554,STOCK (your sticks),0,0.0,0.0,0.0,0.0,50.529,0.0,0.0,3.70
15.575,STOCK (your sticks),0,0.0,0.0,0.0,0.0,50.529,0.0,0.0,3.70
15.599,STOCK (your sticks),0,0.0,0.0,0.0,0.0,50.529,0.0,0.0,3.70
15.620,STOCK (your sticks),0,0.0,0.0,0.0,0.0,50.529,0.0,0.0,3.70
15.644,STOCK (your sticks),0,0.0,0.0,0.0,0.0,50.583,0.0,0.0,3.70
15.669,STOCK (your sticks),0,0.0,0.0,0.0,0.0,50.583,0.0,0.0,3.70
15.693,STOCK (your sticks),0,0.0,0.0,0.0,0.0,50.583,0.0,0.0,3.70
15.715,STOCK (your sticks),0,0.0,0.0,0.0,0.0,50.583,0.0,0.0,3.70
15.736,STOCK (your sticks),0,0.0,0.0,0.0,0.0,50.583,0.0,0.0,3.70
15.758,STOCK (your sticks),0,0.0,0.0,0.0,0.0,50.583,0.0,0.0,3.70
15.783,STOCK (your sticks),0,0.0,0.0,0.0,0.0,50.583,0.0,0.0,3.70
15.803,STOCK (your sticks),0,0.0,0.0,0.0,0.0,50.583,0.0,0.0,3.70
15.824,STOCK (your sticks),0,0.0,0.0,0.0,0.0,50.583,0.0,0.0,3.70
15.849,STOCK (your sticks),0,0.0,0.0,0.0,0.0,50.593,0.0,0.0,3.70
15.869,STOCK (your sticks),0,0.0,0.0,0.0,0.0,50.599,0.0,0.0,3.70
15.890,STOCK (your sticks),0,0.0,0.0,0.0,0.0,50.599,0.0,0.0,3.70
15.910,STOCK (your sticks),0,0.0,0.0,0.0,0.0,50.599,0.0,0.0,3.70
15.932,STOCK (your sticks),0,0.0,0.0,0.0,0.0,50.599,0.0,0.0,3.70
15.952,STOCK (your sticks),0,0.0,0.0,0.0,0.0,50.565,0.0,0.0,3.70
15.975,STOCK (your sticks),0,0.0,0.0,0.0,0.0,50.565,0.0,0.0,3.70
15.998,STOCK (your sticks),0,0.0,0.0,0.0,0.0,50.565,0.0,0.0,3.70
16.019,STOCK (your sticks),0,0.0,0.0,0.0,0.0,50.565,0.0,0.0,3.70
16.040,STOCK (your sticks),0,0.0,0.0,0.0,0.0,50.565,0.0,0.0,3.70
16.064,STOCK (your sticks),0,0.0,0.0,0.0,0.0,50.565,0.0,0.0,3.70
16.089,STOCK (your sticks),0,0.0,0.0,0.0,0.0,50.565,0.0,0.0,3.70
16.110,STOCK (your sticks),0,0.0,0.0,0.0,0.0,50.565,0.0,0.0,3.70
16.133,STOCK (your sticks),0,0.0,0.0,0.0,0.0,50.565,0.0,0.0,3.70
16.156,STOCK (your sticks),0,0.0,0.0,0.0,0.0,50.550,0.0,0.0,3.70
16.181,STOCK (your sticks),0,0.0,0.0,0.0,0.0,50.550,0.0,0.0,3.70
16.205,STOCK (your sticks),0,0.0,0.0,0.0,0.0,50.550,0.0,0.0,3.70
16.229,STOCK (your sticks),0,0.0,0.0,0.0,0.0,50.550,0.0,0.0,3.70
16.250,STOCK (your sticks),0,0.0,0.0,0.0,0.0,50.550,0.0,0.0,3.70
16.275,STOCK (your sticks),0,0.0,0.0,0.0,0.0,50.550,0.0,0.0,3.70
16.296,STOCK (your sticks),0,0.0,0.0,0.0,0.0,50.550,0.0,0.0,3.70
16.321,STOCK (your sticks),0,0.0,0.0,0.0,0.0,50.550,0.0,0.0,3.70
16.346,STOCK (your sticks),0,0.0,0.0,0.0,0.0,50.550,0.0,0.0,3.70
16.367,STOCK (your sticks),0,0.0,0.0,0.0,0.0,50.554,0.0,0.0,3.70
16.391,STOCK (your sticks),0,0.0,0.0,0.0,0.0,50.570,0.0,0.0,3.70
16.415,STOCK (your sticks),0,0.0,0.0,0.0,0.0,50.570,0.0,0.0,3.70
16.440,STOCK (your sticks),0,0.0,0.0,0.0,0.0,50.570,0.0,0.0,3.70
16.463,STOCK (your sticks),0,0.0,0.0,0.0,0.0,50.570,0.0,0.0,3.70
16.484,STOCK (your sticks),0,0.0,0.0,0.0,0.0,50.586,0.0,0.0,3.70
16.508,STOCK (your sticks),0,0.0,0.0,0.0,0.0,50.586,0.0,0.0,3.70
16.531,STOCK (your sticks),0,0.0,0.0,0.0,0.0,50.586,0.0,0.0,3.70
16.556,STOCK (your sticks),0,0.0,0.0,0.0,0.0,50.586,0.0,0.0,3.70
16.576,STOCK (your sticks),0,0.0,0.0,0.0,0.0,50.586,0.0,0.0,3.70
16.601,STOCK (your sticks),0,0.0,0.0,0.0,0.0,50.586,0.0,0.0,3.70
16.623,STOCK (your sticks),0,0.0,0.0,0.0,0.0,50.586,0.0,0.0,3.70
16.644,STOCK (your sticks),0,0.0,0.0,0.0,0.0,50.586,0.0,0.0,3.70
16.669,STOCK (your sticks),0,0.0,0.0,0.0,0.0,50.586,0.0,0.0,3.70
16.694,STOCK (your sticks),0,0.0,0.0,0.0,0.0,50.691,0.0,0.0,3.70
16.718,STOCK (your sticks),0,0.0,0.0,0.0,0.0,50.691,0.0,0.0,3.70
16.743,STOCK (your sticks),0,0.0,0.0,0.0,0.0,50.691,0.0,0.0,3.70
16.768,STOCK (your sticks),0,0.0,0.0,0.0,0.0,50.691,0.0,0.0,3.70
16.794,STOCK (your sticks),0,0.0,0.0,0.0,0.0,50.691,0.0,0.0,3.70
16.815,STOCK (your sticks),0,0.0,0.0,0.0,0.0,50.691,0.0,0.0,3.70
16.840,STOCK (your sticks),0,0.0,0.0,0.0,0.0,50.691,0.0,0.0,3.70
16.864,STOCK (your sticks),0,0.0,0.0,0.0,0.0,50.691,0.0,0.0,3.70
16.888,STOCK (your sticks),0,0.0,0.0,0.0,0.0,50.618,0.0,0.0,3.70
16.913,STOCK (your sticks),0,0.0,0.0,0.0,0.0,50.612,0.0,0.0,3.70
16.936,STOCK (your sticks),0,0.0,0.0,0.0,0.0,50.612,0.0,0.0,3.70
16.960,STOCK (your sticks),0,0.0,0.0,0.0,0.0,50.612,0.0,0.0,3.70
16.985,STOCK (your sticks),0,0.0,0.0,0.0,0.0,50.612,0.0,0.0,3.70
17.008,STOCK (your sticks),0,0.0,0.0,0.0,0.0,50.626,0.0,0.0,3.70
17.031,STOCK (your sticks),0,0.0,0.0,0.0,0.0,50.626,0.0,0.0,3.70
17.055,STOCK (your sticks),0,0.0,0.0,0.0,0.0,50.626,0.0,0.0,3.70
17.078,STOCK (your sticks),0,0.0,0.0,0.0,0.0,50.626,0.0,0.0,3.70
17.100,STOCK (your sticks),0,0.0,0.0,0.0,0.0,50.626,0.0,0.0,3.70
17.121,STOCK (your sticks),0,0.0,0.0,0.0,0.0,50.626,0.0,0.0,3.70
17.144,STOCK (your sticks),0,0.0,0.0,0.0,0.0,50.626,0.0,0.0,3.70
17.167,STOCK (your sticks),0,0.0,0.0,0.0,0.0,50.626,0.0,0.0,3.70
17.192,STOCK (your sticks),0,0.0,0.0,0.0,0.0,50.702,0.0,0.0,3.70
17.217,STOCK (your sticks),0,0.0,0.0,0.0,0.0,50.702,0.0,0.0,3.70
17.241,STOCK (your sticks),0,0.0,0.0,0.0,0.0,50.702,0.0,0.0,3.70
17.261,STOCK (your sticks),0,0.0,0.0,0.0,0.0,50.702,0.0,0.0,3.70
17.286,STOCK (your sticks),0,0.0,0.0,0.0,0.0,50.702,0.0,0.0,3.70
17.307,STOCK (your sticks),0,0.0,0.0,0.0,0.0,50.702,0.0,0.0,3.70
17.328,STOCK (your sticks),0,0.0,0.0,0.0,0.0,50.702,0.0,0.0,3.70
17.348,STOCK (your sticks),0,0.0,0.0,0.0,0.0,50.702,0.0,0.0,3.70
17.370,STOCK (your sticks),0,0.0,0.0,0.0,0.0,50.702,0.0,0.0,3.70
17.394,STOCK (your sticks),0,0.0,0.0,0.0,0.0,50.768,0.0,0.0,3.70
17.414,STOCK (your sticks),0,0.0,0.0,0.0,0.0,50.768,0.0,0.0,3.70
17.434,STOCK (your sticks),0,0.0,0.0,0.0,0.0,50.768,0.0,0.0,3.70
17.458,STOCK (your sticks),0,0.0,0.0,0.0,0.0,50.768,0.0,0.0,3.70
17.482,STOCK (your sticks),0,0.0,0.0,0.0,0.0,50.768,0.0,0.0,3.70
17.503,STOCK (your sticks),0,0.0,0.0,0.0,0.0,50.740,0.0,0.0,3.70
17.524,STOCK (your sticks),0,0.0,0.0,0.0,0.0,50.740,0.0,0.0,3.70
17.546,STOCK (your sticks),0,0.0,0.0,0.0,0.0,50.740,0.0,0.0,3.70
17.571,STOCK (your sticks),0,0.0,0.0,0.0,0.0,50.740,0.0,0.0,3.70
17.592,STOCK (your sticks),0,0.0,0.0,0.0,0.0,50.740,0.0,0.0,3.70
17.613,STOCK (your sticks),0,0.0,0.0,0.0,0.0,50.740,0.0,0.0,3.70
17.634,STOCK (your sticks),0,0.0,0.0,0.0,0.0,50.740,0.0,0.0,3.70
17.657,STOCK (your sticks),0,0.0,0.0,0.0,0.0,50.740,0.0,0.0,3.70
17.682,STOCK (your sticks),0,0.0,0.0,0.0,0.0,50.740,0.0,0.0,3.70
17.702,STOCK (your sticks),0,0.0,0.0,0.0,0.0,50.749,0.0,0.0,3.70
17.725,STOCK (your sticks),0,0.0,0.0,0.0,0.0,50.749,0.0,0.0,3.70
17.746,STOCK (your sticks),0,0.0,0.0,0.0,0.0,50.749,0.0,0.0,3.70
17.771,STOCK (your sticks),0,0.0,0.0,0.0,0.0,50.749,0.0,0.0,3.70
17.796,STOCK (your sticks),0,0.0,0.0,0.0,0.0,50.749,0.0,0.0,3.70
17.817,STOCK (your sticks),0,0.0,0.0,0.0,0.0,50.749,0.0,0.0,3.70
17.840,STOCK (your sticks),0,0.0,0.0,0.0,0.0,50.749,0.0,0.0,3.70
17.860,STOCK (your sticks),0,0.0,0.0,0.0,0.0,50.749,0.0,0.0,3.70
17.882,STOCK (your sticks),0,0.0,0.0,0.0,0.0,50.749,0.0,0.0,3.70
17.907,STOCK (your sticks),0,0.0,0.0,0.0,0.0,50.671,0.0,0.0,3.70
17.932,STOCK (your sticks),0,0.0,0.0,0.0,0.0,50.673,0.0,0.0,3.70
17.955,STOCK (your sticks),0,0.0,0.0,0.0,0.0,50.673,0.0,0.0,3.70
17.980,STOCK (your sticks),0,0.0,0.0,0.0,0.0,50.673,0.0,0.0,3.70
18.000,STOCK (your sticks),0,0.0,0.0,0.0,0.0,50.673,0.0,0.0,3.70
18.022,STOCK (your sticks),0,0.0,0.0,0.0,0.0,50.664,0.0,0.0,3.70
18.042,STOCK (your sticks),0,0.0,0.0,0.0,0.0,50.664,0.0,0.0,3.70
18.064,STOCK (your sticks),0,0.0,0.0,0.0,0.0,50.664,0.0,0.0,3.70
18.086,STOCK (your sticks),0,0.0,0.0,0.0,0.0,50.664,0.0,0.0,3.70
18.108,STOCK (your sticks),0,0.0,0.0,0.0,0.0,50.664,0.0,0.0,3.70
18.128,STOCK (your sticks),0,0.0,0.0,0.0,0.0,50.664,0.0,0.0,3.70
18.149,STOCK (your sticks),0,0.0,0.0,0.0,0.0,50.664,0.0,0.0,3.70
18.173,STOCK (your sticks),0,0.0,0.0,0.0,0.0,50.664,0.0,0.0,3.70
18.194,STOCK (your sticks),0,0.0,0.0,0.0,0.0,50.664,0.0,0.0,3.70
18.218,STOCK (your sticks),0,0.0,0.0,0.0,0.0,50.883,0.0,0.0,3.70
18.242,STOCK (your sticks),0,0.0,0.0,0.0,0.0,50.883,0.0,0.0,3.70
18.266,STOCK (your sticks),0,0.0,0.0,0.0,0.0,50.883,0.0,0.0,3.70
18.289,STOCK (your sticks),0,0.0,0.0,0.0,0.0,50.883,0.0,0.0,3.70
18.308,STOCK (your sticks),0,0.0,0.0,0.0,0.0,50.883,0.0,0.0,3.70
18.333,STOCK (your sticks),0,0.0,0.0,0.0,0.0,50.883,0.0,0.0,3.70
18.357,STOCK (your sticks),0,0.0,0.0,0.0,0.0,50.883,0.0,0.0,3.70
18.381,STOCK (your sticks),0,0.0,0.0,0.0,0.0,50.883,0.0,0.0,3.70
18.407,STOCK (your sticks),0,0.0,0.0,0.0,0.0,50.883,0.0,0.0,3.70
18.430,STOCK (your sticks),0,0.0,0.0,0.0,0.0,50.863,0.0,0.0,3.70
18.451,STOCK (your sticks),0,0.0,0.0,0.0,0.0,50.869,0.0,0.0,3.70
18.475,STOCK (your sticks),0,0.0,0.0,0.0,0.0,50.869,0.0,0.0,3.70
18.499,STOCK (your sticks),0,0.0,0.0,0.0,0.0,50.869,0.0,0.0,3.70
18.523,STOCK (your sticks),0,0.0,0.0,0.0,0.0,50.869,0.0,0.0,3.70
18.543,STOCK (your sticks),0,0.0,0.0,0.0,0.0,50.861,0.0,0.0,3.70
18.568,STOCK (your sticks),0,0.0,0.0,0.0,0.0,50.861,0.0,0.0,3.70
18.589,STOCK (your sticks),0,0.0,0.0,0.0,0.0,50.861,0.0,0.0,3.70
18.610,STOCK (your sticks),0,0.0,0.0,0.0,0.0,50.861,0.0,0.0,3.70
18.631,STOCK (your sticks),0,0.0,0.0,0.0,0.0,50.861,0.0,0.0,3.70
18.656,STOCK (your sticks),0,0.0,0.0,0.0,0.0,50.861,0.0,0.0,3.70
18.681,STOCK (your sticks),0,0.0,0.0,0.0,0.0,50.861,0.0,0.0,3.70
18.702,STOCK (your sticks),0,0.0,0.0,0.0,0.0,50.861,0.0,0.0,3.70
18.725,STOCK (your sticks),0,0.0,0.0,0.0,0.0,50.861,0.0,0.0,3.70
18.747,STOCK (your sticks),0,0.0,0.0,0.0,0.0,50.845,0.0,0.0,3.70
18.769,STOCK (your sticks),0,0.0,0.0,0.0,0.0,50.845,0.0,0.0,3.70
18.791,STOCK (your sticks),0,0.0,0.0,0.0,0.0,50.845,0.0,0.0,3.70
18.812,STOCK (your sticks),0,0.0,0.0,0.0,0.0,50.845,0.0,0.0,3.70
18.835,STOCK (your sticks),0,0.0,0.0,0.0,0.0,50.845,0.0,0.0,3.70
18.856,STOCK (your sticks),0,0.0,0.0,0.0,0.0,50.845,0.0,0.0,3.70
18.876,STOCK (your sticks),0,0.0,0.0,0.0,0.0,50.845,0.0,0.0,3.70
18.899,STOCK (your sticks),0,0.0,0.0,0.0,0.0,50.845,0.0,0.0,3.70
18.920,STOCK (your sticks),0,0.0,0.0,0.0,0.0,50.845,0.0,0.0,3.70
18.941,STOCK (your sticks),0,0.0,0.0,0.0,0.0,50.759,0.0,0.0,3.70
18.965,STOCK (your sticks),0,0.0,0.0,0.0,0.0,50.756,0.0,0.0,3.70
18.987,STOCK (your sticks),0,0.0,0.0,0.0,0.0,50.756,0.0,0.0,3.70
19.008,STOCK (your sticks),0,0.0,0.0,0.0,0.0,50.756,0.0,0.0,3.70
19.029,STOCK (your sticks),0,0.0,0.0,0.0,0.0,50.756,0.0,0.0,3.70
19.050,STOCK (your sticks),0,0.0,0.0,0.0,0.0,50.730,0.0,0.0,3.70
19.074,STOCK (your sticks),0,0.0,0.0,0.0,0.0,50.730,0.0,0.0,3.70
19.097,STOCK (your sticks),0,0.0,0.0,0.0,0.0,50.730,0.0,0.0,3.70
19.122,STOCK (your sticks),0,0.0,0.0,0.0,0.0,50.730,0.0,0.0,3.70
19.148,STOCK (your sticks),0,0.0,0.0,0.0,0.0,50.730,0.0,0.0,3.70
19.171,STOCK (your sticks),0,0.0,0.0,0.0,0.0,50.730,0.0,0.0,3.70
19.192,STOCK (your sticks),0,0.0,0.0,0.0,0.0,50.730,0.0,0.0,3.70
19.217,STOCK (your sticks),0,0.0,0.0,0.0,0.0,50.730,0.0,0.0,3.70
19.238,STOCK (your sticks),0,0.0,0.0,0.0,0.0,50.730,0.0,0.0,3.70
19.259,STOCK (your sticks),0,0.0,0.0,0.0,0.0,50.786,0.0,0.0,3.70
19.283,STOCK (your sticks),0,0.0,0.0,0.0,0.0,50.786,0.0,0.0,3.70
19.304,STOCK (your sticks),0,0.0,0.0,0.0,0.0,50.786,0.0,0.0,3.70
19.324,STOCK (your sticks),0,0.0,0.0,0.0,0.0,50.786,0.0,0.0,3.70
19.347,STOCK (your sticks),0,0.0,0.0,0.0,0.0,50.786,0.0,0.0,3.70
19.372,STOCK (your sticks),0,0.0,0.0,0.0,0.0,50.786,0.0,0.0,3.70
19.397,STOCK (your sticks),0,0.0,0.0,0.0,0.0,50.786,0.0,0.0,3.70
19.418,STOCK (your sticks),0,0.0,0.0,0.0,0.0,50.786,0.0,0.0,3.70
19.442,STOCK (your sticks),0,0.0,0.0,0.0,0.0,50.786,0.0,0.0,3.70
19.467,STOCK (your sticks),0,0.0,0.0,0.0,0.0,50.737,0.0,0.0,3.70
19.492,STOCK (your sticks),0,0.0,0.0,0.0,0.0,50.737,0.0,0.0,3.70
19.517,STOCK (your sticks),0,0.0,0.0,0.0,0.0,50.737,0.0,0.0,3.70
19.542,STOCK (your sticks),0,0.0,0.0,0.0,0.0,50.737,0.0,0.0,3.70
19.564,STOCK (your sticks),0,0.0,0.0,0.0,0.0,50.726,0.0,0.0,3.70
19.586,STOCK (your sticks),0,0.0,0.0,0.0,0.0,50.726,0.0,0.0,3.70
19.608,STOCK (your sticks),0,0.0,0.0,0.0,0.0,50.726,0.0,0.0,3.70
19.633,STOCK (your sticks),0,0.0,0.0,0.0,0.0,50.726,0.0,0.0,3.70
19.654,STOCK (your sticks),0,0.0,0.0,0.0,0.0,50.726,0.0,0.0,3.70
19.678,STOCK (your sticks),0,0.0,0.0,0.0,0.0,50.726,0.0,0.0,3.70
19.699,STOCK (your sticks),0,0.0,0.0,0.0,0.0,50.726,0.0,0.0,3.70
19.724,STOCK (your sticks),0,0.0,0.0,0.0,0.0,50.726,0.0,0.0,3.70
19.749,STOCK (your sticks),0,0.0,0.0,0.0,0.0,50.668,0.0,0.0,3.70
19.773,STOCK (your sticks),0,0.0,0.0,0.0,0.0,50.668,0.0,0.0,3.70
19.798,STOCK (your sticks),0,0.0,0.0,0.0,0.0,50.668,0.0,0.0,3.70
19.818,STOCK (your sticks),0,0.0,0.0,0.0,0.0,50.668,0.0,0.0,3.70
19.842,STOCK (your sticks),0,0.0,0.0,0.0,0.0,50.668,0.0,0.0,3.70
19.866,STOCK (your sticks),0,0.0,0.0,0.0,0.0,50.668,0.0,0.0,3.70
19.889,STOCK (your sticks),0,0.0,0.0,0.0,0.0,50.668,0.0,0.0,3.70
19.914,STOCK (your sticks),0,0.0,0.0,0.0,0.0,50.668,0.0,0.0,3.70
19.939,STOCK (your sticks),0,0.0,0.0,0.0,0.0,50.668,0.0,0.0,3.70
19.964,STOCK (your sticks),0,0.0,0.0,0.0,0.0,50.715,0.0,0.0,3.70
19.984,STOCK (your sticks),0,0.0,0.0,0.0,0.0,50.723,0.0,0.0,3.70
20.007,STOCK (your sticks),0,0.0,0.0,0.0,0.0,50.723,0.0,0.0,3.70
20.032,STOCK (your sticks),0,0.0,0.0,0.0,0.0,50.723,0.0,0.0,3.70
20.053,STOCK (your sticks),0,0.0,0.0,0.0,0.0,50.723,0.0,0.0,3.70
20.073,STOCK (your sticks),0,0.0,0.0,0.0,0.0,50.695,0.0,0.0,3.70
20.096,STOCK (your sticks),0,0.0,0.0,0.0,0.0,50.695,0.0,0.0,3.70
20.121,STOCK (your sticks),0,0.0,0.0,0.0,0.0,50.695,0.0,0.0,3.70
20.142,STOCK (your sticks),0,0.0,0.0,0.0,0.0,50.695,0.0,0.0,3.70
20.165,STOCK (your sticks),0,0.0,0.0,0.0,0.0,50.695,0.0,0.0,3.70
20.189,STOCK (your sticks),0,0.0,0.0,0.0,0.0,50.695,0.0,0.0,3.70
20.212,STOCK (your sticks),0,0.0,0.0,0.0,0.0,50.695,0.0,0.0,3.70
20.237,STOCK (your sticks),0,0.0,0.0,0.0,0.0,50.695,0.0,0.0,3.70
20.261,STOCK (your sticks),0,0.0,0.0,0.0,0.0,50.695,0.0,0.0,3.70
20.281,STOCK (your sticks),0,0.0,0.0,0.0,0.0,50.599,0.0,0.0,3.70
20.306,STOCK (your sticks),0,0.0,0.0,0.0,0.0,50.599,0.0,0.0,3.70
20.331,STOCK (your sticks),0,0.0,0.0,0.0,0.0,50.599,0.0,0.0,3.70
20.356,STOCK (your sticks),0,0.0,0.0,0.0,0.0,50.599,0.0,0.0,3.70
20.380,STOCK (your sticks),0,0.0,0.0,0.0,0.0,50.599,0.0,0.0,3.70
20.405,STOCK (your sticks),0,0.0,0.0,0.0,0.0,50.599,0.0,0.0,3.70
20.426,STOCK (your sticks),0,0.0,0.0,0.0,0.0,50.599,0.0,0.0,3.70
20.449,STOCK (your sticks),0,0.0,0.0,0.0,0.0,50.599,0.0,0.0,3.70
20.471,STOCK (your sticks),0,0.0,0.0,0.0,0.0,50.758,0.0,0.0,3.70
20.493,STOCK (your sticks),0,0.0,0.0,0.0,0.0,50.755,0.0,0.0,3.70
20.515,STOCK (your sticks),0,0.0,0.0,0.0,0.0,50.755,0.0,0.0,3.70
20.536,STOCK (your sticks),0,0.0,0.0,0.0,0.0,50.755,0.0,0.0,3.70
20.556,STOCK (your sticks),0,0.0,0.0,0.0,0.0,50.755,0.0,0.0,3.70
20.577,STOCK (your sticks),0,0.0,0.0,0.0,0.0,50.737,0.0,0.0,3.70
20.600,STOCK (your sticks),0,0.0,0.0,0.0,0.0,50.737,0.0,0.0,3.70
20.625,STOCK (your sticks),0,0.0,0.0,0.0,0.0,50.737,0.0,0.0,3.70
20.649,STOCK (your sticks),0,0.0,0.0,0.0,0.0,50.737,0.0,0.0,3.70
20.673,STOCK (your sticks),0,0.0,0.0,0.0,0.0,50.737,0.0,0.0,3.70
20.698,STOCK (your sticks),0,0.0,0.0,0.0,0.0,50.737,0.0,0.0,3.70
20.721,STOCK (your sticks),0,0.0,0.0,0.0,0.0,50.737,0.0,0.0,3.70
20.745,STOCK (your sticks),0,0.0,0.0,0.0,0.0,50.737,0.0,0.0,3.70
20.770,STOCK (your sticks),0,0.0,0.0,0.0,0.0,50.737,0.0,0.0,3.70
20.794,STOCK (your sticks),0,0.0,0.0,0.0,0.0,50.740,0.0,0.0,3.70
20.817,STOCK (your sticks),0,0.0,0.0,0.0,0.0,50.740,0.0,0.0,3.70
20.839,STOCK (your sticks),0,0.0,0.0,0.0,0.0,50.740,0.0,0.0,3.70
20.860,STOCK (your sticks),0,0.0,0.0,0.0,0.0,50.740,0.0,0.0,3.70
20.885,STOCK (your sticks),0,0.0,0.0,0.0,0.0,50.740,0.0,0.0,3.70
20.910,STOCK (your sticks),0,0.0,0.0,0.0,0.0,50.740,0.0,0.0,3.70
20.933,STOCK (your sticks),0,0.0,0.0,0.0,0.0,50.740,0.0,0.0,3.70
20.958,STOCK (your sticks),0,0.0,0.0,0.0,0.0,50.740,0.0,0.0,3.70
20.982,STOCK (your sticks),0,0.0,0.0,0.0,0.0,50.708,0.0,0.0,3.70
21.007,STOCK (your sticks),0,0.0,0.0,0.0,0.0,50.707,0.0,0.0,3.70
21.032,STOCK (your sticks),0,0.0,0.0,0.0,0.0,50.707,0.0,0.0,3.70
21.056,STOCK (your sticks),0,0.0,0.0,0.0,0.0,50.707,0.0,0.0,3.70
21.081,STOCK (your sticks),0,0.0,0.0,0.0,0.0,50.707,0.0,0.0,3.70
21.106,STOCK (your sticks),0,0.0,0.0,0.0,0.0,50.761,0.0,0.0,3.70
21.131,STOCK (your sticks),0,0.0,0.0,0.0,0.0,50.761,0.0,0.0,3.70
21.155,STOCK (your sticks),0,0.0,0.0,0.0,0.0,50.761,0.0,0.0,3.70
21.180,STOCK (your sticks),0,0.0,0.0,0.0,0.0,50.761,0.0,0.0,3.70
21.205,STOCK (your sticks),0,0.0,0.0,0.0,0.0,50.761,0.0,0.0,3.70
21.225,STOCK (your sticks),0,0.0,0.0,0.0,0.0,50.761,0.0,0.0,3.70
21.248,STOCK (your sticks),0,0.0,0.0,0.0,0.0,50.761,0.0,0.0,3.70
21.270,STOCK (your sticks),0,0.0,0.0,0.0,0.0,50.761,0.0,0.0,3.70
21.291,STOCK (your sticks),0,0.0,0.0,0.0,0.0,50.809,0.0,0.0,3.70
21.315,STOCK (your sticks),0,0.0,0.0,0.0,0.0,50.809,0.0,0.0,3.70
21.337,STOCK (your sticks),0,0.0,0.0,0.0,0.0,50.809,0.0,0.0,3.70
21.362,STOCK (your sticks),0,0.0,0.0,0.0,0.0,50.809,0.0,0.0,3.70
21.387,STOCK (your sticks),0,0.0,0.0,0.0,0.0,50.809,0.0,0.0,3.70
21.408,STOCK (your sticks),0,0.0,0.0,0.0,0.0,50.809,0.0,0.0,3.70
21.433,STOCK (your sticks),0,0.0,0.0,0.0,0.0,50.809,0.0,0.0,3.70
21.458,STOCK (your sticks),0,0.0,0.0,0.0,0.0,50.809,0.0,0.0,3.70
21.483,STOCK (your sticks),0,0.0,0.0,0.0,0.0,50.809,0.0,0.0,3.70
21.508,STOCK (your sticks),0,0.0,0.0,0.0,0.0,50.853,0.0,0.0,3.70
21.533,STOCK (your sticks),0,0.0,0.0,0.0,0.0,50.853,0.0,0.0,3.70
21.557,STOCK (your sticks),0,0.0,0.0,0.0,0.0,50.853,0.0,0.0,3.70
21.579,STOCK (your sticks),0,0.0,0.0,0.0,0.0,50.853,0.0,0.0,3.70
21.602,STOCK (your sticks),0,0.0,0.0,0.0,0.0,50.895,0.0,0.0,3.70
21.625,STOCK (your sticks),0,0.0,0.0,0.0,0.0,50.895,0.0,0.0,3.70
21.650,STOCK (your sticks),0,0.0,0.0,0.0,0.0,50.895,0.0,0.0,3.70
21.675,STOCK (your sticks),0,0.0,0.0,0.0,0.0,50.895,0.0,0.0,3.70
21.697,STOCK (your sticks),0,0.0,0.0,0.0,0.0,50.895,0.0,0.0,3.70
21.722,STOCK (your sticks),0,0.0,0.0,0.0,0.0,50.895,0.0,0.0,3.70
21.747,STOCK (your sticks),0,0.0,0.0,0.0,0.0,50.895,0.0,0.0,3.70
21.771,STOCK (your sticks),0,0.0,0.0,0.0,0.0,50.895,0.0,0.0,3.70
21.792,STOCK (your sticks),0,0.0,0.0,0.0,0.0,50.858,0.0,0.0,3.70
21.815,STOCK (your sticks),0,0.0,0.0,0.0,0.0,50.858,0.0,0.0,3.70
21.840,STOCK (your sticks),0,0.0,0.0,0.0,0.0,50.858,0.0,0.0,3.70
21.862,STOCK (your sticks),0,0.0,0.0,0.0,0.0,50.858,0.0,0.0,3.70
21.883,STOCK (your sticks),0,0.0,0.0,0.0,0.0,50.858,0.0,0.0,3.70
21.908,STOCK (your sticks),0,0.0,0.0,0.0,0.0,50.858,0.0,0.0,3.70
21.932,STOCK (your sticks),0,0.0,0.0,0.0,0.0,50.858,0.0,0.0,3.70
21.957,STOCK (your sticks),0,0.0,0.0,0.0,0.0,50.858,0.0,0.0,3.70
21.982,STOCK (your sticks),0,0.0,0.0,0.0,0.0,50.858,0.0,0.0,3.70
22.005,STOCK (your sticks),0,0.0,0.0,0.0,0.0,50.877,0.0,0.0,3.70
22.027,STOCK (your sticks),0,0.0,0.0,0.0,0.0,50.906,0.0,0.0,3.70
22.049,STOCK (your sticks),0,0.0,0.0,0.0,0.0,50.906,0.0,0.0,3.70
22.072,STOCK (your sticks),0,0.0,0.0,0.0,0.0,50.906,0.0,0.0,3.70
22.097,STOCK (your sticks),0,0.0,0.0,0.0,0.0,50.906,0.0,0.0,3.70
22.122,STOCK (your sticks),0,0.0,0.0,0.0,0.0,51.034,0.0,0.0,3.70
22.147,STOCK (your sticks),0,0.0,0.0,0.0,0.0,51.034,0.0,0.0,3.70
22.168,STOCK (your sticks),0,0.0,0.0,0.0,0.0,51.034,0.0,0.0,3.70
22.193,STOCK (your sticks),0,0.0,0.0,0.0,0.0,51.034,0.0,0.0,3.70
22.218,STOCK (your sticks),0,0.0,0.0,0.0,0.0,51.034,0.0,0.0,3.70
22.243,STOCK (your sticks),0,0.0,0.0,0.0,0.0,51.034,0.0,0.0,3.70
22.268,STOCK (your sticks),0,0.0,0.0,0.0,0.0,51.034,0.0,0.0,3.70
22.293,STOCK (your sticks),0,0.0,0.0,0.0,0.0,51.034,0.0,0.0,3.70
22.316,STOCK (your sticks),0,0.0,0.0,0.0,0.0,51.155,0.0,0.0,3.70
22.340,STOCK (your sticks),0,0.0,0.0,0.0,0.0,51.155,0.0,0.0,3.70
22.363,STOCK (your sticks),0,0.0,0.0,0.0,0.0,51.155,0.0,0.0,3.70
22.387,STOCK (your sticks),0,0.0,0.0,0.0,0.0,51.155,0.0,0.0,3.70
22.412,STOCK (your sticks),0,0.0,0.0,0.0,0.0,51.155,0.0,0.0,3.70
22.436,STOCK (your sticks),0,0.0,0.0,0.0,0.0,51.155,0.0,0.0,3.70
22.459,STOCK (your sticks),0,0.0,0.0,0.0,0.0,51.155,0.0,0.0,3.70
22.483,STOCK (your sticks),0,0.0,0.0,0.0,0.0,51.155,0.0,0.0,3.70
22.506,STOCK (your sticks),0,0.0,0.0,0.0,0.0,51.155,0.0,0.0,3.70
22.531,STOCK (your sticks),0,0.0,0.0,0.0,0.0,51.285,0.0,0.0,3.70
22.555,STOCK (your sticks),0,0.0,0.0,0.0,0.0,51.285,0.0,0.0,3.70
22.575,STOCK (your sticks),0,0.0,0.0,0.0,0.0,51.285,0.0,0.0,3.70
22.596,STOCK (your sticks),0,0.0,0.0,0.0,0.0,51.285,0.0,0.0,3.70
22.620,STOCK (your sticks),0,0.0,0.0,0.0,0.0,51.370,0.0,0.0,3.70
22.645,STOCK (your sticks),0,0.0,0.0,0.0,0.0,51.370,0.0,0.0,3.70
22.666,STOCK (your sticks),0,0.0,0.0,0.0,0.0,51.370,0.0,0.0,3.70
22.691,STOCK (your sticks),0,0.0,0.0,0.0,0.0,51.370,0.0,0.0,3.70
22.713,STOCK (your sticks),0,0.0,0.0,0.0,0.0,51.370,0.0,0.0,3.70
22.738,STOCK (your sticks),0,0.0,0.0,0.0,0.0,51.370,0.0,0.0,3.70
22.763,STOCK (your sticks),0,0.0,0.0,0.0,0.0,51.370,0.0,0.0,3.70
22.787,STOCK (your sticks),0,0.0,0.0,0.0,0.0,51.370,0.0,0.0,3.70
22.812,STOCK (your sticks),0,0.0,0.0,0.0,0.0,51.533,0.0,0.0,3.70
22.833,STOCK (your sticks),0,0.0,0.0,0.0,0.0,51.533,0.0,0.0,3.70
22.854,STOCK (your sticks),0,0.0,0.0,0.0,0.0,51.533,0.0,0.0,3.70
22.878,STOCK (your sticks),0,0.0,0.0,0.0,0.0,51.533,0.0,0.0,3.70
22.903,STOCK (your sticks),0,0.0,0.0,0.0,0.0,51.533,0.0,0.0,3.70
22.925,STOCK (your sticks),0,0.0,0.0,0.0,0.0,51.533,0.0,0.0,3.70
22.946,STOCK (your sticks),0,0.0,0.0,0.0,0.0,51.533,0.0,0.0,3.70
22.971,STOCK (your sticks),0,0.0,0.0,0.0,0.0,51.533,0.0,0.0,3.70
22.992,STOCK (your sticks),0,0.0,0.0,0.0,0.0,51.533,0.0,0.0,3.70
23.012,STOCK (your sticks),0,0.0,0.0,0.0,0.0,51.649,0.0,0.0,3.70
23.033,STOCK (your sticks),0,0.0,0.0,0.0,0.0,51.649,0.0,0.0,3.70
23.055,STOCK (your sticks),0,0.0,0.0,0.0,0.0,51.649,0.0,0.0,3.70
23.080,STOCK (your sticks),0,0.0,0.0,0.0,0.0,51.649,0.0,0.0,3.70
23.100,STOCK (your sticks),0,0.0,0.0,0.0,0.0,51.649,0.0,0.0,3.70
23.125,STOCK (your sticks),0,0.0,0.0,0.0,0.0,51.783,0.0,0.0,3.70
23.150,STOCK (your sticks),0,0.0,0.0,0.0,0.0,51.783,0.0,0.0,3.70
23.175,STOCK (your sticks),0,0.0,0.0,0.0,0.0,51.783,0.0,0.0,3.70
23.200,STOCK (your sticks),0,0.0,0.0,0.0,0.0,51.783,0.0,0.0,3.70
23.222,STOCK (your sticks),0,0.0,0.0,0.0,0.0,51.783,0.0,0.0,3.70
23.242,STOCK (your sticks),0,0.0,0.0,0.0,0.0,51.783,0.0,0.0,3.70
23.265,STOCK (your sticks),0,0.0,0.0,0.0,0.0,51.783,0.0,0.0,3.70
23.290,STOCK (your sticks),0,0.0,0.0,0.0,0.0,51.783,0.0,0.0,3.70
23.315,STOCK (your sticks),0,0.0,0.0,0.0,0.0,51.907,0.0,0.0,3.70
23.340,STOCK (your sticks),0,0.0,0.0,0.0,0.0,51.907,0.0,0.0,3.70
23.360,STOCK (your sticks),0,0.0,0.0,0.0,0.0,51.907,0.0,0.0,3.70
23.382,STOCK (your sticks),0,0.0,0.0,0.0,0.0,51.907,0.0,0.0,3.70
23.406,STOCK (your sticks),0,0.0,0.0,0.0,0.0,51.907,0.0,0.0,3.70
23.430,STOCK (your sticks),0,0.0,0.0,0.0,0.0,51.907,0.0,0.0,3.70
23.454,STOCK (your sticks),0,0.0,0.0,0.0,0.0,51.907,0.0,0.0,3.70
23.477,STOCK (your sticks),0,0.0,0.0,0.0,0.0,51.907,0.0,0.0,3.70
23.500,STOCK (your sticks),0,0.0,0.0,0.0,0.0,51.907,0.0,0.0,3.70
23.524,STOCK (your sticks),0,0.0,0.0,0.0,0.0,51.966,0.0,0.0,3.70
23.546,STOCK (your sticks),0,0.0,0.0,0.0,0.0,51.976,0.0,0.0,3.70
23.567,STOCK (your sticks),0,0.0,0.0,0.0,0.0,51.976,0.0,0.0,3.70
23.592,STOCK (your sticks),0,0.0,0.0,0.0,0.0,51.976,0.0,0.0,3.70
23.612,STOCK (your sticks),0,0.0,0.0,0.0,0.0,51.976,0.0,0.0,3.70
23.636,STOCK (your sticks),0,0.0,0.0,0.0,0.0,52.047,0.0,0.0,3.70
23.656,STOCK (your sticks),0,0.0,0.0,0.0,0.0,52.047,0.0,0.0,3.70
23.681,STOCK (your sticks),0,0.0,0.0,0.0,0.0,52.047,0.0,0.0,3.70
23.706,STOCK (your sticks),0,0.0,0.0,0.0,0.0,52.047,0.0,0.0,3.70
23.726,STOCK (your sticks),0,0.0,0.0,0.0,0.0,52.047,0.0,0.0,3.70
23.752,STOCK (your sticks),0,0.0,0.0,0.0,0.0,52.047,0.0,0.0,3.70
23.776,STOCK (your sticks),0,0.0,0.0,0.0,0.0,52.047,0.0,0.0,3.70
23.801,STOCK (your sticks),0,0.0,0.0,0.0,0.0,52.047,0.0,0.0,3.70
23.826,STOCK (your sticks),0,0.0,0.0,0.0,0.0,52.059,0.0,0.0,3.70
23.849,STOCK (your sticks),0,0.0,0.0,0.0,0.0,52.059,0.0,0.0,3.70
23.873,STOCK (your sticks),0,0.0,0.0,0.0,0.0,52.059,0.0,0.0,3.70
23.899,STOCK (your sticks),0,0.0,0.0,0.0,0.0,52.059,0.0,0.0,3.70
23.924,STOCK (your sticks),0,0.0,0.0,0.0,0.0,52.059,0.0,0.0,3.70
23.949,STOCK (your sticks),0,0.0,0.0,0.0,0.0,52.059,0.0,0.0,3.70
23.974,STOCK (your sticks),0,0.0,0.0,0.0,0.0,52.059,0.0,0.0,3.70
23.998,STOCK (your sticks),0,0.0,0.0,0.0,0.0,52.059,0.0,0.0,3.70
24.023,STOCK (your sticks),0,0.0,0.0,0.0,0.0,52.059,0.0,0.0,3.70
24.048,STOCK (your sticks),0,0.0,0.0,0.0,0.0,52.042,0.0,0.0,3.70
24.072,STOCK (your sticks),0,0.0,0.0,0.0,0.0,52.027,0.0,0.0,3.70
24.097,STOCK (your sticks),0,0.0,0.0,0.0,0.0,52.027,0.0,0.0,3.70
24.118,STOCK (your sticks),0,0.0,0.0,0.0,0.0,52.027,0.0,0.0,3.70
24.141,STOCK (your sticks),0,0.0,0.0,0.0,0.0,52.027,0.0,0.0,3.70
24.163,STOCK (your sticks),0,0.0,0.0,0.0,0.0,52.085,0.0,0.0,3.70
24.186,STOCK (your sticks),0,0.0,0.0,0.0,0.0,52.085,0.0,0.0,3.70
24.207,STOCK (your sticks),0,0.0,0.0,0.0,0.0,52.085,0.0,0.0,3.70
24.229,STOCK (your sticks),0,0.0,0.0,0.0,0.0,52.085,0.0,0.0,3.70
24.252,STOCK (your sticks),0,0.0,0.0,0.0,0.0,52.085,0.0,0.0,3.70
24.275,STOCK (your sticks),0,0.0,0.0,0.0,0.0,52.085,0.0,0.0,3.70
24.300,STOCK (your sticks),0,0.0,0.0,0.0,0.0,52.085,0.0,0.0,3.70
24.325,STOCK (your sticks),0,0.0,0.0,0.0,0.0,52.085,0.0,0.0,3.70
24.350,STOCK (your sticks),0,0.0,0.0,0.0,0.0,52.041,0.0,0.0,3.70
24.375,STOCK (your sticks),0,0.0,0.0,0.0,0.0,52.041,0.0,0.0,3.70
24.396,STOCK (your sticks),0,0.0,0.0,0.0,0.0,52.041,0.0,0.0,3.70
24.421,STOCK (your sticks),0,0.0,0.0,0.0,0.0,52.041,0.0,0.0,3.70
24.442,STOCK (your sticks),0,0.0,0.0,0.0,0.0,52.041,0.0,0.0,3.70
24.465,STOCK (your sticks),0,0.0,0.0,0.0,0.0,52.041,0.0,0.0,3.70
24.490,STOCK (your sticks),0,0.0,0.0,0.0,0.0,52.041,0.0,0.0,3.70
24.515,STOCK (your sticks),0,0.0,0.0,0.0,0.0,52.041,0.0,0.0,3.70
24.536,STOCK (your sticks),0,0.0,0.0,0.0,0.0,52.041,0.0,0.0,3.70
24.559,STOCK (your sticks),0,0.0,0.0,0.0,0.0,52.124,0.0,0.0,3.70
24.580,STOCK (your sticks),0,0.0,0.0,0.0,0.0,52.123,0.0,0.0,3.70
24.602,STOCK (your sticks),0,0.0,0.0,0.0,0.0,52.123,0.0,0.0,3.70
24.625,STOCK (your sticks),0,0.0,0.0,0.0,0.0,52.123,0.0,0.0,3.70
24.650,STOCK (your sticks),0,0.0,0.0,0.0,0.0,52.123,0.0,0.0,3.70
24.675,STOCK (your sticks),0,0.0,0.0,0.0,0.0,52.116,0.0,0.0,3.70
24.696,STOCK (your sticks),0,0.0,0.0,0.0,0.0,52.116,0.0,0.0,3.70
24.717,STOCK (your sticks),0,0.0,0.0,0.0,0.0,52.116,0.0,0.0,3.70
24.742,STOCK (your sticks),0,0.0,0.0,0.0,0.0,52.116,0.0,0.0,3.70
24.767,STOCK (your sticks),0,0.0,0.0,0.0,0.0,52.116,0.0,0.0,3.70
24.788,STOCK (your sticks),0,0.0,0.0,0.0,0.0,52.116,0.0,0.0,3.70
24.808,STOCK (your sticks),0,0.0,0.0,0.0,0.0,52.116,0.0,0.0,3.70
24.830,STOCK (your sticks),0,0.0,0.0,0.0,0.0,52.116,0.0,0.0,3.70
24.855,STOCK (your sticks),0,0.0,0.0,0.0,0.0,52.116,0.0,0.0,3.70
24.880,STOCK (your sticks),0,0.0,0.0,0.0,0.0,52.126,0.0,0.0,3.70
24.905,STOCK (your sticks),0,0.0,0.0,0.0,0.0,52.126,0.0,0.0,3.70
24.929,STOCK (your sticks),0,0.0,0.0,0.0,0.0,52.126,0.0,0.0,3.70
24.954,STOCK (your sticks),0,0.0,0.0,0.0,0.0,52.126,0.0,0.0,3.70
24.979,STOCK (your sticks),0,0.0,0.0,0.0,0.0,52.126,0.0,0.0,3.70
25.003,STOCK (your sticks),0,0.0,0.0,0.0,0.0,52.126,0.0,0.0,3.70
25.025,STOCK (your sticks),0,0.0,0.0,0.0,0.0,52.126,0.0,0.0,3.70
25.050,STOCK (your sticks),0,0.0,0.0,0.0,0.0,52.126,0.0,0.0,3.70
25.070,STOCK (your sticks),0,0.0,0.0,0.0,0.0,52.021,0.0,0.0,3.70
25.092,STOCK (your sticks),0,0.0,0.0,0.0,0.0,52.013,0.0,0.0,3.70
25.114,STOCK (your sticks),0,0.0,0.0,0.0,0.0,52.013,0.0,0.0,3.70
25.136,STOCK (your sticks),0,0.0,0.0,0.0,0.0,52.013,0.0,0.0,3.70
25.158,STOCK (your sticks),0,0.0,0.0,0.0,0.0,52.013,0.0,0.0,3.70
25.181,STOCK (your sticks),0,0.0,0.0,0.0,0.0,52.023,0.0,0.0,3.70
25.205,STOCK (your sticks),0,0.0,0.0,0.0,0.0,52.023,0.0,0.0,3.70
25.225,STOCK (your sticks),0,0.0,0.0,0.0,0.0,52.023,0.0,0.0,3.70
25.249,STOCK (your sticks),0,0.0,0.0,0.0,0.0,52.023,0.0,0.0,3.70
25.270,STOCK (your sticks),0,0.0,0.0,0.0,0.0,52.023,0.0,0.0,3.70
25.292,STOCK (your sticks),0,0.0,0.0,0.0,0.0,52.023,0.0,0.0,3.70
25.316,STOCK (your sticks),0,0.0,0.0,0.0,0.0,52.023,0.0,0.0,3.70
25.341,STOCK (your sticks),0,0.0,0.0,0.0,0.0,52.023,0.0,0.0,3.70
25.366,STOCK (your sticks),0,0.0,0.0,0.0,0.0,52.023,0.0,0.0,3.70
25.389,STOCK (your sticks),0,0.0,0.0,0.0,0.0,52.004,0.0,0.0,3.70
25.414,STOCK (your sticks),0,0.0,0.0,0.0,0.0,52.004,0.0,0.0,3.70
25.436,STOCK (your sticks),0,0.0,0.0,0.0,0.0,52.004,0.0,0.0,3.70
25.461,STOCK (your sticks),0,0.0,0.0,0.0,0.0,52.004,0.0,0.0,3.70
25.482,STOCK (your sticks),0,0.0,0.0,0.0,0.0,52.004,0.0,0.0,3.70
25.506,STOCK (your sticks),0,0.0,0.0,0.0,0.0,52.004,0.0,0.0,3.70
25.531,STOCK (your sticks),0,0.0,0.0,0.0,0.0,52.004,0.0,0.0,3.70
25.556,STOCK (your sticks),0,0.0,0.0,0.0,0.0,52.004,0.0,0.0,3.70
25.578,STOCK (your sticks),0,0.0,0.0,0.0,0.0,51.976,0.0,0.0,3.70
25.599,STOCK (your sticks),0,0.0,0.0,0.0,0.0,51.978,0.0,0.0,3.70
25.622,STOCK (your sticks),0,0.0,0.0,0.0,0.0,51.978,0.0,0.0,3.70
25.647,STOCK (your sticks),0,0.0,0.0,0.0,0.0,51.978,0.0,0.0,3.70
25.670,STOCK (your sticks),0,0.0,0.0,0.0,0.0,51.978,0.0,0.0,3.70
25.692,STOCK (your sticks),0,0.0,0.0,0.0,0.0,51.940,0.0,0.0,3.70
25.715,STOCK (your sticks),0,0.0,0.0,0.0,0.0,51.940,0.0,0.0,3.70
25.736,STOCK (your sticks),0,0.0,0.0,0.0,0.0,51.940,0.0,0.0,3.70
25.757,STOCK (your sticks),0,0.0,0.0,0.0,0.0,51.940,0.0,0.0,3.70
25.782,STOCK (your sticks),0,0.0,0.0,0.0,0.0,51.940,0.0,0.0,3.70
25.806,STOCK (your sticks),0,0.0,0.0,0.0,0.0,51.940,0.0,0.0,3.70
25.830,STOCK (your sticks),0,0.0,0.0,0.0,0.0,51.940,0.0,0.0,3.70
25.855,STOCK (your sticks),0,0.0,0.0,0.0,0.0,51.940,0.0,0.0,3.70
25.880,STOCK (your sticks),0,0.0,0.0,0.0,0.0,51.940,0.0,0.0,3.70
25.905,STOCK (your sticks),0,0.0,0.0,0.0,0.0,51.953,0.0,0.0,3.70
25.926,STOCK (your sticks),0,0.0,0.0,0.0,0.0,51.953,0.0,0.0,3.70
25.951,STOCK (your sticks),0,0.0,0.0,0.0,0.0,51.953,0.0,0.0,3.70
25.975,STOCK (your sticks),0,0.0,0.0,0.0,0.0,51.953,0.0,0.0,3.70
26.000,STOCK (your sticks),0,0.0,0.0,0.0,0.0,51.953,0.0,0.0,3.70
26.024,STOCK (your sticks),0,0.0,0.0,0.0,0.0,51.953,0.0,0.0,3.70
26.049,STOCK (your sticks),0,0.0,0.0,0.0,0.0,51.953,0.0,0.0,3.70
26.074,STOCK (your sticks),0,0.0,0.0,0.0,0.0,51.953,0.0,0.0,3.70
26.099,STOCK (your sticks),0,0.0,0.0,0.0,0.0,51.835,0.0,0.0,3.70
26.123,STOCK (your sticks),0,0.0,0.0,0.0,0.0,51.820,0.0,0.0,3.70
26.146,STOCK (your sticks),0,0.0,0.0,0.0,0.0,51.820,0.0,0.0,3.70
26.171,STOCK (your sticks),0,0.0,0.0,0.0,0.0,51.820,0.0,0.0,3.70
26.192,STOCK (your sticks),0,0.0,0.0,0.0,0.0,51.820,0.0,0.0,3.70
26.216,STOCK (your sticks),0,0.0,0.0,0.0,0.0,51.734,0.0,0.0,3.70
26.241,STOCK (your sticks),0,0.0,0.0,0.0,0.0,51.734,0.0,0.0,3.70
26.266,STOCK (your sticks),0,0.0,0.0,0.0,0.0,51.734,0.0,0.0,3.70
26.289,STOCK (your sticks),0,0.0,0.0,0.0,0.0,51.734,0.0,0.0,3.70
26.314,STOCK (your sticks),0,0.0,0.0,0.0,0.0,51.734,0.0,0.0,3.70
26.339,STOCK (your sticks),0,0.0,0.0,0.0,0.0,51.734,0.0,0.0,3.70
26.364,STOCK (your sticks),0,0.0,0.0,0.0,0.0,51.734,0.0,0.0,3.70
26.388,STOCK (your sticks),0,0.0,0.0,0.0,0.0,51.734,0.0,0.0,3.70
26.409,STOCK (your sticks),0,0.0,0.0,0.0,0.0,51.776,0.0,0.0,3.70
26.433,STOCK (your sticks),0,0.0,0.0,0.0,0.0,51.776,0.0,0.0,3.70
26.458,STOCK (your sticks),0,0.0,0.0,0.0,0.0,51.776,0.0,0.0,3.70
26.483,STOCK (your sticks),0,0.0,0.0,0.0,0.0,51.776,0.0,0.0,3.70
26.504,STOCK (your sticks),0,0.0,0.0,0.0,0.0,51.776,0.0,0.0,3.70
26.528,STOCK (your sticks),0,0.0,0.0,0.0,0.0,51.776,0.0,0.0,3.70
26.553,STOCK (your sticks),0,0.0,0.0,0.0,0.0,51.776,0.0,0.0,3.70
26.578,STOCK (your sticks),0,0.0,0.0,0.0,0.0,51.776,0.0,0.0,3.70
26.600,STOCK (your sticks),0,0.0,0.0,0.0,0.0,51.776,0.0,0.0,3.70
26.625,STOCK (your sticks),0,0.0,0.0,0.0,0.0,51.742,0.0,0.0,3.70
26.650,STOCK (your sticks),0,0.0,0.0,0.0,0.0,51.742,0.0,0.0,3.70
26.675,STOCK (your sticks),0,0.0,0.0,0.0,0.0,51.742,0.0,0.0,3.70
26.697,STOCK (your sticks),0,0.0,0.0,0.0,0.0,51.742,0.0,0.0,3.70
26.722,STOCK (your sticks),0,0.0,0.0,0.0,0.0,51.791,0.0,0.0,3.70
26.744,STOCK (your sticks),0,0.0,0.0,0.0,0.0,51.791,0.0,0.0,3.70
26.769,STOCK (your sticks),0,0.0,0.0,0.0,0.0,51.791,0.0,0.0,3.70
26.796,STOCK (your sticks),0,0.0,0.0,0.0,0.0,51.791,0.0,0.0,3.70
26.817,STOCK (your sticks),0,0.0,0.0,0.0,0.0,51.791,0.0,0.0,3.70
26.841,STOCK (your sticks),0,0.0,0.0,0.0,0.0,51.791,0.0,0.0,3.70
26.866,STOCK (your sticks),0,0.0,0.0,0.0,0.0,51.791,0.0,0.0,3.70
26.890,STOCK (your sticks),0,0.0,0.0,0.0,0.0,51.791,0.0,0.0,3.70
26.914,STOCK (your sticks),0,0.0,0.0,0.0,0.0,51.950,0.0,0.0,3.70
26.936,STOCK (your sticks),0,0.0,0.0,0.0,0.0,51.950,0.0,0.0,3.70
26.958,STOCK (your sticks),0,0.0,0.0,0.0,0.0,51.950,0.0,0.0,3.70
26.980,STOCK (your sticks),0,0.0,0.0,0.0,0.0,51.950,0.0,0.0,3.70
27.003,STOCK (your sticks),0,0.0,0.0,0.0,0.0,51.950,0.0,0.0,3.70
27.026,STOCK (your sticks),0,0.0,0.0,0.0,0.0,51.950,0.0,0.0,3.70
27.048,STOCK (your sticks),0,0.0,0.0,0.0,0.0,51.950,0.0,0.0,3.70
27.071,STOCK (your sticks),0,0.0,0.0,0.0,0.0,51.950,0.0,0.0,3.70
27.096,STOCK (your sticks),0,0.0,0.0,0.0,0.0,51.950,0.0,0.0,3.70
27.118,STOCK (your sticks),0,0.0,0.0,0.0,0.0,51.897,0.0,0.0,3.70
27.141,STOCK (your sticks),0,0.0,0.0,0.0,0.0,51.906,0.0,0.0,3.70
27.166,STOCK (your sticks),0,0.0,0.0,0.0,0.0,51.906,0.0,0.0,3.70
27.188,STOCK (your sticks),0,0.0,0.0,0.0,0.0,51.906,0.0,0.0,3.70
27.208,STOCK (your sticks),0,0.0,0.0,0.0,0.0,51.906,0.0,0.0,3.70
27.232,STOCK (your sticks),0,0.0,0.0,0.0,0.0,51.974,0.0,0.0,3.70
27.257,STOCK (your sticks),0,0.0,0.0,0.0,0.0,51.974,0.0,0.0,3.70
27.280,STOCK (your sticks),0,0.0,0.0,0.0,0.0,51.974,0.0,0.0,3.70
27.304,STOCK (your sticks),0,0.0,0.0,0.0,0.0,51.974,0.0,0.0,3.70
27.325,STOCK (your sticks),0,0.0,0.0,0.0,0.0,51.974,0.0,0.0,3.70
27.350,STOCK (your sticks),0,0.0,0.0,0.0,0.0,51.974,0.0,0.0,3.70
27.375,STOCK (your sticks),0,0.0,0.0,0.0,0.0,51.974,0.0,0.0,3.70
27.400,STOCK (your sticks),0,0.0,0.0,0.0,0.0,51.974,0.0,0.0,3.70
27.425,STOCK (your sticks),0,0.0,0.0,0.0,0.0,51.957,0.0,0.0,3.70
27.447,STOCK (your sticks),0,0.0,0.0,0.0,0.0,51.957,0.0,0.0,3.70
27.472,STOCK (your sticks),0,0.0,0.0,0.0,0.0,51.957,0.0,0.0,3.70
27.497,STOCK (your sticks),0,0.0,0.0,0.0,0.0,51.957,0.0,0.0,3.70
27.522,STOCK (your sticks),0,0.0,0.0,0.0,0.0,51.957,0.0,0.0,3.70
27.544,STOCK (your sticks),0,0.0,0.0,0.0,0.0,51.957,0.0,0.0,3.70
27.566,STOCK (your sticks),0,0.0,0.0,0.0,0.0,51.957,0.0,0.0,3.70
27.588,STOCK (your sticks),0,0.0,0.0,0.0,0.0,51.957,0.0,0.0,3.70
27.609,STOCK (your sticks),0,0.0,0.0,0.0,0.0,51.957,0.0,0.0,3.70
27.634,STOCK (your sticks),0,0.0,0.0,0.0,0.0,52.000,0.0,0.0,3.70
27.659,STOCK (your sticks),0,0.0,0.0,0.0,0.0,51.992,0.0,0.0,3.70
27.682,STOCK (your sticks),0,0.0,0.0,0.0,0.0,51.992,0.0,0.0,3.70
27.706,STOCK (your sticks),0,0.0,0.0,0.0,0.0,51.992,0.0,0.0,3.70
27.726,STOCK (your sticks),0,0.0,0.0,0.0,0.0,51.992,0.0,0.0,3.70
27.751,STOCK (your sticks),0,0.0,0.0,0.0,0.0,51.963,0.0,0.0,3.70
27.776,STOCK (your sticks),0,0.0,0.0,0.0,0.0,51.963,0.0,0.0,3.70
27.799,STOCK (your sticks),0,0.0,0.0,0.0,0.0,51.963,0.0,0.0,3.70
27.821,STOCK (your sticks),0,0.0,0.0,0.0,0.0,51.963,0.0,0.0,3.70
27.842,STOCK (your sticks),0,0.0,0.0,0.0,0.0,51.963,0.0,0.0,3.70
27.867,STOCK (your sticks),0,0.0,0.0,0.0,0.0,51.963,0.0,0.0,3.70
27.889,STOCK (your sticks),0,0.0,0.0,0.0,0.0,51.963,0.0,0.0,3.70
27.911,STOCK (your sticks),0,0.0,0.0,0.0,0.0,51.963,0.0,0.0,3.70
27.936,STOCK (your sticks),0,0.0,0.0,0.0,0.0,51.963,0.0,0.0,3.70
27.957,STOCK (your sticks),0,0.0,0.0,0.0,0.0,51.912,0.0,0.0,3.70
27.977,STOCK (your sticks),0,0.0,0.0,0.0,0.0,51.912,0.0,0.0,3.70
27.999,STOCK (your sticks),0,0.0,0.0,0.0,0.0,51.912,0.0,0.0,3.70
28.024,STOCK (your sticks),0,0.0,0.0,0.0,0.0,51.912,0.0,0.0,3.70
28.045,STOCK (your sticks),0,0.0,0.0,0.0,0.0,51.912,0.0,0.0,3.70
28.066,STOCK (your sticks),0,0.0,0.0,0.0,0.0,51.912,0.0,0.0,3.70
28.091,STOCK (your sticks),0,0.0,0.0,0.0,0.0,51.912,0.0,0.0,3.70
28.116,STOCK (your sticks),0,0.0,0.0,0.0,0.0,51.912,0.0,0.0,3.70
28.138,STOCK (your sticks),0,0.0,0.0,0.0,0.0,51.898,0.0,0.0,3.70
28.163,STOCK (your sticks),0,0.0,0.0,0.0,0.0,51.898,0.0,0.0,3.70
28.188,STOCK (your sticks),0,0.0,0.0,0.0,0.0,51.898,0.0,0.0,3.70
28.212,STOCK (your sticks),0,0.0,0.0,0.0,0.0,51.898,0.0,0.0,3.70
28.234,STOCK (your sticks),0,0.0,0.0,0.0,0.0,51.898,0.0,0.0,3.70
28.258,STOCK (your sticks),0,0.0,0.0,0.0,0.0,51.963,0.0,0.0,3.70
28.283,STOCK (your sticks),0,0.0,0.0,0.0,0.0,51.963,0.0,0.0,3.70
28.308,STOCK (your sticks),0,0.0,0.0,0.0,0.0,51.963,0.0,0.0,3.70
28.333,STOCK (your sticks),0,0.0,0.0,0.0,0.0,51.963,0.0,0.0,3.70
28.358,STOCK (your sticks),0,0.0,0.0,0.0,0.0,51.963,0.0,0.0,3.70
28.383,STOCK (your sticks),0,0.0,0.0,0.0,0.0,51.963,0.0,0.0,3.70
28.407,STOCK (your sticks),0,0.0,0.0,0.0,0.0,51.963,0.0,0.0,3.70
28.427,STOCK (your sticks),0,0.0,0.0,0.0,0.0,51.963,0.0,0.0,3.70
28.448,STOCK (your sticks),0,0.0,0.0,0.0,0.0,51.949,0.0,0.0,3.70
28.468,STOCK (your sticks),0,0.0,0.0,0.0,0.0,51.949,0.0,0.0,3.70
28.491,STOCK (your sticks),0,0.0,0.0,0.0,0.0,51.949,0.0,0.0,3.70
28.512,STOCK (your sticks),0,0.0,0.0,0.0,0.0,51.949,0.0,0.0,3.70
28.537,STOCK (your sticks),0,0.0,0.0,0.0,0.0,51.949,0.0,0.0,3.70
28.558,STOCK (your sticks),0,0.0,0.0,0.0,0.0,51.949,0.0,0.0,3.70
28.583,STOCK (your sticks),0,0.0,0.0,0.0,0.0,51.949,0.0,0.0,3.70
28.608,STOCK (your sticks),0,0.0,0.0,0.0,0.0,51.949,0.0,0.0,3.70
28.633,STOCK (your sticks),0,0.0,0.0,0.0,0.0,51.949,0.0,0.0,3.70
28.657,STOCK (your sticks),0,0.0,0.0,0.0,0.0,51.805,0.0,0.0,3.70
28.680,STOCK (your sticks),0,0.0,0.0,0.0,0.0,51.790,0.0,0.0,3.70
28.702,STOCK (your sticks),0,0.0,0.0,0.0,0.0,51.790,0.0,0.0,3.70
28.726,STOCK (your sticks),0,0.0,0.0,0.0,0.0,51.790,0.0,0.0,3.70
28.749,STOCK (your sticks),0,0.0,0.0,0.0,0.0,51.790,0.0,0.0,3.70
28.774,STOCK (your sticks),0,0.0,0.0,0.0,0.0,51.725,0.0,0.0,3.70
28.799,STOCK (your sticks),0,0.0,0.0,0.0,0.0,51.725,0.0,0.0,3.70
28.821,STOCK (your sticks),0,0.0,0.0,0.0,0.0,51.725,0.0,0.0,3.70
28.843,STOCK (your sticks),0,0.0,0.0,0.0,0.0,51.725,0.0,0.0,3.70
28.868,STOCK (your sticks),0,0.0,0.0,0.0,0.0,51.725,0.0,0.0,3.70
28.891,STOCK (your sticks),0,0.0,0.0,0.0,0.0,51.725,0.0,0.0,3.70
28.916,STOCK (your sticks),0,0.0,0.0,0.0,0.0,51.725,0.0,0.0,3.70
28.939,STOCK (your sticks),0,0.0,0.0,0.0,0.0,51.725,0.0,0.0,3.70
28.960,STOCK (your sticks),0,0.0,0.0,0.0,0.0,51.725,0.0,0.0,3.70
28.982,STOCK (your sticks),0,0.0,0.0,0.0,0.0,51.779,0.0,0.0,3.70
29.005,STOCK (your sticks),0,0.0,0.0,0.0,0.0,51.779,0.0,0.0,3.70
29.025,STOCK (your sticks),0,0.0,0.0,0.0,0.0,51.779,0.0,0.0,3.70
29.049,STOCK (your sticks),0,0.0,0.0,0.0,0.0,51.779,0.0,0.0,3.70
29.074,STOCK (your sticks),0,0.0,0.0,0.0,0.0,51.779,0.0,0.0,3.70
29.099,STOCK (your sticks),0,0.0,0.0,0.0,0.0,51.779,0.0,0.0,3.70
29.124,STOCK (your sticks),0,0.0,0.0,0.0,0.0,51.779,0.0,0.0,3.70
29.145,STOCK (your sticks),0,0.0,0.0,0.0,0.0,51.779,0.0,0.0,3.70
29.168,STOCK (your sticks),0,0.0,0.0,0.0,0.0,51.748,0.0,0.0,3.70
29.193,STOCK (your sticks),0,0.0,0.0,0.0,0.0,51.739,0.0,0.0,3.70
29.218,STOCK (your sticks),0,0.0,0.0,0.0,0.0,51.739,0.0,0.0,3.70
29.242,STOCK (your sticks),0,0.0,0.0,0.0,0.0,51.739,0.0,0.0,3.70
29.267,STOCK (your sticks),0,0.0,0.0,0.0,0.0,51.739,0.0,0.0,3.70
29.292,STOCK (your sticks),0,0.0,0.0,0.0,0.0,51.696,0.0,0.0,3.70
29.316,STOCK (your sticks),0,0.0,0.0,0.0,0.0,51.696,0.0,0.0,3.70
29.339,STOCK (your sticks),0,0.0,0.0,0.0,0.0,51.696,0.0,0.0,3.70
29.360,STOCK (your sticks),0,0.0,0.0,0.0,0.0,51.696,0.0,0.0,3.70
29.385,STOCK (your sticks),0,0.0,0.0,0.0,0.0,51.696,0.0,0.0,3.70
29.408,STOCK (your sticks),0,0.0,0.0,0.0,0.0,51.696,0.0,0.0,3.70
29.430,STOCK (your sticks),0,0.0,0.0,0.0,0.0,51.696,0.0,0.0,3.70
29.452,STOCK (your sticks),0,0.0,0.0,0.0,0.0,51.696,0.0,0.0,3.70
29.475,STOCK (your sticks),0,0.0,0.0,0.0,0.0,51.722,0.0,0.0,3.70
29.500,STOCK (your sticks),0,0.0,0.0,0.0,0.0,51.722,0.0,0.0,3.70
29.523,STOCK (your sticks),0,0.0,0.0,0.0,0.0,51.722,0.0,0.0,3.70
29.548,STOCK (your sticks),0,0.0,0.0,0.0,0.0,51.722,0.0,0.0,3.70
29.573,STOCK (your sticks),0,0.0,0.0,0.0,0.0,51.722,0.0,0.0,3.70
29.596,STOCK (your sticks),0,0.0,0.0,0.0,0.0,51.722,0.0,0.0,3.70
29.616,STOCK (your sticks),0,0.0,0.0,0.0,0.0,51.722,0.0,0.0,3.70
29.641,STOCK (your sticks),0,0.0,0.0,0.0,0.0,51.722,0.0,0.0,3.70
29.666,STOCK (your sticks),0,0.0,0.0,0.0,0.0,51.722,0.0,0.0,3.70
29.691,STOCK (your sticks),0,0.0,0.0,0.0,0.0,51.661,0.0,0.0,3.70
29.714,STOCK (your sticks),0,0.0,0.0,0.0,0.0,51.657,0.0,0.0,3.70
29.738,STOCK (your sticks),0,0.0,0.0,0.0,0.0,51.657,0.0,0.0,3.70
29.758,STOCK (your sticks),0,0.0,0.0,0.0,0.0,51.657,0.0,0.0,3.70
29.783,STOCK (your sticks),0,0.0,0.0,0.0,0.0,51.657,0.0,0.0,3.70
29.807,STOCK (your sticks),0,0.0,0.0,0.0,0.0,51.697,0.0,0.0,3.70
29.832,STOCK (your sticks),0,0.0,0.0,0.0,0.0,51.697,0.0,0.0,3.70
29.857,STOCK (your sticks),0,0.0,0.0,0.0,0.0,51.697,0.0,0.0,3.70
29.882,STOCK (your sticks),0,0.0,0.0,0.0,0.0,51.697,0.0,0.0,3.70
29.905,STOCK (your sticks),0,0.0,0.0,0.0,0.0,51.697,0.0,0.0,3.70
29.930,STOCK (your sticks),0,0.0,0.0,0.0,0.0,51.697,0.0,0.0,3.70
29.955,STOCK (your sticks),0,0.0,0.0,0.0,0.0,51.697,0.0,0.0,3.70
29.980,STOCK (your sticks),0,0.0,0.0,0.0,0.0,51.697,0.0,0.0,3.70
30.005,STOCK (your sticks),0,0.0,0.0,0.0,0.0,51.655,0.0,0.0,3.70
30.026,STOCK (your sticks),0,0.0,0.0,0.0,0.0,51.655,0.0,0.0,3.70
30.047,STOCK (your sticks),0,0.0,0.0,0.0,0.0,51.655,0.0,0.0,3.70
30.071,STOCK (your sticks),0,0.0,0.0,0.0,0.0,51.655,0.0,0.0,3.70
30.094,STOCK (your sticks),0,0.0,0.0,0.0,0.0,51.655,0.0,0.0,3.70
30.118,STOCK (your sticks),0,0.0,0.0,0.0,0.0,51.655,0.0,0.0,3.70
30.142,STOCK (your sticks),0,0.0,0.0,0.0,0.0,51.655,0.0,0.0,3.70
30.163,STOCK (your sticks),0,0.0,0.0,0.0,0.0,51.655,0.0,0.0,3.70
30.183,STOCK (your sticks),0,0.0,0.0,0.0,0.0,51.655,0.0,0.0,3.70
30.204,STOCK (your sticks),0,0.0,0.0,0.0,0.0,51.623,0.0,0.0,3.70
30.225,STOCK (your sticks),0,0.0,0.0,0.0,0.0,51.627,0.0,0.0,3.70
30.250,STOCK (your sticks),0,0.0,0.0,0.0,0.0,51.627,0.0,0.0,3.70
30.275,STOCK (your sticks),0,0.0,0.0,0.0,0.0,51.627,0.0,0.0,3.70
30.299,STOCK (your sticks),0,0.0,0.0,0.0,0.0,51.627,0.0,0.0,3.70
30.324,STOCK (your sticks),0,0.0,0.0,0.0,0.0,51.627,0.0,0.0,3.70
30.349,STOCK (your sticks),0,0.0,0.0,0.0,0.0,51.627,0.0,0.0,3.70
30.374,STOCK (your sticks),0,0.0,0.0,0.0,0.0,51.627,0.0,0.0,3.70
30.399,STOCK (your sticks),0,0.0,0.0,0.0,0.0,51.627,0.0,0.0,3.70
30.424,STOCK (your sticks),0,0.0,0.0,0.0,0.0,51.627,0.0,0.0,3.70
30.444,STOCK (your sticks),0,0.0,0.0,0.0,0.0,51.627,0.0,0.0,3.70
30.469,STOCK (your sticks),0,0.0,0.0,0.0,0.0,51.627,0.0,0.0,3.70
30.494,STOCK (your sticks),0,0.0,0.0,0.0,0.0,51.627,0.0,0.0,3.70
30.514,STOCK (your sticks),0,0.0,0.0,0.0,0.0,51.627,0.0,0.0,3.70
30.539,STOCK (your sticks),0,0.0,0.0,0.0,0.0,51.627,0.0,0.0,3.70
30.564,STOCK (your sticks),0,0.0,0.0,0.0,0.0,51.627,0.0,0.0,3.70
30.589,STOCK (your sticks),0,0.0,0.0,0.0,0.0,51.627,0.0,0.0,3.70
30.614,STOCK (your sticks),0,0.0,0.0,0.0,0.0,51.627,0.0,0.0,3.70
30.634,STOCK (your sticks),0,0.0,0.0,0.0,0.0,51.627,0.0,0.0,3.70
30.659,STOCK (your sticks),0,0.0,0.0,0.0,0.0,51.627,0.0,0.0,3.70
30.684,STOCK (your sticks),0,0.0,0.0,0.0,0.0,51.627,0.0,0.0,3.70
30.709,STOCK (your sticks),0,0.0,0.0,0.0,0.0,51.627,0.0,0.0,3.70
30.733,STOCK (your sticks),0,0.0,0.0,0.0,0.0,51.627,0.0,0.0,3.70
30.758,STOCK (your sticks),0,0.0,0.0,0.0,0.0,51.627,0.0,0.0,3.70
30.782,STOCK (your sticks),0,0.0,0.0,0.0,0.0,51.627,0.0,0.0,3.70
30.807,STOCK (your sticks),0,0.0,0.0,0.0,0.0,51.627,0.0,0.0,3.70
30.832,STOCK (your sticks),0,0.0,0.0,0.0,0.0,51.627,0.0,0.0,3.70
30.857,STOCK (your sticks),0,0.0,0.0,0.0,0.0,51.627,0.0,0.0,3.70
30.882,STOCK (your sticks),0,0.0,0.0,0.0,0.0,51.627,0.0,0.0,3.70
30.907,STOCK (your sticks),0,0.0,0.0,0.0,0.0,51.627,0.0,0.0,3.70
30.931,STOCK (your sticks),0,0.0,0.0,0.0,0.0,51.627,0.0,0.0,3.70
30.956,STOCK (your sticks),0,0.0,0.0,0.0,0.0,51.627,0.0,0.0,3.70
30.977,STOCK (your sticks),0,0.0,0.0,0.0,0.0,51.627,0.0,0.0,3.70
31.000,STOCK (your sticks),0,0.0,0.0,0.0,0.0,51.627,0.0,0.0,3.70
31.024,STOCK (your sticks),0,0.0,0.0,0.0,0.0,51.627,0.0,0.0,3.70
31.049,STOCK (your sticks),0,0.0,0.0,0.0,0.0,51.627,0.0,0.0,3.70
31.074,STOCK (your sticks),0,0.0,0.0,0.0,0.0,51.627,0.0,0.0,3.70
31.099,STOCK (your sticks),0,0.0,0.0,0.0,0.0,51.627,0.0,0.0,3.70
31.124,STOCK (your sticks),0,0.0,0.0,0.0,0.0,51.627,0.0,0.0,3.70
31.149,STOCK (your sticks),0,0.0,0.0,0.0,0.0,51.627,0.0,0.0,3.70
31.173,STOCK (your sticks),0,0.0,0.0,0.0,0.0,51.627,0.0,0.0,3.70
31.198,STOCK (your sticks),0,0.0,0.0,0.0,0.0,51.627,0.0,0.0,3.70
31.223,STOCK (your sticks),0,0.0,0.0,0.0,0.0,51.627,0.0,0.0,3.70
31.247,STOCK (your sticks),0,0.0,0.0,0.0,0.0,51.627,0.0,0.0,3.70
31.270,STOCK (your sticks),0,0.0,0.0,0.0,0.0,51.627,0.0,0.0,3.70
31.293,STOCK (your sticks),0,0.0,0.0,0.0,0.0,51.627,0.0,0.0,3.70
31.316,STOCK (your sticks),0,0.0,0.0,0.0,0.0,51.627,0.0,0.0,3.70
31.341,STOCK (your sticks),0,0.0,0.0,0.0,0.0,51.627,0.0,0.0,3.70
31.366,STOCK (your sticks),0,0.0,0.0,0.0,0.0,51.627,0.0,0.0,3.70
31.391,STOCK (your sticks),0,0.0,0.0,0.0,0.0,51.627,0.0,0.0,3.70
31.416,STOCK (your sticks),0,0.0,0.0,0.0,0.0,51.627,0.0,0.0,3.70
31.438,STOCK (your sticks),0,0.0,0.0,0.0,0.0,51.627,0.0,0.0,3.70
31.458,STOCK (your sticks),0,0.0,0.0,0.0,0.0,51.627,0.0,0.0,3.70
31.479,STOCK (your sticks),0,0.0,0.0,0.0,0.0,51.627,0.0,0.0,3.70
31.504,STOCK (your sticks),0,0.0,0.0,0.0,0.0,51.627,0.0,0.0,3.70
31.525,STOCK (your sticks),0,0.0,0.0,0.0,0.0,51.627,0.0,0.0,3.70
31.550,STOCK (your sticks),0,0.0,0.0,0.0,0.0,51.627,0.0,0.0,3.70
31.575,STOCK (your sticks),0,0.0,0.0,0.0,0.0,51.627,0.0,0.0,3.70
31.600,STOCK (your sticks),0,0.0,0.0,0.0,0.0,51.627,0.0,0.0,3.70
31.625,STOCK (your sticks),0,0.0,0.0,0.0,0.0,51.627,0.0,0.0,3.70
31.650,STOCK (your sticks),0,0.0,0.0,0.0,0.0,51.627,0.0,0.0,3.70
31.674,STOCK (your sticks),0,0.0,0.0,0.0,0.0,51.627,0.0,0.0,3.70
31.699,STOCK (your sticks),0,0.0,0.0,0.0,0.0,51.627,0.0,0.0,3.70
31.720,STOCK (your sticks),0,0.0,0.0,0.0,0.0,51.627,0.0,0.0,3.70
31.742,STOCK (your sticks),0,0.0,0.0,0.0,0.0,51.627,0.0,0.0,3.70
31.766,STOCK (your sticks),0,0.0,0.0,0.0,0.0,51.627,0.0,0.0,3.70
31.791,STOCK (your sticks),0,0.0,0.0,0.0,0.0,51.627,0.0,0.0,3.70
31.816,STOCK (your sticks),0,0.0,0.0,0.0,0.0,51.627,0.0,0.0,3.70
31.841,STOCK (your sticks),0,0.0,0.0,0.0,0.0,51.627,0.0,0.0,3.70
31.866,STOCK (your sticks),0,0.0,0.0,0.0,0.0,51.627,0.0,0.0,3.70
31.891,STOCK (your sticks),0,0.0,0.0,0.0,0.0,51.627,0.0,0.0,3.70
31.915,STOCK (your sticks),0,0.0,0.0,0.0,0.0,51.627,0.0,0.0,3.70
31.936,STOCK (your sticks),0,0.0,0.0,0.0,0.0,51.627,0.0,0.0,3.70
31.960,STOCK (your sticks),0,0.0,0.0,0.0,0.0,51.627,0.0,0.0,3.70
31.985,STOCK (your sticks),0,0.0,0.0,0.0,0.0,51.627,0.0,0.0,3.70
32.010,STOCK (your sticks),0,0.0,0.0,0.0,0.0,51.627,0.0,0.0,3.70
32.035,STOCK (your sticks),0,0.0,0.0,0.0,0.0,51.627,0.0,0.0,3.70
32.058,STOCK (your sticks),0,0.0,0.0,0.0,0.0,51.627,0.0,0.0,3.70
32.083,STOCK (your sticks),0,0.0,0.0,0.0,0.0,51.627,0.0,0.0,3.70
32.107,STOCK (your sticks),0,0.0,0.0,0.0,0.0,51.627,0.0,0.0,3.70
32.131,STOCK (your sticks),0,0.0,0.0,0.0,0.0,51.627,0.0,0.0,3.70
32.156,STOCK (your sticks),0,0.0,0.0,0.0,0.0,51.627,0.0,0.0,3.70
32.177,STOCK (your sticks),0,0.0,0.0,0.0,0.0,51.627,0.0,0.0,3.70
32.202,STOCK (your sticks),0,0.0,0.0,0.0,0.0,51.627,0.0,0.0,3.70
32.226,STOCK (your sticks),0,0.0,0.0,0.0,0.0,51.627,0.0,0.0,3.70
32.251,STOCK (your sticks),0,0.0,0.0,0.0,0.0,51.627,0.0,0.0,3.70
32.275,STOCK (your sticks),0,0.0,0.0,0.0,0.0,51.627,0.0,0.0,3.70
32.299,STOCK (your sticks),0,0.0,0.0,0.0,0.0,51.627,0.0,0.0,3.70
32.324,STOCK (your sticks),0,0.0,0.0,0.0,0.0,51.627,0.0,0.0,3.70
32.349,STOCK (your sticks),0,0.0,0.0,0.0,0.0,51.627,0.0,0.0,3.70
32.374,STOCK (your sticks),0,0.0,0.0,0.0,0.0,51.627,0.0,0.0,3.70
32.397,STOCK (your sticks),0,0.0,0.0,0.0,0.0,51.627,0.0,0.0,3.70
32.422,STOCK (your sticks),0,0.0,0.0,0.0,0.0,51.627,0.0,0.0,3.70
32.447,STOCK (your sticks),0,0.0,0.0,0.0,0.0,51.627,0.0,0.0,3.70
32.472,STOCK (your sticks),0,0.0,0.0,0.0,0.0,51.627,0.0,0.0,3.70
32.493,STOCK (your sticks),0,0.0,0.0,0.0,0.0,51.627,0.0,0.0,3.70
32.516,STOCK (your sticks),0,0.0,0.0,0.0,0.0,51.627,0.0,0.0,3.70
32.541,STOCK (your sticks),0,0.0,0.0,0.0,0.0,51.627,0.0,0.0,3.70
32.566,STOCK (your sticks),0,0.0,0.0,0.0,0.0,51.627,0.0,0.0,3.70
32.591,STOCK (your sticks),0,0.0,0.0,0.0,0.0,51.627,0.0,0.0,3.70
32.616,STOCK (your sticks),0,0.0,0.0,0.0,0.0,51.627,0.0,0.0,3.70
32.641,STOCK (your sticks),0,0.0,0.0,0.0,0.0,51.627,0.0,0.0,3.70
32.666,STOCK (your sticks),0,0.0,0.0,0.0,0.0,51.627,0.0,0.0,3.70
32.688,STOCK (your sticks),0,0.0,0.0,0.0,0.0,51.627,0.0,0.0,3.70
32.709,STOCK (your sticks),0,0.0,0.0,0.0,0.0,51.627,0.0,0.0,3.70
32.734,STOCK (your sticks),0,0.0,0.0,0.0,0.0,51.627,0.0,0.0,3.70
32.758,STOCK (your sticks),0,0.0,0.0,0.0,0.0,51.627,0.0,0.0,3.70
32.782,STOCK (your sticks),0,0.0,0.0,0.0,0.0,51.627,0.0,0.0,3.70
32.808,STOCK (your sticks),0,0.0,0.0,0.0,0.0,51.627,0.0,0.0,3.70
32.833,STOCK (your sticks),0,0.0,0.0,0.0,0.0,51.627,0.0,0.0,3.70
32.858,STOCK (your sticks),0,0.0,0.0,0.0,0.0,51.627,0.0,0.0,3.70
32.879,STOCK (your sticks),0,0.0,0.0,0.0,0.0,51.627,0.0,0.0,3.70
32.904,STOCK (your sticks),0,0.0,0.0,0.0,0.0,51.627,0.0,0.0,3.70
32.925,STOCK (your sticks),0,0.0,0.0,0.0,0.0,51.627,0.0,0.0,3.70
32.950,STOCK (your sticks),0,0.0,0.0,0.0,0.0,51.627,0.0,0.0,3.70
32.974,STOCK (your sticks),0,0.0,0.0,0.0,0.0,51.627,0.0,0.0,3.70
32.999,STOCK (your sticks),0,0.0,0.0,0.0,0.0,51.627,0.0,0.0,3.70
33.021,STOCK (your sticks),0,0.0,0.0,0.0,0.0,51.627,0.0,0.0,3.70
33.042,STOCK (your sticks),0,0.0,0.0,0.0,0.0,51.627,0.0,0.0,3.70
33.066,STOCK (your sticks),0,0.0,0.0,0.0,0.0,51.627,0.0,0.0,3.70
33.091,STOCK (your sticks),0,0.0,0.0,0.0,0.0,51.627,0.0,0.0,3.70
33.116,STOCK (your sticks),0,0.0,0.0,0.0,0.0,51.627,0.0,0.0,3.70
33.141,STOCK (your sticks),0,0.0,0.0,0.0,0.0,51.627,0.0,0.0,3.70
33.166,STOCK (your sticks),0,0.0,0.0,0.0,0.0,51.627,0.0,0.0,3.70
33.191,STOCK (your sticks),0,0.0,0.0,0.0,0.0,51.627,0.0,0.0,3.70
33.216,STOCK (your sticks),0,0.0,0.0,0.0,0.0,51.627,0.0,0.0,3.70
33.241,STOCK (your sticks),0,0.0,0.0,0.0,0.0,51.627,0.0,0.0,3.70
33.266,STOCK (your sticks),0,0.0,0.0,0.0,0.0,51.627,0.0,0.0,3.70
33.289,STOCK (your sticks),0,0.0,0.0,0.0,0.0,51.627,0.0,0.0,3.70
33.310,STOCK (your sticks),0,0.0,0.0,0.0,0.0,51.627,0.0,0.0,3.70
33.331,STOCK (your sticks),0,0.0,0.0,0.0,0.0,51.627,0.0,0.0,3.70
33.356,STOCK (your sticks),0,0.0,0.0,0.0,0.0,51.627,0.0,0.0,3.70
33.376,STOCK (your sticks),0,0.0,0.0,0.0,0.0,51.627,0.0,0.0,3.70
33.399,STOCK (your sticks),0,0.0,0.0,0.0,0.0,51.627,0.0,0.0,3.70
33.424,STOCK (your sticks),0,0.0,0.0,0.0,0.0,51.627,0.0,0.0,3.70
33.449,STOCK (your sticks),0,0.0,0.0,0.0,0.0,51.627,0.0,0.0,3.70
33.474,STOCK (your sticks),0,0.0,0.0,0.0,0.0,51.627,0.0,0.0,3.70
33.497,STOCK (your sticks),0,0.0,0.0,0.0,0.0,51.627,0.0,0.0,3.70
33.522,STOCK (your sticks),0,0.0,0.0,0.0,0.0,51.627,0.0,0.0,3.70
33.543,STOCK (your sticks),0,0.0,0.0,0.0,0.0,51.627,0.0,0.0,3.70
33.568,STOCK (your sticks),0,0.0,0.0,0.0,0.0,51.627,0.0,0.0,3.70
33.593,STOCK (your sticks),0,0.0,0.0,0.0,0.0,51.627,0.0,0.0,3.70
33.618,STOCK (your sticks),0,0.0,0.0,0.0,0.0,51.627,0.0,0.0,3.70
33.642,STOCK (your sticks),0,0.0,0.0,0.0,0.0,51.627,0.0,0.0,3.70
33.667,STOCK (your sticks),0,0.0,0.0,0.0,0.0,51.627,0.0,0.0,3.70
33.690,STOCK (your sticks),0,0.0,0.0,0.0,0.0,51.627,0.0,0.0,3.70
33.715,STOCK (your sticks),0,0.0,0.0,0.0,0.0,51.627,0.0,0.0,3.70
33.740,STOCK (your sticks),0,0.0,0.0,0.0,0.0,51.627,0.0,0.0,3.70
33.762,STOCK (your sticks),0,0.0,0.0,0.0,0.0,51.627,0.0,0.0,3.70
33.787,STOCK (your sticks),0,0.0,0.0,0.0,0.0,51.627,0.0,0.0,3.70
33.808,STOCK (your sticks),0,0.0,0.0,0.0,0.0,51.627,0.0,0.0,3.70
33.830,STOCK (your sticks),0,0.0,0.0,0.0,0.0,51.627,0.0,0.0,3.70
33.850,STOCK (your sticks),0,0.0,0.0,0.0,0.0,51.627,0.0,0.0,3.70
33.875,STOCK (your sticks),0,0.0,0.0,0.0,0.0,51.627,0.0,0.0,3.70
33.900,STOCK (your sticks),0,0.0,0.0,0.0,0.0,51.627,0.0,0.0,3.70
33.924,STOCK (your sticks),0,0.0,0.0,0.0,0.0,51.627,0.0,0.0,3.70
33.949,STOCK (your sticks),0,0.0,0.0,0.0,0.0,51.627,0.0,0.0,3.70
33.974,STOCK (your sticks),0,0.0,0.0,0.0,0.0,51.627,0.0,0.0,3.70
33.999,STOCK (your sticks),0,0.0,0.0,0.0,0.0,51.627,0.0,0.0,3.70
34.024,STOCK (your sticks),0,0.0,0.0,0.0,0.0,51.627,0.0,0.0,3.70
34.049,STOCK (your sticks),0,0.0,0.0,0.0,0.0,51.627,0.0,0.0,3.70
34.074,STOCK (your sticks),0,0.0,0.0,0.0,0.0,51.627,0.0,0.0,3.70
34.096,STOCK (your sticks),0,0.0,0.0,0.0,0.0,51.627,0.0,0.0,3.70
34.121,STOCK (your sticks),0,0.0,0.0,0.0,0.0,51.627,0.0,0.0,3.70
34.142,STOCK (your sticks),0,0.0,0.0,0.0,0.0,51.627,0.0,0.0,3.70
34.167,STOCK (your sticks),0,0.0,0.0,0.0,0.0,51.627,0.0,0.0,3.70
34.192,STOCK (your sticks),0,0.0,0.0,0.0,0.0,51.627,0.0,0.0,3.70
34.217,STOCK (your sticks),0,0.0,0.0,0.0,0.0,51.627,0.0,0.0,3.70
34.238,STOCK (your sticks),0,0.0,0.0,0.0,0.0,51.627,0.0,0.0,3.70
34.260,STOCK (your sticks),0,0.0,0.0,0.0,0.0,51.627,0.0,0.0,3.70
34.285,STOCK (your sticks),0,0.0,0.0,0.0,0.0,51.627,0.0,0.0,3.70
34.308,STOCK (your sticks),0,0.0,0.0,0.0,0.0,51.627,0.0,0.0,3.70
34.333,STOCK (your sticks),0,0.0,0.0,0.0,0.0,51.627,0.0,0.0,3.70
34.358,STOCK (your sticks),0,0.0,0.0,0.0,0.0,51.627,0.0,0.0,3.70
34.382,STOCK (your sticks),0,0.0,0.0,0.0,0.0,51.627,0.0,0.0,3.70
34.407,STOCK (your sticks),0,0.0,0.0,0.0,0.0,51.627,0.0,0.0,3.70
34.432,STOCK (your sticks),0,0.0,0.0,0.0,0.0,51.627,0.0,0.0,3.70
34.457,STOCK (your sticks),0,0.0,0.0,0.0,0.0,51.627,0.0,0.0,3.70
34.482,STOCK (your sticks),0,0.0,0.0,0.0,0.0,51.627,0.0,0.0,3.70
34.507,STOCK (your sticks),0,0.0,0.0,0.0,0.0,51.627,0.0,0.0,3.70
34.532,STOCK (your sticks),0,0.0,0.0,0.0,0.0,51.627,0.0,0.0,3.70
34.557,STOCK (your sticks),0,0.0,0.0,0.0,0.0,51.627,0.0,0.0,3.70
34.582,STOCK (your sticks),0,0.0,0.0,0.0,0.0,51.627,0.0,0.0,3.70
34.603,STOCK (your sticks),0,0.0,0.0,0.0,0.0,51.627,0.0,0.0,3.70
34.628,STOCK (your sticks),0,0.0,0.0,0.0,0.0,51.627,0.0,0.0,3.70
34.653,STOCK (your sticks),0,0.0,0.0,0.0,0.0,51.627,0.0,0.0,3.70
34.678,STOCK (your sticks),0,0.0,0.0,0.0,0.0,51.627,0.0,0.0,3.70
34.703,STOCK (your sticks),0,0.0,0.0,0.0,0.0,51.627,0.0,0.0,3.70
34.728,STOCK (your sticks),0,0.0,0.0,0.0,0.0,51.627,0.0,0.0,3.70
34.749,STOCK (your sticks),0,0.0,0.0,0.0,0.0,51.627,0.0,0.0,3.70
34.773,STOCK (your sticks),0,0.0,0.0,0.0,0.0,51.627,0.0,0.0,3.70
34.798,STOCK (your sticks),0,0.0,0.0,0.0,0.0,51.627,0.0,0.0,3.70
34.823,STOCK (your sticks),0,0.0,0.0,0.0,0.0,51.627,0.0,0.0,3.70
34.848,STOCK (your sticks),0,0.0,0.0,0.0,0.0,51.627,0.0,0.0,3.70
34.873,STOCK (your sticks),0,0.0,0.0,0.0,0.0,51.627,0.0,0.0,3.70
34.898,STOCK (your sticks),0,0.0,0.0,0.0,0.0,51.627,0.0,0.0,3.70
34.923,STOCK (your sticks),0,0.0,0.0,0.0,0.0,51.627,0.0,0.0,3.70
34.948,STOCK (your sticks),0,0.0,0.0,0.0,0.0,51.627,0.0,0.0,3.70
34.971,STOCK (your sticks),0,0.0,0.0,0.0,0.0,51.627,0.0,0.0,3.70
34.992,STOCK (your sticks),0,0.0,0.0,0.0,0.0,51.627,0.0,0.0,3.70
35.017,STOCK (your sticks),0,0.0,0.0,0.0,0.0,51.627,0.0,0.0,3.70
35.042,STOCK (your sticks),0,0.0,0.0,0.0,0.0,51.627,0.0,0.0,3.70
35.067,STOCK (your sticks),0,0.0,0.0,0.0,0.0,51.627,0.0,0.0,3.70
35.092,STOCK (your sticks),0,0.0,0.0,0.0,0.0,51.627,0.0,0.0,3.70
35.112,STOCK (your sticks),0,0.0,0.0,0.0,0.0,51.627,0.0,0.0,3.70
35.135,STOCK (your sticks),0,0.0,0.0,0.0,0.0,51.627,0.0,0.0,3.70
35.160,STOCK (your sticks),0,0.0,0.0,0.0,0.0,51.627,0.0,0.0,3.70
35.184,STOCK (your sticks),0,0.0,0.0,0.0,0.0,51.627,0.0,0.0,3.70
35.209,STOCK (your sticks),0,0.0,0.0,0.0,0.0,51.627,0.0,0.0,3.70
35.233,STOCK (your sticks),0,0.0,0.0,0.0,0.0,51.627,0.0,0.0,3.70
35.258,STOCK (your sticks),0,0.0,0.0,0.0,0.0,51.627,0.0,0.0,3.70
35.278,STOCK (your sticks),0,0.0,0.0,0.0,0.0,51.627,0.0,0.0,3.70
35.303,STOCK (your sticks),0,0.0,0.0,0.0,0.0,51.627,0.0,0.0,3.70
35.328,STOCK (your sticks),0,0.0,0.0,0.0,0.0,51.627,0.0,0.0,3.70
35.353,STOCK (your sticks),0,0.0,0.0,0.0,0.0,51.627,0.0,0.0,3.70
35.374,STOCK (your sticks),0,0.0,0.0,0.0,0.0,51.627,0.0,0.0,3.70
35.399,STOCK (your sticks),0,0.0,0.0,0.0,0.0,51.627,0.0,0.0,3.70
35.424,STOCK (your sticks),0,0.0,0.0,0.0,0.0,51.627,0.0,0.0,3.70
35.449,STOCK (your sticks),0,0.0,0.0,0.0,0.0,51.627,0.0,0.0,3.70
35.473,STOCK (your sticks),0,0.0,0.0,0.0,0.0,51.627,0.0,0.0,3.70
35.494,STOCK (your sticks),0,0.0,0.0,0.0,0.0,51.627,0.0,0.0,3.70
35.519,STOCK (your sticks),0,0.0,0.0,0.0,0.0,51.627,0.0,0.0,3.70
35.544,STOCK (your sticks),0,0.0,0.0,0.0,0.0,51.627,0.0,0.0,3.70
35.569,STOCK (your sticks),0,0.0,0.0,0.0,0.0,51.627,0.0,0.0,3.70
35.594,STOCK (your sticks),0,0.0,0.0,0.0,0.0,51.627,0.0,0.0,3.70
35.616,STOCK (your sticks),0,0.0,0.0,0.0,0.0,51.627,0.0,0.0,3.70
35.641,STOCK (your sticks),0,0.0,0.0,0.0,0.0,51.627,0.0,0.0,3.70
35.666,STOCK (your sticks),0,0.0,0.0,0.0,0.0,51.627,0.0,0.0,3.70
35.691,STOCK (your sticks),0,0.0,0.0,0.0,0.0,51.627,0.0,0.0,3.70
35.716,STOCK (your sticks),0,0.0,0.0,0.0,0.0,51.627,0.0,0.0,3.70
35.741,STOCK (your sticks),0,0.0,0.0,0.0,0.0,51.627,0.0,0.0,3.70
35.766,STOCK (your sticks),0,0.0,0.0,0.0,0.0,51.627,0.0,0.0,3.70
35.791,STOCK (your sticks),0,0.0,0.0,0.0,0.0,51.627,0.0,0.0,3.70
35.816,STOCK (your sticks),0,0.0,0.0,0.0,0.0,51.627,0.0,0.0,3.70
35.841,STOCK (your sticks),0,0.0,0.0,0.0,0.0,51.627,0.0,0.0,3.70
35.866,STOCK (your sticks),0,0.0,0.0,0.0,0.0,51.627,0.0,0.0,3.70
35.891,STOCK (your sticks),0,0.0,0.0,0.0,0.0,51.627,0.0,0.0,3.70
35.916,STOCK (your sticks),0,0.0,0.0,0.0,0.0,51.627,0.0,0.0,3.70
35.939,STOCK (your sticks),0,0.0,0.0,0.0,0.0,51.627,0.0,0.0,3.70
35.964,STOCK (your sticks),0,0.0,0.0,0.0,0.0,51.627,0.0,0.0,3.70
35.989,STOCK (your sticks),0,0.0,0.0,0.0,0.0,51.627,0.0,0.0,3.70
36.014,STOCK (your sticks),0,0.0,0.0,0.0,0.0,51.627,0.0,0.0,3.70
36.037,STOCK (your sticks),0,0.0,0.0,0.0,0.0,51.627,0.0,0.0,3.70
36.058,STOCK (your sticks),0,0.0,0.0,0.0,0.0,51.627,0.0,0.0,3.70
36.079,STOCK (your sticks),0,0.0,0.0,0.0,0.0,51.627,0.0,0.0,3.70
36.099,STOCK (your sticks),0,0.0,0.0,0.0,0.0,51.627,0.0,0.0,3.70
36.124,STOCK (your sticks),0,0.0,0.0,0.0,0.0,51.627,0.0,0.0,3.70
36.149,STOCK (your sticks),0,0.0,0.0,0.0,0.0,51.627,0.0,0.0,3.70
36.174,STOCK (your sticks),0,0.0,0.0,0.0,0.0,51.627,0.0,0.0,3.70
36.199,STOCK (your sticks),0,0.0,0.0,0.0,0.0,51.627,0.0,0.0,3.70
36.224,STOCK (your sticks),0,0.0,0.0,0.0,0.0,51.627,0.0,0.0,3.70
36.249,STOCK (your sticks),0,0.0,0.0,0.0,0.0,51.627,0.0,0.0,3.70
36.274,STOCK (your sticks),0,0.0,0.0,0.0,0.0,51.627,0.0,0.0,3.70
36.299,STOCK (your sticks),0,0.0,0.0,0.0,0.0,51.627,0.0,0.0,3.70
36.324,STOCK (your sticks),0,0.0,0.0,0.0,0.0,51.627,0.0,0.0,3.70
36.349,STOCK (your sticks),0,0.0,0.0,0.0,0.0,51.627,0.0,0.0,3.70
36.369,STOCK (your sticks),0,0.0,0.0,0.0,0.0,51.627,0.0,0.0,3.70
36.393,STOCK (your sticks),0,0.0,0.0,0.0,0.0,51.627,0.0,0.0,3.70
36.416,STOCK (your sticks),0,0.0,0.0,0.0,0.0,51.627,0.0,0.0,3.70
36.441,STOCK (your sticks),0,0.0,0.0,0.0,0.0,51.627,0.0,0.0,3.70
36.466,STOCK (your sticks),0,0.0,0.0,0.0,0.0,51.627,0.0,0.0,3.70
36.489,STOCK (your sticks),0,0.0,0.0,0.0,0.0,51.627,0.0,0.0,3.70
36.514,STOCK (your sticks),0,0.0,0.0,0.0,0.0,51.627,0.0,0.0,3.70
36.538,STOCK (your sticks),0,0.0,0.0,0.0,0.0,51.627,0.0,0.0,3.70
36.563,STOCK (your sticks),0,0.0,0.0,0.0,0.0,51.627,0.0,0.0,3.70
36.588,STOCK (your sticks),0,0.0,0.0,0.0,0.0,51.627,0.0,0.0,3.70
36.608,STOCK (your sticks),0,0.0,0.0,0.0,0.0,51.627,0.0,0.0,3.70
36.630,STOCK (your sticks),0,0.0,0.0,0.0,0.0,51.627,0.0,0.0,3.70
36.655,STOCK (your sticks),0,0.0,0.0,0.0,0.0,51.627,0.0,0.0,3.70
36.680,STOCK (your sticks),0,0.0,0.0,0.0,0.0,51.627,0.0,0.0,3.70
36.702,STOCK (your sticks),0,0.0,0.0,0.0,0.0,51.627,0.0,0.0,3.70
36.725,STOCK (your sticks),0,0.0,0.0,0.0,0.0,51.627,0.0,0.0,3.70
36.749,STOCK (your sticks),0,0.0,0.0,0.0,0.0,51.627,0.0,0.0,3.70
36.774,STOCK (your sticks),0,0.0,0.0,0.0,0.0,51.627,0.0,0.0,3.70
36.799,STOCK (your sticks),0,0.0,0.0,0.0,0.0,51.627,0.0,0.0,3.70
36.821,STOCK (your sticks),0,0.0,0.0,0.0,0.0,51.627,0.0,0.0,3.70
36.846,STOCK (your sticks),0,0.0,0.0,0.0,0.0,51.627,0.0,0.0,3.70
36.871,STOCK (your sticks),0,0.0,0.0,0.0,0.0,51.627,0.0,0.0,3.70
36.896,STOCK (your sticks),0,0.0,0.0,0.0,0.0,51.627,0.0,0.0,3.70
36.921,STOCK (your sticks),0,0.0,0.0,0.0,0.0,51.627,0.0,0.0,3.70
36.942,STOCK (your sticks),0,0.0,0.0,0.0,0.0,51.627,0.0,0.0,3.70
36.966,STOCK (your sticks),0,0.0,0.0,0.0,0.0,51.627,0.0,0.0,3.70
36.991,STOCK (your sticks),0,0.0,0.0,0.0,0.0,51.627,0.0,0.0,3.70
37.011,STOCK (your sticks),0,0.0,0.0,0.0,0.0,51.627,0.0,0.0,3.70
37.033,STOCK (your sticks),0,0.0,0.0,0.0,0.0,51.627,0.0,0.0,3.70
37.058,STOCK (your sticks),0,0.0,0.0,0.0,0.0,51.627,0.0,0.0,3.70
37.083,STOCK (your sticks),0,0.0,0.0,0.0,0.0,51.627,0.0,0.0,3.70
37.107,STOCK (your sticks),0,0.0,0.0,0.0,0.0,51.627,0.0,0.0,3.70
37.132,STOCK (your sticks),0,0.0,0.0,0.0,0.0,51.627,0.0,0.0,3.70
37.157,STOCK (your sticks),0,0.0,0.0,0.0,0.0,51.627,0.0,0.0,3.70
37.182,STOCK (your sticks),0,0.0,0.0,0.0,0.0,51.627,0.0,0.0,3.70
37.204,STOCK (your sticks),0,0.0,0.0,0.0,0.0,51.627,0.0,0.0,3.70
37.225,STOCK (your sticks),0,0.0,0.0,0.0,0.0,51.627,0.0,0.0,3.70
37.249,STOCK (your sticks),0,0.0,0.0,0.0,0.0,51.627,0.0,0.0,3.70
37.272,STOCK (your sticks),0,0.0,0.0,0.0,0.0,51.627,0.0,0.0,3.70
37.297,STOCK (your sticks),0,0.0,0.0,0.0,0.0,51.627,0.0,0.0,3.70
37.319,STOCK (your sticks),0,0.0,0.0,0.0,0.0,51.627,0.0,0.0,3.70
37.342,STOCK (your sticks),0,0.0,0.0,0.0,0.0,51.627,0.0,0.0,3.70
37.367,STOCK (your sticks),0,0.0,0.0,0.0,0.0,51.627,0.0,0.0,3.70
37.392,STOCK (your sticks),0,0.0,0.0,0.0,0.0,51.627,0.0,0.0,3.70
37.416,STOCK (your sticks),0,0.0,0.0,0.0,0.0,51.627,0.0,0.0,3.70
37.441,STOCK (your sticks),0,0.0,0.0,0.0,0.0,51.627,0.0,0.0,3.70
37.466,STOCK (your sticks),0,0.0,0.0,0.0,0.0,51.627,0.0,0.0,3.70
37.491,STOCK (your sticks),0,0.0,0.0,0.0,0.0,51.627,0.0,0.0,3.70
37.512,STOCK (your sticks),0,0.0,0.0,0.0,0.0,51.627,0.0,0.0,3.70
37.537,STOCK (your sticks),0,0.0,0.0,0.0,0.0,51.627,0.0,0.0,3.70
37.562,STOCK (your sticks),0,0.0,0.0,0.0,0.0,51.627,0.0,0.0,3.70
37.587,STOCK (your sticks),0,0.0,0.0,0.0,0.0,51.627,0.0,0.0,3.70
37.608,STOCK (your sticks),0,0.0,0.0,0.0,0.0,51.627,0.0,0.0,3.70
37.633,STOCK (your sticks),0,0.0,0.0,0.0,0.0,51.627,0.0,0.0,3.70
37.657,STOCK (your sticks),0,0.0,0.0,0.0,0.0,51.627,0.0,0.0,3.70
37.682,STOCK (your sticks),0,0.0,0.0,0.0,0.0,51.627,0.0,0.0,3.70
37.707,STOCK (your sticks),0,0.0,0.0,0.0,0.0,51.627,0.0,0.0,3.70
37.729,STOCK (your sticks),0,0.0,0.0,0.0,0.0,51.627,0.0,0.0,3.70
37.754,STOCK (your sticks),0,0.0,0.0,0.0,0.0,51.627,0.0,0.0,3.70
37.775,STOCK (your sticks),0,0.0,0.0,0.0,0.0,51.627,0.0,0.0,3.70
37.799,STOCK (your sticks),0,0.0,0.0,0.0,0.0,51.627,0.0,0.0,3.70
37.824,STOCK (your sticks),0,0.0,0.0,0.0,0.0,51.627,0.0,0.0,3.70
37.849,STOCK (your sticks),0,0.0,0.0,0.0,0.0,51.627,0.0,0.0,3.70
37.874,STOCK (your sticks),0,0.0,0.0,0.0,0.0,51.627,0.0,0.0,3.70
37.895,STOCK (your sticks),0,0.0,0.0,0.0,0.0,51.627,0.0,0.0,3.70
37.916,STOCK (your sticks),0,0.0,0.0,0.0,0.0,51.627,0.0,0.0,3.70
37.939,STOCK (your sticks),0,0.0,0.0,0.0,0.0,51.627,0.0,0.0,3.70
37.960,STOCK (your sticks),0,0.0,0.0,0.0,0.0,51.627,0.0,0.0,3.70
37.985,STOCK (your sticks),0,0.0,0.0,0.0,0.0,51.627,0.0,0.0,3.70
38.010,STOCK (your sticks),0,0.0,0.0,0.0,0.0,51.627,0.0,0.0,3.70
38.035,STOCK (your sticks),0,0.0,0.0,0.0,0.0,51.627,0.0,0.0,3.70
38.060,STOCK (your sticks),0,0.0,0.0,0.0,0.0,51.627,0.0,0.0,3.70
38.082,STOCK (your sticks),0,0.0,0.0,0.0,0.0,51.627,0.0,0.0,3.70
38.106,STOCK (your sticks),0,0.0,0.0,0.0,0.0,51.627,0.0,0.0,3.70
38.128,STOCK (your sticks),0,0.0,0.0,0.0,0.0,51.627,0.0,0.0,3.70
38.151,STOCK (your sticks),0,0.0,0.0,0.0,0.0,51.627,0.0,0.0,3.70
38.172,STOCK (your sticks),0,0.0,0.0,0.0,0.0,51.627,0.0,0.0,3.70
38.193,STOCK (your sticks),0,0.0,0.0,0.0,0.0,51.627,0.0,0.0,3.70
38.214,STOCK (your sticks),0,0.0,0.0,0.0,0.0,51.627,0.0,0.0,3.70
38.239,STOCK (your sticks),0,0.0,0.0,0.0,0.0,51.627,0.0,0.0,3.70
38.260,STOCK (your sticks),0,0.0,0.0,0.0,0.0,51.627,0.0,0.0,3.70
38.283,STOCK (your sticks),0,0.0,0.0,0.0,0.0,51.627,0.0,0.0,3.70
38.308,STOCK (your sticks),0,0.0,0.0,0.0,0.0,51.627,0.0,0.0,3.70
38.329,STOCK (your sticks),0,0.0,0.0,0.0,0.0,51.627,0.0,0.0,3.70
38.354,STOCK (your sticks),0,0.0,0.0,0.0,0.0,51.627,0.0,0.0,3.70
38.379,STOCK (your sticks),0,0.0,0.0,0.0,0.0,51.627,0.0,0.0,3.70
38.399,STOCK (your sticks),0,0.0,0.0,0.0,0.0,51.627,0.0,0.0,3.70
38.424,STOCK (your sticks),0,0.0,0.0,0.0,0.0,51.627,0.0,0.0,3.70
38.449,STOCK (your sticks),0,0.0,0.0,0.0,0.0,51.627,0.0,0.0,3.70
38.474,STOCK (your sticks),0,0.0,0.0,0.0,0.0,51.627,0.0,0.0,3.70
38.499,STOCK (your sticks),0,0.0,0.0,0.0,0.0,51.627,0.0,0.0,3.70
38.524,STOCK (your sticks),0,0.0,0.0,0.0,0.0,51.627,0.0,0.0,3.70
38.549,STOCK (your sticks),0,0.0,0.0,0.0,0.0,51.627,0.0,0.0,3.70
38.574,STOCK (your sticks),0,0.0,0.0,0.0,0.0,51.627,0.0,0.0,3.70
38.594,STOCK (your sticks),0,0.0,0.0,0.0,0.0,51.627,0.0,0.0,3.70
38.619,STOCK (your sticks),0,0.0,0.0,0.0,0.0,51.627,0.0,0.0,3.70
38.643,STOCK (your sticks),0,0.0,0.0,0.0,0.0,51.627,0.0,0.0,3.70
38.666,STOCK (your sticks),0,0.0,0.0,0.0,0.0,51.627,0.0,0.0,3.70
38.691,STOCK (your sticks),0,0.0,0.0,0.0,0.0,51.627,0.0,0.0,3.70
38.715,STOCK (your sticks),0,0.0,0.0,0.0,0.0,51.627,0.0,0.0,3.70
38.737,STOCK (your sticks),0,0.0,0.0,0.0,0.0,51.627,0.0,0.0,3.70
38.758,STOCK (your sticks),0,0.0,0.0,0.0,0.0,51.627,0.0,0.0,3.70
38.783,STOCK (your sticks),0,0.0,0.0,0.0,0.0,51.627,0.0,0.0,3.70
38.808,STOCK (your sticks),0,0.0,0.0,0.0,0.0,51.627,0.0,0.0,3.70
38.833,STOCK (your sticks),0,0.0,0.0,0.0,0.0,51.627,0.0,0.0,3.70
38.858,STOCK (your sticks),0,0.0,0.0,0.0,0.0,51.627,0.0,0.0,3.70
38.883,STOCK (your sticks),0,0.0,0.0,0.0,0.0,51.627,0.0,0.0,3.70
38.908,STOCK (your sticks),0,0.0,0.0,0.0,0.0,51.627,0.0,0.0,3.70
38.932,STOCK (your sticks),0,0.0,0.0,0.0,0.0,51.627,0.0,0.0,3.70
38.957,STOCK (your sticks),0,0.0,0.0,0.0,0.0,51.627,0.0,0.0,3.70
38.977,STOCK (your sticks),0,0.0,0.0,0.0,0.0,51.627,0.0,0.0,3.70
38.999,STOCK (your sticks),0,0.0,0.0,0.0,0.0,51.627,0.0,0.0,3.70
39.024,STOCK (your sticks),0,0.0,0.0,0.0,0.0,51.627,0.0,0.0,3.70
39.045,STOCK (your sticks),0,0.0,0.0,0.0,0.0,51.627,0.0,0.0,3.70
39.070,STOCK (your sticks),0,0.0,0.0,0.0,0.0,51.627,0.0,0.0,3.70
39.095,STOCK (your sticks),0,0.0,0.0,0.0,0.0,51.627,0.0,0.0,3.70
39.120,STOCK (your sticks),0,0.0,0.0,0.0,0.0,51.627,0.0,0.0,3.70
39.143,STOCK (your sticks),0,0.0,0.0,0.0,0.0,51.627,0.0,0.0,3.70
39.163,STOCK (your sticks),0,0.0,0.0,0.0,0.0,51.627,0.0,0.0,3.70
39.188,STOCK (your sticks),0,0.0,0.0,0.0,0.0,51.627,0.0,0.0,3.70
39.211,STOCK (your sticks),0,0.0,0.0,0.0,0.0,51.627,0.0,0.0,3.70
39.234,STOCK (your sticks),0,0.0,0.0,0.0,0.0,51.627,0.0,0.0,3.70
39.257,STOCK (your sticks),0,0.0,0.0,0.0,0.0,51.627,0.0,0.0,3.70
39.278,STOCK (your sticks),0,0.0,0.0,0.0,0.0,51.627,0.0,0.0,3.70
39.301,STOCK (your sticks),0,0.0,0.0,0.0,0.0,51.627,0.0,0.0,3.70
39.325,STOCK (your sticks),0,0.0,0.0,0.0,0.0,51.627,0.0,0.0,3.70
39.350,STOCK (your sticks),0,0.0,0.0,0.0,0.0,51.627,0.0,0.0,3.70
39.374,STOCK (your sticks),0,0.0,0.0,0.0,0.0,51.627,0.0,0.0,3.70
39.399,STOCK (your sticks),0,0.0,0.0,0.0,0.0,51.627,0.0,0.0,3.70
39.419,STOCK (your sticks),0,0.0,0.0,0.0,0.0,51.627,0.0,0.0,3.70
39.444,STOCK (your sticks),0,0.0,0.0,0.0,0.0,51.627,0.0,0.0,3.70
39.465,STOCK (your sticks),0,0.0,0.0,0.0,0.0,51.627,0.0,0.0,3.70
39.490,STOCK (your sticks),0,0.0,0.0,0.0,0.0,51.627,0.0,0.0,3.70
39.515,STOCK (your sticks),0,0.0,0.0,0.0,0.0,51.627,0.0,0.0,3.70
39.540,STOCK (your sticks),0,0.0,0.0,0.0,0.0,51.627,0.0,0.0,3.70
39.565,STOCK (your sticks),0,0.0,0.0,0.0,0.0,51.627,0.0,0.0,3.70
39.590,STOCK (your sticks),0,0.0,0.0,0.0,0.0,51.627,0.0,0.0,3.70
39.615,STOCK (your sticks),0,0.0,0.0,0.0,0.0,51.627,0.0,0.0,3.70
39.640,STOCK (your sticks),0,0.0,0.0,0.0,0.0,51.627,0.0,0.0,3.70
39.664,STOCK (your sticks),0,0.0,0.0,0.0,0.0,51.627,0.0,0.0,3.70
39.689,STOCK (your sticks),0,0.0,0.0,0.0,0.0,51.627,0.0,0.0,3.70
39.714,STOCK (your sticks),0,0.0,0.0,0.0,0.0,51.627,0.0,0.0,3.70
39.739,STOCK (your sticks),0,0.0,0.0,0.0,0.0,51.627,0.0,0.0,3.70
39.760,STOCK (your sticks),0,0.0,0.0,0.0,0.0,51.627,0.0,0.0,3.70
39.785,STOCK (your sticks),0,0.0,0.0,0.0,0.0,51.627,0.0,0.0,3.70
39.810,STOCK (your sticks),0,0.0,0.0,0.0,0.0,51.627,0.0,0.0,3.70
39.835,STOCK (your sticks),0,0.0,0.0,0.0,0.0,51.627,0.0,0.0,3.70
39.860,STOCK (your sticks),0,0.0,0.0,0.0,0.0,51.627,0.0,0.0,3.70
39.881,STOCK (your sticks),0,0.0,0.0,0.0,0.0,51.627,0.0,0.0,3.70
39.902,STOCK (your sticks),0,0.0,0.0,0.0,0.0,51.627,0.0,0.0,3.70
39.927,STOCK (your sticks),0,0.0,0.0,0.0,0.0,51.627,0.0,0.0,3.70
39.948,STOCK (your sticks),0,0.0,0.0,0.0,0.0,51.627,0.0,0.0,3.70
39.970,STOCK (your sticks),0,0.0,0.0,0.0,0.0,51.627,0.0,0.0,3.70
39.992,STOCK (your sticks),0,0.0,0.0,0.0,0.0,51.627,0.0,0.0,3.70
40.016,STOCK (your sticks),0,0.0,0.0,0.0,0.0,51.627,0.0,0.0,3.70
40.041,STOCK (your sticks),0,0.0,0.0,0.0,0.0,51.627,0.0,0.0,3.70
40.066,STOCK (your sticks),0,0.0,0.0,0.0,0.0,51.627,0.0,0.0,3.70
40.091,STOCK (your sticks),0,0.0,0.0,0.0,0.0,51.627,0.0,0.0,3.70
40.116,STOCK (your sticks),0,0.0,0.0,0.0,0.0,51.627,0.0,0.0,3.70
40.141,STOCK (your sticks),0,0.0,0.0,0.0,0.0,51.627,0.0,0.0,3.70
40.166,STOCK (your sticks),0,0.0,0.0,0.0,0.0,51.627,0.0,0.0,3.70
40.191,STOCK (your sticks),0,0.0,0.0,0.0,0.0,51.627,0.0,0.0,3.70
40.216,STOCK (your sticks),0,0.0,0.0,0.0,0.0,51.627,0.0,0.0,3.70
40.241,STOCK (your sticks),0,0.0,0.0,0.0,0.0,51.627,0.0,0.0,3.70
40.264,STOCK (your sticks),0,0.0,0.0,0.0,0.0,51.627,0.0,0.0,3.70
40.289,STOCK (your sticks),0,0.0,0.0,0.0,0.0,51.627,0.0,0.0,3.70
40.312,STOCK (your sticks),0,0.0,0.0,0.0,0.0,51.627,0.0,0.0,3.70
40.337,STOCK (your sticks),0,0.0,0.0,0.0,0.0,51.627,0.0,0.0,3.70
40.358,STOCK (your sticks),0,0.0,0.0,0.0,0.0,51.627,0.0,0.0,3.70
40.383,STOCK (your sticks),0,0.0,0.0,0.0,0.0,51.627,0.0,0.0,3.70
40.408,STOCK (your sticks),0,0.0,0.0,0.0,0.0,51.627,0.0,0.0,3.70
40.432,STOCK (your sticks),0,0.0,0.0,0.0,0.0,51.627,0.0,0.0,3.70
40.455,STOCK (your sticks),0,0.0,0.0,0.0,0.0,51.627,0.0,0.0,3.70
40.475,STOCK (your sticks),0,0.0,0.0,0.0,0.0,51.627,0.0,0.0,3.70
40.500,STOCK (your sticks),0,0.0,0.0,0.0,0.0,51.627,0.0,0.0,3.70
40.525,STOCK (your sticks),0,0.0,0.0,0.0,0.0,51.627,0.0,0.0,3.70
40.545,STOCK (your sticks),0,0.0,0.0,0.0,0.0,51.627,0.0,0.0,3.70
40.567,STOCK (your sticks),0,0.0,0.0,0.0,0.0,51.627,0.0,0.0,3.70
40.592,STOCK (your sticks),0,0.0,0.0,0.0,0.0,51.627,0.0,0.0,3.70
40.613,STOCK (your sticks),0,0.0,0.0,0.0,0.0,51.627,0.0,0.0,3.70
40.636,STOCK (your sticks),0,0.0,0.0,0.0,0.0,51.627,0.0,0.0,3.70
40.660,STOCK (your sticks),0,0.0,0.0,0.0,0.0,51.627,0.0,0.0,3.70
40.685,STOCK (your sticks),0,0.0,0.0,0.0,0.0,51.627,0.0,0.0,3.70
40.707,STOCK (your sticks),0,0.0,0.0,0.0,0.0,51.627,0.0,0.0,3.70
40.732,STOCK (your sticks),0,0.0,0.0,0.0,0.0,51.627,0.0,0.0,3.70
40.754,STOCK (your sticks),0,0.0,0.0,0.0,0.0,51.627,0.0,0.0,3.70
40.775,STOCK (your sticks),0,0.0,0.0,0.0,0.0,51.627,0.0,0.0,3.70
40.798,STOCK (your sticks),0,0.0,0.0,0.0,0.0,51.627,0.0,0.0,3.70
40.822,STOCK (your sticks),0,0.0,0.0,0.0,0.0,51.627,0.0,0.0,3.70
40.842,STOCK (your sticks),0,0.0,0.0,0.0,0.0,51.627,0.0,0.0,3.70
40.863,STOCK (your sticks),0,0.0,0.0,0.0,0.0,51.627,0.0,0.0,3.70
40.888,STOCK (your sticks),0,0.0,0.0,0.0,0.0,51.627,0.0,0.0,3.70
40.909,STOCK (your sticks),0,0.0,0.0,0.0,0.0,51.627,0.0,0.0,3.70
40.934,STOCK (your sticks),0,0.0,0.0,0.0,0.0,51.627,0.0,0.0,3.70
40.959,STOCK (your sticks),0,0.0,0.0,0.0,0.0,51.627,0.0,0.0,3.70
40.984,STOCK (your sticks),0,0.0,0.0,0.0,0.0,51.627,0.0,0.0,3.70
41.009,STOCK (your sticks),0,0.0,0.0,0.0,0.0,51.627,0.0,0.0,3.70
41.029,STOCK (your sticks),0,0.0,0.0,0.0,0.0,51.627,0.0,0.0,3.70
41.054,STOCK (your sticks),0,0.0,0.0,0.0,0.0,51.627,0.0,0.0,3.70
41.075,STOCK (your sticks),0,0.0,0.0,0.0,0.0,51.627,0.0,0.0,3.70
41.100,STOCK (your sticks),0,0.0,0.0,0.0,0.0,51.627,0.0,0.0,3.70
41.125,STOCK (your sticks),0,0.0,0.0,0.0,0.0,51.627,0.0,0.0,3.70
41.150,STOCK (your sticks),0,0.0,0.0,0.0,0.0,51.627,0.0,0.0,3.70
41.171,STOCK (your sticks),0,0.0,0.0,0.0,0.0,51.627,0.0,0.0,3.70
41.192,STOCK (your sticks),0,0.0,0.0,0.0,0.0,51.627,0.0,0.0,3.70
41.217,STOCK (your sticks),0,0.0,0.0,0.0,0.0,51.627,0.0,0.0,3.70
41.242,STOCK (your sticks),0,0.0,0.0,0.0,0.0,51.627,0.0,0.0,3.70
41.267,STOCK (your sticks),0,0.0,0.0,0.0,0.0,51.627,0.0,0.0,3.70
41.291,STOCK (your sticks),0,0.0,0.0,0.0,0.0,51.627,0.0,0.0,3.70
41.316,STOCK (your sticks),0,0.0,0.0,0.0,0.0,51.627,0.0,0.0,3.70
41.341,STOCK (your sticks),0,0.0,0.0,0.0,0.0,51.627,0.0,0.0,3.70
41.364,STOCK (your sticks),0,0.0,0.0,0.0,0.0,51.627,0.0,0.0,3.70
41.389,STOCK (your sticks),0,0.0,0.0,0.0,0.0,51.627,0.0,0.0,3.70
41.414,STOCK (your sticks),0,0.0,0.0,0.0,0.0,51.627,0.0,0.0,3.70
41.439,STOCK (your sticks),0,0.0,0.0,0.0,0.0,51.627,0.0,0.0,3.70
41.461,STOCK (your sticks),0,0.0,0.0,0.0,0.0,51.627,0.0,0.0,3.70
41.481,STOCK (your sticks),0,0.0,0.0,0.0,0.0,51.627,0.0,0.0,3.70
41.505,STOCK (your sticks),0,0.0,0.0,0.0,0.0,51.627,0.0,0.0,3.70
41.530,STOCK (your sticks),0,0.0,0.0,0.0,0.0,51.627,0.0,0.0,3.70
41.555,STOCK (your sticks),0,0.0,0.0,0.0,0.0,51.627,0.0,0.0,3.70
41.580,STOCK (your sticks),0,0.0,0.0,0.0,0.0,51.627,0.0,0.0,3.70
41.605,STOCK (your sticks),0,0.0,0.0,0.0,0.0,51.627,0.0,0.0,3.70
41.630,STOCK (your sticks),0,0.0,0.0,0.0,0.0,51.627,0.0,0.0,3.70
41.655,STOCK (your sticks),0,0.0,0.0,0.0,0.0,51.627,0.0,0.0,3.70
41.678,STOCK (your sticks),0,0.0,0.0,0.0,0.0,51.627,0.0,0.0,3.70
41.703,STOCK (your sticks),0,0.0,0.0,0.0,0.0,51.627,0.0,0.0,3.70
41.724,STOCK (your sticks),0,0.0,0.0,0.0,0.0,51.627,0.0,0.0,3.70
41.749,STOCK (your sticks),0,0.0,0.0,0.0,0.0,51.627,0.0,0.0,3.70
41.771,STOCK (your sticks),0,0.0,0.0,0.0,0.0,51.627,0.0,0.0,3.70
41.793,STOCK (your sticks),0,0.0,0.0,0.0,0.0,51.627,0.0,0.0,3.70
41.816,STOCK (your sticks),0,0.0,0.0,0.0,0.0,51.627,0.0,0.0,3.70
41.837,STOCK (your sticks),0,0.0,0.0,0.0,0.0,51.627,0.0,0.0,3.70
41.858,STOCK (your sticks),0,0.0,0.0,0.0,0.0,51.627,0.0,0.0,3.70
41.883,STOCK (your sticks),0,0.0,0.0,0.0,0.0,51.627,0.0,0.0,3.70
41.907,STOCK (your sticks),0,0.0,0.0,0.0,0.0,51.627,0.0,0.0,3.70
41.928,STOCK (your sticks),0,0.0,0.0,0.0,0.0,51.627,0.0,0.0,3.70
41.949,STOCK (your sticks),0,0.0,0.0,0.0,0.0,51.627,0.0,0.0,3.70
41.973,STOCK (your sticks),0,0.0,0.0,0.0,0.0,51.627,0.0,0.0,3.70
41.998,STOCK (your sticks),0,0.0,0.0,0.0,0.0,51.627,0.0,0.0,3.70
42.021,STOCK (your sticks),0,0.0,0.0,0.0,0.0,51.627,0.0,0.0,3.70
42.046,STOCK (your sticks),0,0.0,0.0,0.0,0.0,51.627,0.0,0.0,3.70
42.066,STOCK (your sticks),0,0.0,0.0,0.0,0.0,51.627,0.0,0.0,3.70
42.091,STOCK (your sticks),0,0.0,0.0,0.0,0.0,51.627,0.0,0.0,3.70
42.115,STOCK (your sticks),0,0.0,0.0,0.0,0.0,51.627,0.0,0.0,3.70
42.140,STOCK (your sticks),0,0.0,0.0,0.0,0.0,51.627,0.0,0.0,3.70
42.163,STOCK (your sticks),0,0.0,0.0,0.0,0.0,51.627,0.0,0.0,3.70
42.187,STOCK (your sticks),0,0.0,0.0,0.0,0.0,51.627,0.0,0.0,3.70
42.208,STOCK (your sticks),0,0.0,0.0,0.0,0.0,51.627,0.0,0.0,3.70
42.233,STOCK (your sticks),0,0.0,0.0,0.0,0.0,51.627,0.0,0.0,3.70
42.258,STOCK (your sticks),0,0.0,0.0,0.0,0.0,51.627,0.0,0.0,3.70
42.283,STOCK (your sticks),0,0.0,0.0,0.0,0.0,51.627,0.0,0.0,3.70
42.308,STOCK (your sticks),0,0.0,0.0,0.0,0.0,51.627,0.0,0.0,3.70
42.332,STOCK (your sticks),0,0.0,0.0,0.0,0.0,51.627,0.0,0.0,3.70
42.355,STOCK (your sticks),0,0.0,0.0,0.0,0.0,51.627,0.0,0.0,3.70
42.377,STOCK (your sticks),0,0.0,0.0,0.0,0.0,51.627,0.0,0.0,3.70
42.397,STOCK (your sticks),0,0.0,0.0,0.0,0.0,51.627,0.0,0.0,3.70
42.422,STOCK (your sticks),0,0.0,0.0,0.0,0.0,51.627,0.0,0.0,3.70
42.445,STOCK (your sticks),0,0.0,0.0,0.0,0.0,51.627,0.0,0.0,3.70
42.470,STOCK (your sticks),0,0.0,0.0,0.0,0.0,51.627,0.0,0.0,3.70
42.492,STOCK (your sticks),0,0.0,0.0,0.0,0.0,51.627,0.0,0.0,3.70
42.517,STOCK (your sticks),0,0.0,0.0,0.0,0.0,51.627,0.0,0.0,3.70
42.537,STOCK (your sticks),0,0.0,0.0,0.0,0.0,51.627,0.0,0.0,3.70
42.562,STOCK (your sticks),0,0.0,0.0,0.0,0.0,51.627,0.0,0.0,3.70
42.587,STOCK (your sticks),0,0.0,0.0,0.0,0.0,51.627,0.0,0.0,3.70
42.608,STOCK (your sticks),0,0.0,0.0,0.0,0.0,51.627,0.0,0.0,3.70
42.633,STOCK (your sticks),0,0.0,0.0,0.0,0.0,51.627,0.0,0.0,3.70
42.658,STOCK (your sticks),0,0.0,0.0,0.0,0.0,51.627,0.0,0.0,3.70
42.683,STOCK (your sticks),0,0.0,0.0,0.0,0.0,51.627,0.0,0.0,3.70
42.708,STOCK (your sticks),0,0.0,0.0,0.0,0.0,51.627,0.0,0.0,3.70
42.733,STOCK (your sticks),0,0.0,0.0,0.0,0.0,51.627,0.0,0.0,3.70
42.758,STOCK (your sticks),0,0.0,0.0,0.0,0.0,51.627,0.0,0.0,3.70
42.783,STOCK (your sticks),0,0.0,0.0,0.0,0.0,51.627,0.0,0.0,3.70
42.807,STOCK (your sticks),0,0.0,0.0,0.0,0.0,51.627,0.0,0.0,3.70
42.828,STOCK (your sticks),0,0.0,0.0,0.0,0.0,51.627,0.0,0.0,3.70
42.853,STOCK (your sticks),0,0.0,0.0,0.0,0.0,51.627,0.0,0.0,3.70
42.877,STOCK (your sticks),0,0.0,0.0,0.0,0.0,51.627,0.0,0.0,3.70
42.899,STOCK (your sticks),0,0.0,0.0,0.0,0.0,51.627,0.0,0.0,3.70
42.924,STOCK (your sticks),0,0.0,0.0,0.0,0.0,51.627,0.0,0.0,3.70
42.949,STOCK (your sticks),0,0.0,0.0,0.0,0.0,51.627,0.0,0.0,3.70
42.974,STOCK (your sticks),0,0.0,0.0,0.0,0.0,51.627,0.0,0.0,3.70
42.995,STOCK (your sticks),0,0.0,0.0,0.0,0.0,51.627,0.0,0.0,3.70
43.020,STOCK (your sticks),0,0.0,0.0,0.0,0.0,51.627,0.0,0.0,3.70
43.043,STOCK (your sticks),0,0.0,0.0,0.0,0.0,51.627,0.0,0.0,3.70
43.066,STOCK (your sticks),0,0.0,0.0,0.0,0.0,51.627,0.0,0.0,3.70
43.091,STOCK (your sticks),0,0.0,0.0,0.0,0.0,51.627,0.0,0.0,3.70
43.116,STOCK (your sticks),0,0.0,0.0,0.0,0.0,51.627,0.0,0.0,3.70
43.141,STOCK (your sticks),0,0.0,0.0,0.0,0.0,51.627,0.0,0.0,3.70
43.163,STOCK (your sticks),0,0.0,0.0,0.0,0.0,51.627,0.0,0.0,3.70
43.183,STOCK (your sticks),0,0.0,0.0,0.0,0.0,51.627,0.0,0.0,3.70
43.204,STOCK (your sticks),0,0.0,0.0,0.0,0.0,51.627,0.0,0.0,3.70
43.227,STOCK (your sticks),0,0.0,0.0,0.0,0.0,51.627,0.0,0.0,3.70
43.252,STOCK (your sticks),0,0.0,0.0,0.0,0.0,51.627,0.0,0.0,3.70
43.274,STOCK (your sticks),0,0.0,0.0,0.0,0.0,51.627,0.0,0.0,3.70
43.299,STOCK (your sticks),0,0.0,0.0,0.0,0.0,51.627,0.0,0.0,3.70
43.324,STOCK (your sticks),0,0.0,0.0,0.0,0.0,51.627,0.0,0.0,3.70
43.349,STOCK (your sticks),0,0.0,0.0,0.0,0.0,51.627,0.0,0.0,3.70
43.374,STOCK (your sticks),0,0.0,0.0,0.0,0.0,51.627,0.0,0.0,3.70
43.399,STOCK (your sticks),0,0.0,0.0,0.0,0.0,51.627,0.0,0.0,3.70
43.424,STOCK (your sticks),0,0.0,0.0,0.0,0.0,51.627,0.0,0.0,3.70
43.449,STOCK (your sticks),0,0.0,0.0,0.0,0.0,51.627,0.0,0.0,3.70
43.474,STOCK (your sticks),0,0.0,0.0,0.0,0.0,51.627,0.0,0.0,3.70
43.495,STOCK (your sticks),0,0.0,0.0,0.0,0.0,51.627,0.0,0.0,3.70
43.516,STOCK (your sticks),0,0.0,0.0,0.0,0.0,51.627,0.0,0.0,3.70
43.541,STOCK (your sticks),0,0.0,0.0,0.0,0.0,51.627,0.0,0.0,3.70
43.566,STOCK (your sticks),0,0.0,0.0,0.0,0.0,51.627,0.0,0.0,3.70
43.591,STOCK (your sticks),0,0.0,0.0,0.0,0.0,51.627,0.0,0.0,3.70
43.616,STOCK (your sticks),0,0.0,0.0,0.0,0.0,51.627,0.0,0.0,3.70
43.641,STOCK (your sticks),0,0.0,0.0,0.0,0.0,51.627,0.0,0.0,3.70
43.666,STOCK (your sticks),0,0.0,0.0,0.0,0.0,51.627,0.0,0.0,3.70
43.691,STOCK (your sticks),0,0.0,0.0,0.0,0.0,51.627,0.0,0.0,3.70
43.716,STOCK (your sticks),0,0.0,0.0,0.0,0.0,51.627,0.0,0.0,3.70
43.739,STOCK (your sticks),0,0.0,0.0,0.0,0.0,51.627,0.0,0.0,3.70
43.764,STOCK (your sticks),0,0.0,0.0,0.0,0.0,51.627,0.0,0.0,3.70
43.789,STOCK (your sticks),0,0.0,0.0,0.0,0.0,51.627,0.0,0.0,3.70
43.810,STOCK (your sticks),0,0.0,0.0,0.0,0.0,51.627,0.0,0.0,3.70
43.834,STOCK (your sticks),0,0.0,0.0,0.0,0.0,51.627,0.0,0.0,3.70
43.859,STOCK (your sticks),0,0.0,0.0,0.0,0.0,51.627,0.0,0.0,3.70
43.883,STOCK (your sticks),0,0.0,0.0,0.0,0.0,51.627,0.0,0.0,3.70
43.907,STOCK (your sticks),0,0.0,0.0,0.0,0.0,51.627,0.0,0.0,3.70
43.932,STOCK (your sticks),0,0.0,0.0,0.0,0.0,51.627,0.0,0.0,3.70
43.957,STOCK (your sticks),0,0.0,0.0,0.0,0.0,51.627,0.0,0.0,3.70
43.982,STOCK (your sticks),0,0.0,0.0,0.0,0.0,51.627,0.0,0.0,3.70
44.007,STOCK (your sticks),0,0.0,0.0,0.0,0.0,51.627,0.0,0.0,3.70
44.032,STOCK (your sticks),0,0.0,0.0,0.0,0.0,51.627,0.0,0.0,3.70
44.054,STOCK (your sticks),0,0.0,0.0,0.0,0.0,51.627,0.0,0.0,3.70
44.075,STOCK (your sticks),0,0.0,0.0,0.0,0.0,51.627,0.0,0.0,3.70
44.100,STOCK (your sticks),0,0.0,0.0,0.0,0.0,51.627,0.0,0.0,3.70
44.120,STOCK (your sticks),0,0.0,0.0,0.0,0.0,51.627,0.0,0.0,3.70
44.144,STOCK (your sticks),0,0.0,0.0,0.0,0.0,51.627,0.0,0.0,3.70
44.167,STOCK (your sticks),0,0.0,0.0,0.0,0.0,51.627,0.0,0.0,3.70
44.192,STOCK (your sticks),0,0.0,0.0,0.0,0.0,51.627,0.0,0.0,3.70
44.217,STOCK (your sticks),0,0.0,0.0,0.0,0.0,51.627,0.0,0.0,3.70
44.242,STOCK (your sticks),0,0.0,0.0,0.0,0.0,51.627,0.0,0.0,3.70
44.262,STOCK (your sticks),0,0.0,0.0,0.0,0.0,51.627,0.0,0.0,3.70
44.287,STOCK (your sticks),0,0.0,0.0,0.0,0.0,51.627,0.0,0.0,3.70
44.309,STOCK (your sticks),0,0.0,0.0,0.0,0.0,51.627,0.0,0.0,3.70
44.329,STOCK (your sticks),0,0.0,0.0,0.0,0.0,51.627,0.0,0.0,3.70
44.351,STOCK (your sticks),0,0.0,0.0,0.0,0.0,51.627,0.0,0.0,3.70
44.375,STOCK (your sticks),0,0.0,0.0,0.0,0.0,51.627,0.0,0.0,3.70
44.395,STOCK (your sticks),0,0.0,0.0,0.0,0.0,51.627,0.0,0.0,3.70
44.416,STOCK (your sticks),0,0.0,0.0,0.0,0.0,51.627,0.0,0.0,3.70
44.437,STOCK (your sticks),0,0.0,0.0,0.0,0.0,51.627,0.0,0.0,3.70
44.460,STOCK (your sticks),0,0.0,0.0,0.0,0.0,51.627,0.0,0.0,3.70
44.485,STOCK (your sticks),0,0.0,0.0,0.0,0.0,51.627,0.0,0.0,3.70
44.510,STOCK (your sticks),0,0.0,0.0,0.0,0.0,51.627,0.0,0.0,3.70
44.535,STOCK (your sticks),0,0.0,0.0,0.0,0.0,51.627,0.0,0.0,3.70
44.560,STOCK (your sticks),0,0.0,0.0,0.0,0.0,51.627,0.0,0.0,3.70
44.585,STOCK (your sticks),0,0.0,0.0,0.0,0.0,51.627,0.0,0.0,3.70
44.610,STOCK (your sticks),0,0.0,0.0,0.0,0.0,51.627,0.0,0.0,3.70
44.633,STOCK (your sticks),0,0.0,0.0,0.0,0.0,51.627,0.0,0.0,3.70
44.657,STOCK (your sticks),0,0.0,0.0,0.0,0.0,51.627,0.0,0.0,3.70
44.682,STOCK (your sticks),0,0.0,0.0,0.0,0.0,51.627,0.0,0.0,3.70
44.707,STOCK (your sticks),0,0.0,0.0,0.0,0.0,51.627,0.0,0.0,3.70
44.728,STOCK (your sticks),0,0.0,0.0,0.0,0.0,51.627,0.0,0.0,3.70
44.750,STOCK (your sticks),0,0.0,0.0,0.0,0.0,51.627,0.0,0.0,3.70
44.774,STOCK (your sticks),0,0.0,0.0,0.0,0.0,51.627,0.0,0.0,3.70
44.797,STOCK (your sticks),0,0.0,0.0,0.0,0.0,51.627,0.0,0.0,3.70
44.822,STOCK (your sticks),0,0.0,0.0,0.0,0.0,51.627,0.0,0.0,3.70
44.843,STOCK (your sticks),0,0.0,0.0,0.0,0.0,51.627,0.0,0.0,3.70
44.868,STOCK (your sticks),0,0.0,0.0,0.0,0.0,51.627,0.0,0.0,3.70
44.893,STOCK (your sticks),0,0.0,0.0,0.0,0.0,51.627,0.0,0.0,3.70
44.918,STOCK (your sticks),0,0.0,0.0,0.0,0.0,51.627,0.0,0.0,3.70
44.941,STOCK (your sticks),0,0.0,0.0,0.0,0.0,51.627,0.0,0.0,3.70
44.963,STOCK (your sticks),0,0.0,0.0,0.0,0.0,51.627,0.0,0.0,3.70
44.984,STOCK (your sticks),0,0.0,0.0,0.0,0.0,51.627,0.0,0.0,3.70
45.008,STOCK (your sticks),0,0.0,0.0,0.0,0.0,51.627,0.0,0.0,3.70
45.033,STOCK (your sticks),0,0.0,0.0,0.0,0.0,51.627,0.0,0.0,3.70
45.055,STOCK (your sticks),0,0.0,0.0,0.0,0.0,51.627,0.0,0.0,3.70
45.080,STOCK (your sticks),0,0.0,0.0,0.0,0.0,51.627,0.0,0.0,3.70
45.105,STOCK (your sticks),0,0.0,0.0,0.0,0.0,51.627,0.0,0.0,3.70
45.129,STOCK (your sticks),0,0.0,0.0,0.0,0.0,51.627,0.0,0.0,3.70
45.154,STOCK (your sticks),0,0.0,0.0,0.0,0.0,51.627,0.0,0.0,3.70
45.179,STOCK (your sticks),0,0.0,0.0,0.0,0.0,51.627,0.0,0.0,3.70
45.204,STOCK (your sticks),0,0.0,0.0,0.0,0.0,51.627,0.0,0.0,3.70
45.226,STOCK (your sticks),0,0.0,0.0,0.0,0.0,51.627,0.0,0.0,3.70
45.247,STOCK (your sticks),0,0.0,0.0,0.0,0.0,51.627,0.0,0.0,3.70
45.272,STOCK (your sticks),0,0.0,0.0,0.0,0.0,51.627,0.0,0.0,3.70
45.293,STOCK (your sticks),0,0.0,0.0,0.0,0.0,51.627,0.0,0.0,3.70
45.317,STOCK (your sticks),0,0.0,0.0,0.0,0.0,51.627,0.0,0.0,3.70
45.340,STOCK (your sticks),0,0.0,0.0,0.0,0.0,51.627,0.0,0.0,3.70
45.363,STOCK (your sticks),0,0.0,0.0,0.0,0.0,51.627,0.0,0.0,3.70
45.385,STOCK (your sticks),0,0.0,0.0,0.0,0.0,51.627,0.0,0.0,3.70
45.406,STOCK (your sticks),0,0.0,0.0,0.0,0.0,51.627,0.0,0.0,3.70
45.431,STOCK (your sticks),0,0.0,0.0,0.0,0.0,51.627,0.0,0.0,3.70
45.452,STOCK (your sticks),0,0.0,0.0,0.0,0.0,51.627,0.0,0.0,3.70
45.474,STOCK (your sticks),0,0.0,0.0,0.0,0.0,51.627,0.0,0.0,3.70
45.499,STOCK (your sticks),0,0.0,0.0,0.0,0.0,51.627,0.0,0.0,3.70
45.524,STOCK (your sticks),0,0.0,0.0,0.0,0.0,51.627,0.0,0.0,3.70
45.547,STOCK (your sticks),0,0.0,0.0,0.0,0.0,51.627,0.0,0.0,3.70
45.572,STOCK (your sticks),0,0.0,0.0,0.0,0.0,51.627,0.0,0.0,3.70
45.595,STOCK (your sticks),0,0.0,0.0,0.0,0.0,51.627,0.0,0.0,3.70
45.620,STOCK (your sticks),0,0.0,0.0,0.0,0.0,51.627,0.0,0.0,3.70
45.645,STOCK (your sticks),0,0.0,0.0,0.0,0.0,51.627,0.0,0.0,3.70
45.670,STOCK (your sticks),0,0.0,0.0,0.0,0.0,51.627,0.0,0.0,3.70
45.692,STOCK (your sticks),0,0.0,0.0,0.0,0.0,51.627,0.0,0.0,3.70
45.713,STOCK (your sticks),0,0.0,0.0,0.0,0.0,51.627,0.0,0.0,3.70
45.738,STOCK (your sticks),0,0.0,0.0,0.0,0.0,51.627,0.0,0.0,3.70
45.760,STOCK (your sticks),0,0.0,0.0,0.0,0.0,51.627,0.0,0.0,3.70
45.784,STOCK (your sticks),0,0.0,0.0,0.0,0.0,51.627,0.0,0.0,3.70
45.808,STOCK (your sticks),0,0.0,0.0,0.0,0.0,51.627,0.0,0.0,3.70
45.833,STOCK (your sticks),0,0.0,0.0,0.0,0.0,51.627,0.0,0.0,3.70
45.858,STOCK (your sticks),0,0.0,0.0,0.0,0.0,51.627,0.0,0.0,3.70
45.879,STOCK (your sticks),0,0.0,0.0,0.0,0.0,51.627,0.0,0.0,3.70
45.904,STOCK (your sticks),0,0.0,0.0,0.0,0.0,51.627,0.0,0.0,3.70
45.928,STOCK (your sticks),0,0.0,0.0,0.0,0.0,51.627,0.0,0.0,3.70
45.949,STOCK (your sticks),0,0.0,0.0,0.0,0.0,51.627,0.0,0.0,3.70
45.971,STOCK (your sticks),0,0.0,0.0,0.0,0.0,51.627,0.0,0.0,3.70
45.994,STOCK (your sticks),0,0.0,0.0,0.0,0.0,51.627,0.0,0.0,3.70
46.016,STOCK (your sticks),0,0.0,0.0,0.0,0.0,51.627,0.0,0.0,3.70
46.041,STOCK (your sticks),0,0.0,0.0,0.0,0.0,51.627,0.0,0.0,3.70
46.062,STOCK (your sticks),0,0.0,0.0,0.0,0.0,51.627,0.0,0.0,3.70
46.083,STOCK (your sticks),0,0.0,0.0,0.0,0.0,51.627,0.0,0.0,3.70
46.108,STOCK (your sticks),0,0.0,0.0,0.0,0.0,51.627,0.0,0.0,3.70
46.133,STOCK (your sticks),0,0.0,0.0,0.0,0.0,51.627,0.0,0.0,3.70
46.157,STOCK (your sticks),0,0.0,0.0,0.0,0.0,51.627,0.0,0.0,3.70
46.182,STOCK (your sticks),0,0.0,0.0,0.0,0.0,51.627,0.0,0.0,3.70
46.207,STOCK (your sticks),0,0.0,0.0,0.0,0.0,51.627,0.0,0.0,3.70
46.230,STOCK (your sticks),0,0.0,0.0,0.0,0.0,51.627,0.0,0.0,3.70
46.255,STOCK (your sticks),0,0.0,0.0,0.0,0.0,51.627,0.0,0.0,3.70
46.277,STOCK (your sticks),0,0.0,0.0,0.0,0.0,51.627,0.0,0.0,3.70
46.299,STOCK (your sticks),0,0.0,0.0,0.0,0.0,51.627,0.0,0.0,3.70
46.320,STOCK (your sticks),0,0.0,0.0,0.0,0.0,51.627,0.0,0.0,3.70
46.343,STOCK (your sticks),0,0.0,0.0,0.0,0.0,51.627,0.0,0.0,3.70
46.368,STOCK (your sticks),0,0.0,0.0,0.0,0.0,51.627,0.0,0.0,3.70
46.393,STOCK (your sticks),0,0.0,0.0,0.0,0.0,51.627,0.0,0.0,3.70
46.418,STOCK (your sticks),0,0.0,0.0,0.0,0.0,51.627,0.0,0.0,3.70
46.441,STOCK (your sticks),0,0.0,0.0,0.0,0.0,51.627,0.0,0.0,3.70
46.466,STOCK (your sticks),0,0.0,0.0,0.0,0.0,51.627,0.0,0.0,3.70
46.491,STOCK (your sticks),0,0.0,0.0,0.0,0.0,51.627,0.0,0.0,3.70
46.511,STOCK (your sticks),0,0.0,0.0,0.0,0.0,51.627,0.0,0.0,3.70
46.536,STOCK (your sticks),0,0.0,0.0,0.0,0.0,51.627,0.0,0.0,3.70
46.558,STOCK (your sticks),0,0.0,0.0,0.0,0.0,51.627,0.0,0.0,3.70
46.583,STOCK (your sticks),0,0.0,0.0,0.0,0.0,51.627,0.0,0.0,3.70
46.608,STOCK (your sticks),0,0.0,0.0,0.0,0.0,51.627,0.0,0.0,3.70
46.630,STOCK (your sticks),0,0.0,0.0,0.0,0.0,51.627,0.0,0.0,3.70
46.655,STOCK (your sticks),0,0.0,0.0,0.0,0.0,51.627,0.0,0.0,3.70
46.676,STOCK (your sticks),0,0.0,0.0,0.0,0.0,51.627,0.0,0.0,3.70
46.701,STOCK (your sticks),0,0.0,0.0,0.0,0.0,51.627,0.0,0.0,3.70
46.725,STOCK (your sticks),0,0.0,0.0,0.0,0.0,51.627,0.0,0.0,3.70
46.750,STOCK (your sticks),0,0.0,0.0,0.0,0.0,51.627,0.0,0.0,3.70
46.775,STOCK (your sticks),0,0.0,0.0,0.0,0.0,51.627,0.0,0.0,3.70
46.796,STOCK (your sticks),0,0.0,0.0,0.0,0.0,51.627,0.0,0.0,3.70
46.818,STOCK (your sticks),0,0.0,0.0,0.0,0.0,51.627,0.0,0.0,3.70
46.841,STOCK (your sticks),0,0.0,0.0,0.0,0.0,51.627,0.0,0.0,3.70
46.866,STOCK (your sticks),0,0.0,0.0,0.0,0.0,51.627,0.0,0.0,3.70
46.890,STOCK (your sticks),0,0.0,0.0,0.0,0.0,51.627,0.0,0.0,3.70
46.915,STOCK (your sticks),0,0.0,0.0,0.0,0.0,51.627,0.0,0.0,3.70
46.940,STOCK (your sticks),0,0.0,0.0,0.0,0.0,51.627,0.0,0.0,3.70
46.965,STOCK (your sticks),0,0.0,0.0,0.0,0.0,51.627,0.0,0.0,3.70
46.991,STOCK (your sticks),0,0.0,0.0,0.0,0.0,51.627,0.0,0.0,3.70
47.016,STOCK (your sticks),0,0.0,0.0,0.0,0.0,51.627,0.0,0.0,3.70
47.041,STOCK (your sticks),0,0.0,0.0,0.0,0.0,51.627,0.0,0.0,3.70
47.066,STOCK (your sticks),0,0.0,0.0,0.0,0.0,51.627,0.0,0.0,3.70
47.091,STOCK (your sticks),0,0.0,0.0,0.0,0.0,51.627,0.0,0.0,3.70
47.115,STOCK (your sticks),0,0.0,0.0,0.0,0.0,51.627,0.0,0.0,3.70
47.141,STOCK (your sticks),0,0.0,0.0,0.0,0.0,51.627,0.0,0.0,3.70
47.165,STOCK (your sticks),0,0.0,0.0,0.0,0.0,51.627,0.0,0.0,3.70
47.190,STOCK (your sticks),0,0.0,0.0,0.0,0.0,51.627,0.0,0.0,3.70
47.215,STOCK (your sticks),0,0.0,0.0,0.0,0.0,51.627,0.0,0.0,3.70
47.240,STOCK (your sticks),0,0.0,0.0,0.0,0.0,51.627,0.0,0.0,3.70
47.264,STOCK (your sticks),0,0.0,0.0,0.0,0.0,51.627,0.0,0.0,3.70
47.289,STOCK (your sticks),0,0.0,0.0,0.0,0.0,51.627,0.0,0.0,3.70
47.314,STOCK (your sticks),0,0.0,0.0,0.0,0.0,51.627,0.0,0.0,3.70
47.339,STOCK (your sticks),0,0.0,0.0,0.0,0.0,51.627,0.0,0.0,3.70
47.364,STOCK (your sticks),0,0.0,0.0,0.0,0.0,51.627,0.0,0.0,3.70
47.389,STOCK (your sticks),0,0.0,0.0,0.0,0.0,51.627,0.0,0.0,3.70
47.409,STOCK (your sticks),0,0.0,0.0,0.0,0.0,51.627,0.0,0.0,3.70
47.433,STOCK (your sticks),0,0.0,0.0,0.0,0.0,51.627,0.0,0.0,3.70
47.457,STOCK (your sticks),0,0.0,0.0,0.0,0.0,51.627,0.0,0.0,3.70
47.482,STOCK (your sticks),0,0.0,0.0,0.0,0.0,51.627,0.0,0.0,3.70
47.507,STOCK (your sticks),0,0.0,0.0,0.0,0.0,51.627,0.0,0.0,3.70
47.532,STOCK (your sticks),0,0.0,0.0,0.0,0.0,51.627,0.0,0.0,3.70
47.557,STOCK (your sticks),0,0.0,0.0,0.0,0.0,51.627,0.0,0.0,3.70
47.582,STOCK (your sticks),0,0.0,0.0,0.0,0.0,51.627,0.0,0.0,3.70
47.607,STOCK (your sticks),0,0.0,0.0,0.0,0.0,51.627,0.0,0.0,3.70
47.627,STOCK (your sticks),0,0.0,0.0,0.0,0.0,51.627,0.0,0.0,3.70
47.652,STOCK (your sticks),0,0.0,0.0,0.0,0.0,51.627,0.0,0.0,3.70
47.677,STOCK (your sticks),0,0.0,0.0,0.0,0.0,51.627,0.0,0.0,3.70
47.699,STOCK (your sticks),0,0.0,0.0,0.0,0.0,51.627,0.0,0.0,3.70
47.724,STOCK (your sticks),0,0.0,0.0,0.0,0.0,51.627,0.0,0.0,3.70
47.745,STOCK (your sticks),0,0.0,0.0,0.0,0.0,51.627,0.0,0.0,3.70
47.770,STOCK (your sticks),0,0.0,0.0,0.0,0.0,51.627,0.0,0.0,3.70
47.794,STOCK (your sticks),0,0.0,0.0,0.0,0.0,51.627,0.0,0.0,3.70
47.819,STOCK (your sticks),0,0.0,0.0,0.0,0.0,51.627,0.0,0.0,3.70
47.844,STOCK (your sticks),0,0.0,0.0,0.0,0.0,51.627,0.0,0.0,3.70
47.869,STOCK (your sticks),0,0.0,0.0,0.0,0.0,51.627,0.0,0.0,3.70
47.894,STOCK (your sticks),0,0.0,0.0,0.0,0.0,51.627,0.0,0.0,3.70
47.916,STOCK (your sticks),0,0.0,0.0,0.0,0.0,51.627,0.0,0.0,3.70
47.941,STOCK (your sticks),0,0.0,0.0,0.0,0.0,51.627,0.0,0.0,3.70
47.965,STOCK (your sticks),0,0.0,0.0,0.0,0.0,51.627,0.0,0.0,3.70
47.990,STOCK (your sticks),0,0.0,0.0,0.0,0.0,51.627,0.0,0.0,3.70
48.015,STOCK (your sticks),0,0.0,0.0,0.0,0.0,51.627,0.0,0.0,3.70
48.040,STOCK (your sticks),0,0.0,0.0,0.0,0.0,51.627,0.0,0.0,3.70
48.065,STOCK (your sticks),0,0.0,0.0,0.0,0.0,51.627,0.0,0.0,3.70
48.090,STOCK (your sticks),0,0.0,0.0,0.0,0.0,51.627,0.0,0.0,3.70
48.115,STOCK (your sticks),0,0.0,0.0,0.0,0.0,51.627,0.0,0.0,3.70
48.140,STOCK (your sticks),0,0.0,0.0,0.0,0.0,51.627,0.0,0.0,3.70
48.165,STOCK (your sticks),0,0.0,0.0,0.0,0.0,51.627,0.0,0.0,3.70
48.190,STOCK (your sticks),0,0.0,0.0,0.0,0.0,51.627,0.0,0.0,3.70
48.215,STOCK (your sticks),0,0.0,0.0,0.0,0.0,51.627,0.0,0.0,3.70
48.240,STOCK (your sticks),0,0.0,0.0,0.0,0.0,51.627,0.0,0.0,3.70
48.261,STOCK (your sticks),0,0.0,0.0,0.0,0.0,51.627,0.0,0.0,3.70
48.286,STOCK (your sticks),0,0.0,0.0,0.0,0.0,51.627,0.0,0.0,3.70
48.311,STOCK (your sticks),0,0.0,0.0,0.0,0.0,51.627,0.0,0.0,3.70
48.336,STOCK (your sticks),0,0.0,0.0,0.0,0.0,51.627,0.0,0.0,3.70
48.361,STOCK (your sticks),0,0.0,0.0,0.0,0.0,51.627,0.0,0.0,3.70
48.386,STOCK (your sticks),0,0.0,0.0,0.0,0.0,51.627,0.0,0.0,3.70
48.411,STOCK (your sticks),0,0.0,0.0,0.0,0.0,51.627,0.0,0.0,3.70
48.436,STOCK (your sticks),0,0.0,0.0,0.0,0.0,51.627,0.0,0.0,3.70
48.460,STOCK (your sticks),0,0.0,0.0,0.0,0.0,51.627,0.0,0.0,3.70
48.481,STOCK (your sticks),0,0.0,0.0,0.0,0.0,51.627,0.0,0.0,3.70
48.506,STOCK (your sticks),0,0.0,0.0,0.0,0.0,51.627,0.0,0.0,3.70
48.526,STOCK (your sticks),0,0.0,0.0,0.0,0.0,51.627,0.0,0.0,3.70
48.551,STOCK (your sticks),0,0.0,0.0,0.0,0.0,51.627,0.0,0.0,3.70
48.575,STOCK (your sticks),0,0.0,0.0,0.0,0.0,51.627,0.0,0.0,3.70
48.600,STOCK (your sticks),0,0.0,0.0,0.0,0.0,51.627,0.0,0.0,3.70
48.625,STOCK (your sticks),0,0.0,0.0,0.0,0.0,51.627,0.0,0.0,3.70
48.650,STOCK (your sticks),0,0.0,0.0,0.0,0.0,51.627,0.0,0.0,3.70
48.675,STOCK (your sticks),0,0.0,0.0,0.0,0.0,51.627,0.0,0.0,3.70
48.700,STOCK (your sticks),0,0.0,0.0,0.0,0.0,51.627,0.0,0.0,3.70
48.725,STOCK (your sticks),0,0.0,0.0,0.0,0.0,51.627,0.0,0.0,3.70
48.749,STOCK (your sticks),0,0.0,0.0,0.0,0.0,51.627,0.0,0.0,3.70
48.774,STOCK (your sticks),0,0.0,0.0,0.0,0.0,51.627,0.0,0.0,3.70
48.799,STOCK (your sticks),0,0.0,0.0,0.0,0.0,51.627,0.0,0.0,3.70
48.824,STOCK (your sticks),0,0.0,0.0,0.0,0.0,51.627,0.0,0.0,3.70
48.849,STOCK (your sticks),0,0.0,0.0,0.0,0.0,51.627,0.0,0.0,3.70
48.873,STOCK (your sticks),0,0.0,0.0,0.0,0.0,51.627,0.0,0.0,3.70
48.893,STOCK (your sticks),0,0.0,0.0,0.0,0.0,51.627,0.0,0.0,3.70
48.918,STOCK (your sticks),0,0.0,0.0,0.0,0.0,51.627,0.0,0.0,3.70
48.941,STOCK (your sticks),0,0.0,0.0,0.0,0.0,51.627,0.0,0.0,3.70
48.966,STOCK (your sticks),0,0.0,0.0,0.0,0.0,51.627,0.0,0.0,3.70
48.991,STOCK (your sticks),0,0.0,0.0,0.0,0.0,51.627,0.0,0.0,3.70
49.016,STOCK (your sticks),0,0.0,0.0,0.0,0.0,51.627,0.0,0.0,3.70
49.042,STOCK (your sticks),0,0.0,0.0,0.0,0.0,51.627,0.0,0.0,3.70
49.062,STOCK (your sticks),0,0.0,0.0,0.0,0.0,51.627,0.0,0.0,3.70
49.086,STOCK (your sticks),0,0.0,0.0,0.0,0.0,51.627,0.0,0.0,3.70
49.111,STOCK (your sticks),0,0.0,0.0,0.0,0.0,51.627,0.0,0.0,3.70
49.136,STOCK (your sticks),0,0.0,0.0,0.0,0.0,51.627,0.0,0.0,3.70
49.158,STOCK (your sticks),0,0.0,0.0,0.0,0.0,51.627,0.0,0.0,3.70
49.183,STOCK (your sticks),0,0.0,0.0,0.0,0.0,51.627,0.0,0.0,3.70
49.208,STOCK (your sticks),0,0.0,0.0,0.0,0.0,51.627,0.0,0.0,3.70
49.233,STOCK (your sticks),0,0.0,0.0,0.0,0.0,51.627,0.0,0.0,3.70
49.258,STOCK (your sticks),0,0.0,0.0,0.0,0.0,51.627,0.0,0.0,3.70
49.283,STOCK (your sticks),0,0.0,0.0,0.0,0.0,51.627,0.0,0.0,3.70
49.307,STOCK (your sticks),0,0.0,0.0,0.0,0.0,51.627,0.0,0.0,3.70
49.332,STOCK (your sticks),0,0.0,0.0,0.0,0.0,51.627,0.0,0.0,3.70
49.357,STOCK (your sticks),0,0.0,0.0,0.0,0.0,51.627,0.0,0.0,3.70
49.382,STOCK (your sticks),0,0.0,0.0,0.0,0.0,51.627,0.0,0.0,3.70
49.407,STOCK (your sticks),0,0.0,0.0,0.0,0.0,51.627,0.0,0.0,3.70
49.430,STOCK (your sticks),0,0.0,0.0,0.0,0.0,51.627,0.0,0.0,3.70
49.452,STOCK (your sticks),0,0.0,0.0,0.0,0.0,51.627,0.0,0.0,3.70
49.474,STOCK (your sticks),0,0.0,0.0,0.0,0.0,51.627,0.0,0.0,3.70
49.499,STOCK (your sticks),0,0.0,0.0,0.0,0.0,51.627,0.0,0.0,3.70
49.520,STOCK (your sticks),0,0.0,0.0,0.0,0.0,51.627,0.0,0.0,3.70
49.542,STOCK (your sticks),0,0.0,0.0,0.0,0.0,51.627,0.0,0.0,3.70
49.566,STOCK (your sticks),0,0.0,0.0,0.0,0.0,51.627,0.0,0.0,3.70
49.592,STOCK (your sticks),0,0.0,0.0,0.0,0.0,51.627,0.0,0.0,3.70
49.616,STOCK (your sticks),0,0.0,0.0,0.0,0.0,51.627,0.0,0.0,3.70
49.641,STOCK (your sticks),0,0.0,0.0,0.0,0.0,51.627,0.0,0.0,3.70
49.666,STOCK (your sticks),0,0.0,0.0,0.0,0.0,51.627,0.0,0.0,3.70
49.691,STOCK (your sticks),0,0.0,0.0,0.0,0.0,51.627,0.0,0.0,3.70
49.716,STOCK (your sticks),0,0.0,0.0,0.0,0.0,51.627,0.0,0.0,3.70
49.741,STOCK (your sticks),0,0.0,0.0,0.0,0.0,51.627,0.0,0.0,3.70
49.766,STOCK (your sticks),0,0.0,0.0,0.0,0.0,51.627,0.0,0.0,3.70
49.787,STOCK (your sticks),0,0.0,0.0,0.0,0.0,51.627,0.0,0.0,3.70
49.810,STOCK (your sticks),0,0.0,0.0,0.0,0.0,51.627,0.0,0.0,3.70
49.835,STOCK (your sticks),0,0.0,0.0,0.0,0.0,51.627,0.0,0.0,3.70
49.860,STOCK (your sticks),0,0.0,0.0,0.0,0.0,51.627,0.0,0.0,3.70
49.884,STOCK (your sticks),0,0.0,0.0,0.0,0.0,51.627,0.0,0.0,3.70
49.908,STOCK (your sticks),0,0.0,0.0,0.0,0.0,51.627,0.0,0.0,3.70
49.930,STOCK (your sticks),0,0.0,0.0,0.0,0.0,51.627,0.0,0.0,3.70
49.952,STOCK (your sticks),0,0.0,0.0,0.0,0.0,51.627,0.0,0.0,3.70
49.977,STOCK (your sticks),0,0.0,0.0,0.0,0.0,51.627,0.0,0.0,3.70
50.002,STOCK (your sticks),0,0.0,0.0,0.0,0.0,51.627,0.0,0.0,3.70
50.025,STOCK (your sticks),0,0.0,0.0,0.0,0.0,51.627,0.0,0.0,3.70
50.049,STOCK (your sticks),0,0.0,0.0,0.0,0.0,51.627,0.0,0.0,3.70
50.074,STOCK (your sticks),0,0.0,0.0,0.0,0.0,51.627,0.0,0.0,3.70
50.099,STOCK (your sticks),0,0.0,0.0,0.0,0.0,51.627,0.0,0.0,3.70
50.124,STOCK (your sticks),0,0.0,0.0,0.0,0.0,51.627,0.0,0.0,3.70
50.147,STOCK (your sticks),0,0.0,0.0,0.0,0.0,51.627,0.0,0.0,3.70
50.172,STOCK (your sticks),0,0.0,0.0,0.0,0.0,51.627,0.0,0.0,3.70
50.193,STOCK (your sticks),0,0.0,0.0,0.0,0.0,51.627,0.0,0.0,3.70
50.218,STOCK (your sticks),0,0.0,0.0,0.0,0.0,51.627,0.0,0.0,3.70
50.243,STOCK (your sticks),0,0.0,0.0,0.0,0.0,51.627,0.0,0.0,3.70
50.268,STOCK (your sticks),0,0.0,0.0,0.0,0.0,51.627,0.0,0.0,3.70
50.291,STOCK (your sticks),0,0.0,0.0,0.0,0.0,51.627,0.0,0.0,3.70
50.316,STOCK (your sticks),0,0.0,0.0,0.0,0.0,51.627,0.0,0.0,3.70
50.338,STOCK (your sticks),0,0.0,0.0,0.0,0.0,51.627,0.0,0.0,3.70
50.363,STOCK (your sticks),0,0.0,0.0,0.0,0.0,51.627,0.0,0.0,3.70
50.383,STOCK (your sticks),0,0.0,0.0,0.0,0.0,51.627,0.0,0.0,3.70
50.408,STOCK (your sticks),0,0.0,0.0,0.0,0.0,51.627,0.0,0.0,3.70
50.431,STOCK (your sticks),0,0.0,0.0,0.0,0.0,51.627,0.0,0.0,3.70
50.456,STOCK (your sticks),0,0.0,0.0,0.0,0.0,51.627,0.0,0.0,3.70
50.478,STOCK (your sticks),0,0.0,0.0,0.0,0.0,51.627,0.0,0.0,3.70
50.503,STOCK (your sticks),0,0.0,0.0,0.0,0.0,51.627,0.0,0.0,3.70
50.525,STOCK (your sticks),0,0.0,0.0,0.0,0.0,51.627,0.0,0.0,3.70
50.549,STOCK (your sticks),0,0.0,0.0,0.0,0.0,51.627,0.0,0.0,3.70
50.574,STOCK (your sticks),0,0.0,0.0,0.0,0.0,51.627,0.0,0.0,3.70
50.598,STOCK (your sticks),0,0.0,0.0,0.0,0.0,51.627,0.0,0.0,3.70
50.621,STOCK (your sticks),0,0.0,0.0,0.0,0.0,51.627,0.0,0.0,3.70
50.641,STOCK (your sticks),0,0.0,0.0,0.0,0.0,51.627,0.0,0.0,3.70
50.667,STOCK (your sticks),0,0.0,0.0,0.0,0.0,51.627,0.0,0.0,3.70
50.690,STOCK (your sticks),0,0.0,0.0,0.0,0.0,51.627,0.0,0.0,3.70
50.715,STOCK (your sticks),0,0.0,0.0,0.0,0.0,51.627,0.0,0.0,3.70
50.740,STOCK (your sticks),0,0.0,0.0,0.0,0.0,51.627,0.0,0.0,3.70
50.765,STOCK (your sticks),0,0.0,0.0,0.0,0.0,51.627,0.0,0.0,3.70
50.787,STOCK (your sticks),0,0.0,0.0,0.0,0.0,51.627,0.0,0.0,3.70
50.808,STOCK (your sticks),0,0.0,0.0,0.0,0.0,51.627,0.0,0.0,3.70
50.833,STOCK (your sticks),0,0.0,0.0,0.0,0.0,51.627,0.0,0.0,3.70
50.858,STOCK (your sticks),0,0.0,0.0,0.0,0.0,51.627,0.0,0.0,3.70
50.883,STOCK (your sticks),0,0.0,0.0,0.0,0.0,51.627,0.0,0.0,3.70
50.908,STOCK (your sticks),0,0.0,0.0,0.0,0.0,51.627,0.0,0.0,3.70
50.933,STOCK (your sticks),0,0.0,0.0,0.0,0.0,51.627,0.0,0.0,3.70
50.958,STOCK (your sticks),0,0.0,0.0,0.0,0.0,51.627,0.0,0.0,3.70
50.983,STOCK (your sticks),0,0.0,0.0,0.0,0.0,51.627,0.0,0.0,3.70
51.007,STOCK (your sticks),0,0.0,0.0,0.0,0.0,51.627,0.0,0.0,3.70
51.032,STOCK (your sticks),0,0.0,0.0,0.0,0.0,51.627,0.0,0.0,3.70
51.055,STOCK (your sticks),0,0.0,0.0,0.0,0.0,51.627,0.0,0.0,3.70
51.077,STOCK (your sticks),0,0.0,0.0,0.0,0.0,51.627,0.0,0.0,3.70
51.099,STOCK (your sticks),0,0.0,0.0,0.0,0.0,51.627,0.0,0.0,3.70
51.124,STOCK (your sticks),0,0.0,0.0,0.0,0.0,51.627,0.0,0.0,3.70
51.146,STOCK (your sticks),0,0.0,0.0,0.0,0.0,51.627,0.0,0.0,3.70
51.171,STOCK (your sticks),0,0.0,0.0,0.0,0.0,51.627,0.0,0.0,3.70
51.194,STOCK (your sticks),0,0.0,0.0,0.0,0.0,51.627,0.0,0.0,3.70
51.219,STOCK (your sticks),0,0.0,0.0,0.0,0.0,51.627,0.0,0.0,3.70
51.241,STOCK (your sticks),0,0.0,0.0,0.0,0.0,51.627,0.0,0.0,3.70
51.266,STOCK (your sticks),0,0.0,0.0,0.0,0.0,51.627,0.0,0.0,3.70
51.291,STOCK (your sticks),0,0.0,0.0,0.0,0.0,51.627,0.0,0.0,3.70
51.316,STOCK (your sticks),0,0.0,0.0,0.0,0.0,51.627,0.0,0.0,3.70
51.341,STOCK (your sticks),0,0.0,0.0,0.0,0.0,51.627,0.0,0.0,3.70
51.366,STOCK (your sticks),0,0.0,0.0,0.0,0.0,51.627,0.0,0.0,3.70
51.390,STOCK (your sticks),0,0.0,0.0,0.0,0.0,51.627,0.0,0.0,3.70
51.415,STOCK (your sticks),0,0.0,0.0,0.0,0.0,51.627,0.0,0.0,3.70
51.440,STOCK (your sticks),0,0.0,0.0,0.0,0.0,51.627,0.0,0.0,3.70
51.464,STOCK (your sticks),0,0.0,0.0,0.0,0.0,51.627,0.0,0.0,3.70
51.489,STOCK (your sticks),0,0.0,0.0,0.0,0.0,51.627,0.0,0.0,3.70
51.514,STOCK (your sticks),0,0.0,0.0,0.0,0.0,51.627,0.0,0.0,3.70
51.534,STOCK (your sticks),0,0.0,0.0,0.0,0.0,51.627,0.0,0.0,3.70
51.558,STOCK (your sticks),0,0.0,0.0,0.0,0.0,51.627,0.0,0.0,3.70
51.583,STOCK (your sticks),0,0.0,0.0,0.0,0.0,51.627,0.0,0.0,3.70
51.608,STOCK (your sticks),0,0.0,0.0,0.0,0.0,51.627,0.0,0.0,3.70
51.633,STOCK (your sticks),0,0.0,0.0,0.0,0.0,51.627,0.0,0.0,3.70
51.658,STOCK (your sticks),0,0.0,0.0,0.0,0.0,51.627,0.0,0.0,3.70
51.680,STOCK (your sticks),0,0.0,0.0,0.0,0.0,51.627,0.0,0.0,3.70
51.705,STOCK (your sticks),0,0.0,0.0,0.0,0.0,51.627,0.0,0.0,3.70
51.730,STOCK (your sticks),0,0.0,0.0,0.0,0.0,51.627,0.0,0.0,3.70
51.755,STOCK (your sticks),0,0.0,0.0,0.0,0.0,51.627,0.0,0.0,3.70
51.780,STOCK (your sticks),0,0.0,0.0,0.0,0.0,51.627,0.0,0.0,3.70
51.805,STOCK (your sticks),0,0.0,0.0,0.0,0.0,51.627,0.0,0.0,3.70
51.826,STOCK (your sticks),0,0.0,0.0,0.0,0.0,51.627,0.0,0.0,3.70
51.848,STOCK (your sticks),0,0.0,0.0,0.0,0.0,51.627,0.0,0.0,3.70
51.872,STOCK (your sticks),0,0.0,0.0,0.0,0.0,51.627,0.0,0.0,3.70
51.897,STOCK (your sticks),0,0.0,0.0,0.0,0.0,51.627,0.0,0.0,3.70
51.919,STOCK (your sticks),0,0.0,0.0,0.0,0.0,51.627,0.0,0.0,3.70
51.941,STOCK (your sticks),0,0.0,0.0,0.0,0.0,51.627,0.0,0.0,3.70
51.966,STOCK (your sticks),0,0.0,0.0,0.0,0.0,51.627,0.0,0.0,3.70
51.991,STOCK (your sticks),0,0.0,0.0,0.0,0.0,51.627,0.0,0.0,3.70
52.016,STOCK (your sticks),0,0.0,0.0,0.0,0.0,51.627,0.0,0.0,3.70
52.041,STOCK (your sticks),0,0.0,0.0,0.0,0.0,51.627,0.0,0.0,3.70
52.066,STOCK (your sticks),0,0.0,0.0,0.0,0.0,51.627,0.0,0.0,3.70
52.091,STOCK (your sticks),0,0.0,0.0,0.0,0.0,51.627,0.0,0.0,3.70
52.116,STOCK (your sticks),0,0.0,0.0,0.0,0.0,51.627,0.0,0.0,3.70
52.140,STOCK (your sticks),0,0.0,0.0,0.0,0.0,51.627,0.0,0.0,3.70
52.165,STOCK (your sticks),0,0.0,0.0,0.0,0.0,51.627,0.0,0.0,3.70
52.190,STOCK (your sticks),0,0.0,0.0,0.0,0.0,51.627,0.0,0.0,3.70
52.215,STOCK (your sticks),0,0.0,0.0,0.0,0.0,51.627,0.0,0.0,3.70
52.239,STOCK (your sticks),0,0.0,0.0,0.0,0.0,51.627,0.0,0.0,3.70
52.261,STOCK (your sticks),0,0.0,0.0,0.0,0.0,51.627,0.0,0.0,3.70
52.286,STOCK (your sticks),0,0.0,0.0,0.0,0.0,51.627,0.0,0.0,3.70
52.307,STOCK (your sticks),0,0.0,0.0,0.0,0.0,51.627,0.0,0.0,3.70
52.331,STOCK (your sticks),0,0.0,0.0,0.0,0.0,51.627,0.0,0.0,3.70
52.355,STOCK (your sticks),0,0.0,0.0,0.0,0.0,51.627,0.0,0.0,3.70
52.379,STOCK (your sticks),0,0.0,0.0,0.0,0.0,51.627,0.0,0.0,3.70
52.399,STOCK (your sticks),0,0.0,0.0,0.0,0.0,51.627,0.0,0.0,3.70
52.424,STOCK (your sticks),0,0.0,0.0,0.0,0.0,51.627,0.0,0.0,3.70
52.449,STOCK (your sticks),0,0.0,0.0,0.0,0.0,51.627,0.0,0.0,3.70
52.474,STOCK (your sticks),0,0.0,0.0,0.0,0.0,51.627,0.0,0.0,3.70
52.498,STOCK (your sticks),0,0.0,0.0,0.0,0.0,51.627,0.0,0.0,3.70
52.523,STOCK (your sticks),0,0.0,0.0,0.0,0.0,51.627,0.0,0.0,3.70
52.548,STOCK (your sticks),0,0.0,0.0,0.0,0.0,51.627,0.0,0.0,3.70
52.573,STOCK (your sticks),0,0.0,0.0,0.0,0.0,51.627,0.0,0.0,3.70
52.598,STOCK (your sticks),0,0.0,0.0,0.0,0.0,51.627,0.0,0.0,3.70
52.623,STOCK (your sticks),0,0.0,0.0,0.0,0.0,51.627,0.0,0.0,3.70
52.648,STOCK (your sticks),0,0.0,0.0,0.0,0.0,51.627,0.0,0.0,3.70
52.672,STOCK (your sticks),0,0.0,0.0,0.0,0.0,51.627,0.0,0.0,3.70
52.697,STOCK (your sticks),0,0.0,0.0,0.0,0.0,51.627,0.0,0.0,3.70
52.717,STOCK (your sticks),0,0.0,0.0,0.0,0.0,51.627,0.0,0.0,3.70
52.742,STOCK (your sticks),0,0.0,0.0,0.0,0.0,51.627,0.0,0.0,3.70
52.767,STOCK (your sticks),0,0.0,0.0,0.0,0.0,51.627,0.0,0.0,3.70
52.791,STOCK (your sticks),0,0.0,0.0,0.0,0.0,51.627,0.0,0.0,3.70
52.816,STOCK (your sticks),0,0.0,0.0,0.0,0.0,51.627,0.0,0.0,3.70
52.841,STOCK (your sticks),0,0.0,0.0,0.0,0.0,51.627,0.0,0.0,3.70
52.866,STOCK (your sticks),0,0.0,0.0,0.0,0.0,51.627,0.0,0.0,3.70
52.891,STOCK (your sticks),0,0.0,0.0,0.0,0.0,51.627,0.0,0.0,3.70
52.916,STOCK (your sticks),0,0.0,0.0,0.0,0.0,51.627,0.0,0.0,3.70
52.941,STOCK (your sticks),0,0.0,0.0,0.0,0.0,51.627,0.0,0.0,3.70
52.966,STOCK (your sticks),0,0.0,0.0,0.0,0.0,51.627,0.0,0.0,3.70
52.991,STOCK (your sticks),0,0.0,0.0,0.0,0.0,51.627,0.0,0.0,3.70
53.016,STOCK (your sticks),0,0.0,0.0,0.0,0.0,51.627,0.0,0.0,3.70
53.041,STOCK (your sticks),0,0.0,0.0,0.0,0.0,51.627,0.0,0.0,3.70
53.066,STOCK (your sticks),0,0.0,0.0,0.0,0.0,51.627,0.0,0.0,3.70
53.091,STOCK (your sticks),0,0.0,0.0,0.0,0.0,51.627,0.0,0.0,3.70
53.116,STOCK (your sticks),0,0.0,0.0,0.0,0.0,51.627,0.0,0.0,3.70
53.140,STOCK (your sticks),0,0.0,0.0,0.0,0.0,51.627,0.0,0.0,3.70
53.165,STOCK (your sticks),0,0.0,0.0,0.0,0.0,51.627,0.0,0.0,3.70
53.190,STOCK (your sticks),0,0.0,0.0,0.0,0.0,51.627,0.0,0.0,3.70
53.215,STOCK (your sticks),0,0.0,0.0,0.0,0.0,51.627,0.0,0.0,3.70
53.240,STOCK (your sticks),0,0.0,0.0,0.0,0.0,51.627,0.0,0.0,3.70
53.265,STOCK (your sticks),0,0.0,0.0,0.0,0.0,51.627,0.0,0.0,3.70
53.286,STOCK (your sticks),0,0.0,0.0,0.0,0.0,51.627,0.0,0.0,3.70
53.311,STOCK (your sticks),0,0.0,0.0,0.0,0.0,51.627,0.0,0.0,3.70
53.336,STOCK (your sticks),0,0.0,0.0,0.0,0.0,51.627,0.0,0.0,3.70
53.358,STOCK (your sticks),0,0.0,0.0,0.0,0.0,51.627,0.0,0.0,3.70
53.380,STOCK (your sticks),0,0.0,0.0,0.0,0.0,51.627,0.0,0.0,3.70
53.402,STOCK (your sticks),0,0.0,0.0,0.0,0.0,51.627,0.0,0.0,3.70
53.425,STOCK (your sticks),0,0.0,0.0,0.0,0.0,51.627,0.0,0.0,3.70
53.450,STOCK (your sticks),0,0.0,0.0,0.0,0.0,51.627,0.0,0.0,3.70
53.470,STOCK (your sticks),0,0.0,0.0,0.0,0.0,51.627,0.0,0.0,3.70
53.495,STOCK (your sticks),0,0.0,0.0,0.0,0.0,51.627,0.0,0.0,3.70
53.520,STOCK (your sticks),0,0.0,0.0,0.0,0.0,51.627,0.0,0.0,3.70
53.541,STOCK (your sticks),0,0.0,0.0,0.0,0.0,51.627,0.0,0.0,3.70
53.563,STOCK (your sticks),0,0.0,0.0,0.0,0.0,51.627,0.0,0.0,3.70
53.588,STOCK (your sticks),0,0.0,0.0,0.0,0.0,51.627,0.0,0.0,3.70
53.610,STOCK (your sticks),0,0.0,0.0,0.0,0.0,51.627,0.0,0.0,3.70
