checkpoint,dr,episode,seed,flip,survived,reward,flight_time_s,steps,min_z_m,post_xy_drift_m,post_z_err_m,final_xy_drift_m,final_z_err_m,termination_reason
15.5M,0.65,0,1000,True,True,7001.514331276162,7.999999999999874,800,0.7611967698199503,0.061930639444886824,0.04113497143622909,0.036801276051826,0.021859974122538928,completed
15.5M,0.65,1,1001,True,True,6705.012814422426,7.999999999999874,800,0.6544560587504694,0.07685822508777604,0.044569835665550415,0.048096934366673054,0.012926823197252135,completed
15.5M,0.65,2,1002,True,True,6805.5535269704105,7.999999999999874,800,0.6074710065357742,0.03865405493177017,0.04537719600136218,0.04149883348443336,0.011812659986519591,completed
15.5M,0.65,3,1003,True,True,6980.627767945253,7.999999999999874,800,0.5553059018932011,0.04889738178893768,0.052151766143114515,0.04205491273744114,0.007877427796235903,completed
15.5M,0.65,4,1004,True,True,6813.3765959966095,7.999999999999874,800,0.49730177355424526,0.05879196080326927,0.06838942383289896,0.03152176983153618,0.01495749721371542,completed
15.5M,0.65,5,1005,True,True,7064.348833434833,7.999999999999874,800,0.6766935035175159,0.04298900938433551,0.039838423690129514,0.07498895241391017,0.02178066532025924,completed
15.5M,0.65,6,1006,True,True,6677.184719000649,7.999999999999874,800,0.7157507168958691,0.0757374373467851,0.03944363713386471,0.02398658290722797,0.010941922996413167,completed
15.5M,0.65,7,1007,True,True,6836.91461665776,7.999999999999874,800,0.6559026727074534,0.07551869960457368,0.04698196931016928,0.048229494992657544,0.007850612529650691,completed
15.5M,0.65,8,1008,True,True,6953.4888583881575,7.999999999999874,800,0.6248618431034482,0.0697164365106093,0.04476696580448539,0.07947675392510939,0.018870518863448815,completed
15.5M,0.65,9,1009,True,True,6757.9231398680495,7.999999999999874,800,0.5387341280952346,0.05148183003627034,0.053767109509976894,0.01621484090915344,0.012788793420420719,completed
15.5M,0.65,10,1010,True,True,6773.690424732141,7.999999999999874,800,0.6557491389887713,0.052369899455392256,0.040301952040190846,0.03968116762189645,0.00036076530810125185,completed
15.5M,0.65,11,1011,True,True,7012.580483581489,7.999999999999874,800,0.6465889789583767,0.0460174451477088,0.039648981246441825,0.022421725541670257,0.004256592952891047,completed
15.5M,0.65,12,1012,True,True,6701.154175629023,7.999999999999874,800,0.7202361703797681,0.08394934282424371,0.041721037923132226,0.0789222568593082,0.007206921274694578,completed
15.5M,0.65,13,1013,True,True,7022.424825952308,7.999999999999874,800,0.6366746954206978,0.05061197124646201,0.04611496473782009,0.03548970516638758,0.011448013757979325,completed
15.5M,0.65,14,1014,True,True,6705.682249306617,7.999999999999874,800,0.6983081520895369,0.0782781670994658,0.0433692814676649,0.03363934400523903,0.01377127998815686,completed
15.5M,0.65,15,1015,True,True,6716.643381200939,7.999999999999874,800,0.8410767795544959,0.0864728170029578,0.031368606276046325,0.030825451904416656,0.015786387317214157,completed
15.5M,0.65,16,1016,True,True,6823.811093098813,7.999999999999874,800,0.7437367141740783,0.04758582840010676,0.037979002221503175,0.04252871787215796,0.003916561217772507,completed
15.5M,0.65,17,1017,True,True,6696.515756288382,7.999999999999874,800,0.6904320290413396,0.07194228072433852,0.046220462617066936,0.054006498334013914,0.01977744066286946,completed
15.5M,0.65,18,1018,True,True,6773.476635352545,7.999999999999874,800,0.603550866700929,0.0658553922021923,0.04649742960865088,0.044319123942627804,0.0031205384303716333,completed
15.5M,0.65,19,1019,True,True,6910.255196757238,7.999999999999874,800,0.593660808685748,0.07849953400369325,0.05184532487274747,0.025665870678883367,0.00834116808206753,completed
15.5M,0.65,20,1020,True,True,6789.244490779771,7.999999999999874,800,0.7245113836988593,0.05819125359770012,0.03645231548467563,0.015778870667205906,0.004763008178725325,completed
15.5M,0.65,21,1021,True,True,6904.765874264182,7.999999999999874,800,0.5647312976736499,0.0619380195626026,0.06536642789377325,0.03817180238867566,0.018565397067362266,completed
15.5M,0.65,22,1022,True,True,6730.718893873429,7.999999999999874,800,0.789206425331444,0.05980462196755088,0.030640479285695858,0.08700893648085302,0.003485709171783702,completed
15.5M,0.65,23,1023,True,True,6843.097500626404,7.999999999999874,800,0.8165795359094558,0.08751652919515643,0.03941114708636449,0.06127023490394812,0.02552469786189282,completed
15.5M,0.65,24,1024,True,True,6805.435085338832,7.999999999999874,800,0.7800859076782894,0.047082362545286256,0.03316289814468154,0.03844496495359789,0.0073868441974236365,completed
15.5M,0.8,0,1000,True,True,7014.593310597091,7.999999999999874,800,0.7327632330692507,0.06396596073827564,0.04630207560901874,0.048772119405613684,0.019474235398558637,completed
15.5M,0.8,1,1001,True,True,6364.90349110862,7.999999999999874,800,0.5409612369166594,0.11009852898623694,0.07043439696134444,0.02872408429762203,0.035323794453257173,completed
15.5M,0.8,2,1002,True,True,6632.746290134167,7.999999999999874,800,0.5471397523146199,0.07207556192631139,0.055143430018076665,0.045738666202909985,0.015145422434280409,completed
15.5M,0.8,3,1003,True,True,6937.5749143161775,7.999999999999874,800,0.46578035870375895,0.05192999289191144,0.06338545498954856,0.05968708044803068,0.009918273231346308,completed
15.5M,0.8,4,1004,True,True,6073.425467123708,7.999999999999874,800,0.11186620552099438,0.12739592825439125,0.1558792424729961,0.05090095346139401,0.03029750867490133,completed
15.5M,0.8,5,1005,True,True,6690.641336286768,7.999999999999874,800,0.644774589087027,0.08330623218844525,0.046457213602749826,0.07225779820437585,0.022075567485648984,completed
15.5M,0.8,6,1006,True,True,6709.719905320218,7.999999999999874,800,0.6798346292424576,0.07049372378948207,0.03823693971205385,0.05190518039720692,0.0010482089262866534,completed
15.5M,0.8,7,1007,True,True,6860.377539039822,7.999999999999874,800,0.5989132110523417,0.0678052608806581,0.05080981733236893,0.07901814601083519,0.00833725030653909,completed
15.5M,0.8,8,1008,True,True,6621.34948044536,7.999999999999874,800,0.5633822097085541,0.09855227402812604,0.05754222582158251,0.10966236731939731,0.025175123643258468,completed
15.5M,0.8,9,1009,True,True,6473.994358019859,7.999999999999874,800,0.4218513954962807,0.07424507789927914,0.08144023391812706,0.06983653707237564,0.03231594860439024,completed
15.5M,0.8,10,1010,True,True,6415.349615913021,7.999999999999874,800,0.543675720576303,0.09262163305720285,0.061440246994020994,0.031653325420929065,0.013837306854282083,completed
15.5M,0.8,11,1011,True,True,6982.68353768724,7.999999999999874,800,0.5962641888572041,0.0438276656124773,0.04383886107868012,0.030505390749066184,0.007971860064680314,completed
15.5M,0.8,12,1012,True,True,6315.666607865917,7.999999999999874,800,0.6515146929737958,0.10985394977739875,0.04610556127476845,0.0628950876851697,0.02263848111890776,completed
15.5M,0.8,13,1013,True,True,6984.213202558553,7.999999999999874,800,0.5581435195634508,0.05530639489027434,0.05722097790379833,0.03005722314370626,0.01259320112974227,completed
15.5M,0.8,14,1014,True,True,6693.717482812093,7.999999999999874,800,0.6451976980791603,0.083085087872878,0.05096024690584731,0.11482118672554273,0.034200472865230536,completed
15.5M,0.8,15,1015,True,True,6685.125801114301,7.999999999999874,800,0.8123894031106207,0.09938323635054037,0.03895065511594827,0.08069912798856445,0.016943405063076566,completed
15.5M,0.8,16,1016,True,True,6761.886299019013,7.999999999999874,800,0.6719999437113133,0.06344498966272759,0.04507201425591208,0.06546135615190783,0.011492715694565447,completed
15.5M,0.8,17,1017,True,True,6398.128258359142,7.999999999999874,800,0.6392134116831958,0.10548839968086957,0.06258903288181558,0.14144613802381226,0.028547006644336514,completed
15.5M,0.8,18,1018,True,True,6298.691409001076,7.999999999999874,800,0.4809111861143852,0.10789128411979036,0.0707835862718248,0.0905819147276402,0.038061026042156776,completed
15.5M,0.8,19,1019,True,False,523.5620067552389,1.310000000000001,131,0.02414284418002407,0.3432486666131855,0.7801777668039706,0.6322820346922782,1.1758572035036918,ground_crash
15.5M,0.8,20,1020,True,True,6429.872790852365,7.999999999999874,800,0.6271352490570606,0.0942274243037704,0.05413049004081056,0.017229886960325173,0.018330100728178866,completed
15.5M,0.8,21,1021,True,True,6865.689297487981,7.999999999999874,800,0.4523704000347753,0.06873730418122924,0.08779978777452066,0.06890483859779482,0.028093738982110095,completed
15.5M,0.8,22,1022,True,True,6171.133045994409,7.999999999999874,800,0.741714115119293,0.10936527516465437,0.04425971491718915,0.07032783063809889,0.002292371941464033,completed
15.5M,0.8,23,1023,True,True,6833.128997746879,7.999999999999874,800,0.8101576682627765,0.08306703737478427,0.03882183097202432,0.007593712784411487,0.0064205153807821436,completed
15.5M,0.8,24,1024,True,True,6844.068795266195,7.999999999999874,800,0.7641840667886031,0.04828323976546557,0.0368741380324585,0.04408525285801012,0.011006410101593866,completed
15.5M,1.0,0,1000,True,True,6925.828096853363,7.999999999999874,800,0.6882471796313006,0.07517549756562975,0.05195381526539153,0.036786648268545295,0.02269498438156292,completed
15.5M,1.0,1,1001,True,True,6213.088727543141,7.999999999999874,800,0.3968724352155492,0.1468364119720812,0.10377756096911885,0.08186554784427194,0.03175002408193417,completed
15.5M,1.0,2,1002,True,True,6517.303109680056,7.999999999999874,800,0.4630573500221769,0.09696021782664463,0.07210732584630031,0.031159224965304298,0.01072324881210407,completed
15.5M,1.0,3,1003,True,True,6913.885857373146,7.999999999999874,800,0.3224759662435196,0.057676812802641815,0.08744961984989115,0.021168120902459054,0.004400474749140626,completed
15.5M,1.0,4,1004,True,False,353.8382278959722,0.8100000000000005,81,0.015740344934771732,0.241340631485885,0.7632375504080073,0.3452523273993373,1.184259702748944,ground_crash
15.5M,1.0,5,1005,True,True,6627.111354054921,7.999999999999874,800,0.5645755572084703,0.07950601321230986,0.05145838794311005,0.08833028203042852,0.0013362276417954178,completed
15.5M,1.0,6,1006,True,True,6537.957477310497,7.999999999999874,800,0.6239539623128715,0.09683233738095842,0.04419919032469111,0.07514566510415119,0.006342151119532291,completed
15.5M,1.0,7,1007,True,True,6878.838038460377,7.999999999999874,800,0.5071591467779445,0.06486608447575935,0.061061936360549726,0.062356156461952875,0.007422255785168641,completed
15.5M,1.0,8,1008,True,True,6492.328979101018,7.999999999999874,800,0.4799914783524373,0.1115674962453964,0.07079264841937873,0.09003463383507344,0.02224405871489421,completed
15.5M,1.0,9,1009,True,True,6412.124605477234,7.999999999999874,800,0.30780358851240236,0.09261943742783636,0.10889650868279875,0.04407608362205827,0.03754366297044465,completed
15.5M,1.0,10,1010,True,True,6212.26764554208,7.999999999999874,800,0.4634986727117944,0.11769009533817869,0.07448166076589807,0.08937771557662552,0.023616772597944147,completed
15.5M,1.0,11,1011,True,True,6866.288692089802,7.999999999999874,800,0.5291844878611103,0.057603407611560874,0.05190674574778258,0.015461619380306553,0.001440236391130334,completed
15.5M,1.0,12,1012,True,True,5947.649120736887,7.999999999999874,800,0.5834186615468434,0.16115104834635763,0.060142394791560284,0.12327794288999676,0.019816087206667055,completed
15.5M,1.0,13,1013,True,True,6843.681552852403,7.999999999999874,800,0.4001090807440164,0.0766462485835941,0.08206064707819609,0.01690173789532794,0.0015563798412541185,completed
15.5M,1.0,14,1014,True,True,6588.182920982326,7.999999999999874,800,0.5905599720877175,0.10455275663514017,0.059393032441214036,0.06273498136563671,0.02238529725496674,completed
15.5M,1.0,15,1015,True,True,6644.235690447674,7.999999999999874,800,0.7484731505293766,0.10039723578314864,0.04727064340239141,0.047844986852681876,0.016307598922605138,completed
15.5M,1.0,16,1016,True,True,6668.113235650252,7.999999999999874,800,0.5377090134287245,0.07472557471158471,0.06492428858744587,0.07508952203572518,0.0035194749280424986,completed
15.5M,1.0,17,1017,True,True,6279.579891111219,7.999999999999874,800,0.5941755226275937,0.11778199014484761,0.06751344222487618,0.13452010022500674,0.023319708757709723,completed
15.5M,1.0,18,1018,True,True,6502.9578863269235,7.999999999999874,800,0.3359042956502886,0.07900435417310335,0.08708271077544961,0.061668320012117715,0.008037917869679667,completed
15.5M,1.0,19,1019,True,False,373.48420190871553,0.9600000000000006,96,0.03043158624111123,0.5279334779680701,0.8092965057447136,0.5682494365270757,1.1689796282098204,ground_crash
15.5M,1.0,20,1020,True,True,6379.488988554302,7.999999999999874,800,0.533704998158124,0.10490744246822606,0.07832209617927256,0.05838743430851627,0.02509973390517506,completed
15.5M,1.0,21,1021,True,True,6729.54454395868,7.999999999999874,800,0.2552768631231422,0.10297440947693286,0.13326998601662413,0.0579467081110654,0.04497003345986972,completed
15.5M,1.0,22,1022,True,True,6311.112283033394,7.999999999999874,800,0.6905613882759711,0.09434408482644367,0.04852177043543122,0.12768644559389555,0.00971148797896193,completed
15.5M,1.0,23,1023,True,True,6817.5571204418975,7.999999999999874,800,0.790004464578873,0.08867135866101797,0.040573953736211914,0.05032133323815986,0.013843309509063761,completed
15.5M,1.0,24,1024,True,True,6751.163284148325,7.999999999999874,800,0.7100501669118416,0.056466329487265314,0.04560077984756116,0.032302192406725376,0.0013936569989223546,completed
16.0M,0.65,0,1000,True,True,6985.594902848018,7.999999999999874,800,0.7592913098604767,0.06801651987446596,0.04242427370746854,0.09293969886450404,0.03363082082127966,completed
16.0M,0.65,1,1001,True,True,6835.090711001813,7.999999999999874,800,0.653822802640469,0.0601862402158882,0.040623660520801796,0.030467601877960687,0.007634214227061564,completed
16.0M,0.65,2,1002,True,True,6692.128541512521,7.999999999999874,800,0.6100939773891839,0.06608258670293182,0.045688841805219205,0.05315668829362865,0.01080166015499251,completed
16.0M,0.65,3,1003,True,True,7007.702889984728,7.999999999999874,800,0.5618575894800046,0.044683940758729904,0.048211944237769734,0.08596409373166108,0.009385646933800507,completed
16.0M,0.65,4,1004,True,True,6713.182037223659,7.999999999999874,800,0.5139086984931912,0.0638674374765136,0.06691996548123404,0.031711782765933255,0.011270477959254954,completed
16.0M,0.65,5,1005,True,True,7008.07665630505,7.999999999999874,800,0.6747894196208797,0.052703974091503694,0.03664767283179127,0.05193395149785992,0.007068627530944616,completed
16.0M,0.65,6,1006,True,True,6816.2951974938105,7.999999999999874,800,0.7163506916821112,0.05762038552906307,0.03610490801701109,0.0822947772435742,0.014235993987207651,completed
16.0M,0.65,7,1007,True,True,6973.727537861937,7.999999999999874,800,0.6554264703452254,0.0550082326306472,0.04303638958295097,0.0705845585823524,0.014981188227410014,completed
16.0M,0.65,8,1008,True,True,6898.681861083974,7.999999999999874,800,0.6196324947270371,0.06820192307650738,0.04561947955852991,0.0988524471413083,0.022336449144328974,completed
16.0M,0.65,9,1009,True,True,6705.581491667778,7.999999999999874,800,0.5593946243263046,0.07498232952810609,0.05373499011153298,0.02695315410970609,0.0011212974803382902,completed
16.0M,0.65,10,1010,True,True,6666.593870798911,7.999999999999874,800,0.660484902073212,0.07853491491887309,0.044861522482544235,0.08960209869054087,0.016074560458118503,completed
16.0M,0.65,11,1011,True,True,6948.882449218153,7.999999999999874,800,0.643418198179713,0.05687815744995005,0.03900366382053902,0.018043181189773112,0.001822813733957096,completed
16.0M,0.65,12,1012,True,True,6752.93363818175,7.999999999999874,800,0.7147821193679256,0.07649210615667269,0.04390323733369007,0.01841669044928026,0.004359092837789236,completed
16.0M,0.65,13,1013,True,True,6920.1909932905655,7.999999999999874,800,0.6288058802432124,0.07383493339349677,0.047470459195678154,0.05537703040472478,0.01240818311609293,completed
16.0M,0.65,14,1014,True,True,6751.723599268628,7.999999999999874,800,0.6946397745627994,0.07777973445898578,0.046730575116308994,0.06328894768707091,0.024215096186863683,completed
16.0M,0.65,15,1015,True,True,6736.9468837793775,7.999999999999874,800,0.8408190036317661,0.09211232712677382,0.03824070906839446,0.010890021980003379,0.002992064699995467,completed
16.0M,0.65,16,1016,True,True,6827.05578966758,7.999999999999874,800,0.7565824485240018,0.06289185929287551,0.036815815886717805,0.06965339873096141,0.018458987504499147,completed
16.0M,0.65,17,1017,True,True,6627.728010160715,7.999999999999874,800,0.6804336572982681,0.09230456260931345,0.05170165405809518,0.03974534507921783,0.02225509794633962,completed
16.0M,0.65,18,1018,True,True,6653.00212575227,7.999999999999874,800,0.5956528863349083,0.08596154903333414,0.0527434829528657,0.024113181440755905,0.0031419522946336542,completed
16.0M,0.65,19,1019,True,True,6968.996542711982,7.999999999999874,800,0.587150503073131,0.06783194262481972,0.05156525341960909,0.08345878420181206,0.010560059019851353,completed
16.0M,0.65,20,1020,True,True,6695.392027226812,7.999999999999874,800,0.7351264604710126,0.07755110256575384,0.03544963317401156,0.05838654370598244,0.01364536177814002,completed
16.0M,0.65,21,1021,True,True,6968.289747602087,7.999999999999874,800,0.5698600674471094,0.048214604413904114,0.060491218276593976,0.025185126489170654,0.005106760973946356,completed
16.0M,0.65,22,1022,True,True,6664.9839896648455,7.999999999999874,800,0.7849595424557162,0.07366782631824198,0.03268181841778754,0.004709788179084462,0.0003248645696698471,completed
16.0M,0.65,23,1023,True,True,6985.619003166799,7.999999999999874,800,0.8174047566995253,0.06697378918518393,0.03424234120734267,0.08422090602159973,0.0147723470876866,completed
16.0M,0.65,24,1024,True,True,6878.855376541744,7.999999999999874,800,0.7957392397129655,0.049375610370246244,0.03210145991767211,0.05127941682337185,0.014887948590422528,completed
16.0M,0.8,0,1000,True,True,6962.342104887735,7.999999999999874,800,0.7338464398459893,0.0781915290817518,0.04960853832947713,0.04954831570215377,0.022833862299645125,completed
16.0M,0.8,1,1001,True,True,6461.004014887472,7.999999999999874,800,0.5549231758118988,0.09062927460250048,0.0655143725572272,0.04253048509776956,0.04253884371230443,completed
16.0M,0.8,2,1002,True,True,6725.0133546717325,7.999999999999874,800,0.537857577861681,0.05868957708007583,0.05236957148270783,0.05726513208971095,0.015935949811203276,completed
16.0M,0.8,3,1003,True,True,6934.543565314221,7.999999999999874,800,0.47015556205958275,0.05164976177101365,0.062098792763724105,0.08805292281053398,0.017462846609562988,completed
16.0M,0.8,4,1004,True,True,6015.076302726871,7.999999999999874,800,0.18879297614352283,0.1535756904426466,0.14105941021675222,0.14753702102730956,0.06961727344971802,completed
16.0M,0.8,5,1005,True,True,6633.408321194012,7.999999999999874,800,0.6411058867638865,0.08578407130434024,0.04681772995878739,0.08541483405892931,0.00283567274634966,completed
16.0M,0.8,6,1006,True,True,6842.39331775415,7.999999999999874,800,0.6854006370299358,0.05591966829242771,0.03781209122489395,0.0384376419369292,0.007074472270838461,completed
16.0M,0.8,7,1007,True,True,6918.31333432579,7.999999999999874,800,0.5968611073143201,0.05903429334722309,0.049383811431946485,0.09045512815193806,0.023891957265765873,completed
16.0M,0.8,8,1008,True,True,6609.177577836894,7.999999999999874,800,0.5780092931634416,0.1086052005128496,0.06172591164460756,0.10736380212680557,0.029412895403582606,completed
16.0M,0.8,9,1009,True,True,6333.284681562799,7.999999999999874,800,0.437077710776507,0.10629159436080027,0.08098871373819476,0.014822871974420044,0.023556633356120127,completed
16.0M,0.8,10,1010,True,True,6246.928302494852,7.999999999999874,800,0.5748553508692721,0.11718540123660909,0.06071332090924673,0.09391810481249536,0.0025489643095581993,completed
16.0M,0.8,11,1011,True,True,6884.3757272271,7.999999999999874,800,0.591957538673094,0.06358479512396316,0.04428819831385624,0.027746551206792345,0.008886794431292921,completed
16.0M,0.8,12,1012,True,True,6294.721556588684,7.999999999999874,800,0.6598246506901766,0.11394238582551686,0.04820188007343798,0.14882138934788633,0.030433668063523323,completed
16.0M,0.8,13,1013,True,True,6879.779463147335,7.999999999999874,800,0.5595776350386747,0.07667712570743726,0.05544167856631881,0.024911764963834064,0.0069357869150517,completed
16.0M,0.8,14,1014,True,True,6701.430334214576,7.999999999999874,800,0.6535394571444431,0.09130616945297336,0.053087340985785055,0.08748752369444295,0.03552536515295013,completed
16.0M,0.8,15,1015,True,True,6678.92072856934,7.999999999999874,800,0.8100911545664148,0.1010366622325453,0.04075054156305188,0.0636867879649301,0.017018461597452017,completed
16.0M,0.8,16,1016,True,True,6712.077172329267,7.999999999999874,800,0.6712517634397421,0.06404002774014113,0.04669564987471723,0.11014904579743409,0.011203302172345442,completed
16.0M,0.8,17,1017,True,True,6259.9418554045915,7.999999999999874,800,0.6435506957367779,0.12341564088625526,0.06368740014732759,0.12125897873976971,0.03130523154099918,completed
16.0M,0.8,18,1018,True,True,6238.953255127372,7.999999999999874,800,0.48578838913001693,0.11818545248844857,0.06899719785420125,0.027538329201912796,0.0037015864454688074,completed
16.0M,0.8,19,1019,True,False,565.898218040534,1.450000000000001,145,0.028159547488442474,0.3903046205790551,0.758672063250378,0.6194298915993128,1.1718405001952734,ground_crash
16.0M,0.8,20,1020,True,True,6357.568478632948,7.999999999999874,800,0.6406399412060454,0.10989691493346282,0.05343116158662121,0.05897617663086757,0.02741430424288871,completed
16.0M,0.8,21,1021,True,True,6967.3346003197885,7.999999999999874,800,0.4478053295585735,0.047273448300935814,0.08466993023908079,0.01008738245999478,0.01615857848621549,completed
16.0M,0.8,22,1022,True,True,6174.027145205531,7.999999999999874,800,0.7397760112204704,0.12174024984403202,0.045746132684121844,0.08495695933933951,0.007588937034078036,completed
16.0M,0.8,23,1023,True,True,6941.026027287572,7.999999999999874,800,0.8026508016140437,0.07848447864468751,0.03757015488269527,0.04343172250512893,0.013756717015392717,completed
16.0M,0.8,24,1024,True,True,6834.480534111013,7.999999999999874,800,0.7602354667794619,0.05407121436625514,0.03738166621447793,0.050620098031185376,0.012463324449511815,completed
16.0M,1.0,0,1000,True,True,6880.972238203794,7.999999999999874,800,0.6887687401036824,0.08492434566814713,0.05531709435258467,0.03598307553660279,0.02008625875699277,completed
16.0M,1.0,1,1001,True,True,6360.584556872104,7.999999999999874,800,0.41713026288577637,0.11359754831114756,0.09658264526951695,0.045783950888852155,0.02687561985672171,completed
16.0M,1.0,2,1002,True,True,6652.301344197858,7.999999999999874,800,0.4572635294926561,0.0709010342383301,0.06654962713813166,0.05667065004630799,0.00672301506256745,completed
16.0M,1.0,3,1003,True,True,6826.158065479017,7.999999999999874,800,0.3206737552850529,0.06404236329143419,0.08736791498450759,0.05201745062813814,0.003213844858728221,completed
16.0M,1.0,4,1004,True,False,362.517041092215,0.8100000000000005,81,0.02613841394694334,0.2287801704615583,0.7611020726630541,0.32049166800584106,1.1738616337367724,ground_crash
16.0M,1.0,5,1005,True,True,6401.84869821124,7.999999999999874,800,0.5549439450328713,0.10781117688276877,0.05849042952622317,0.05396307544445299,0.004054717957266751,completed
16.0M,1.0,6,1006,True,True,6731.738422295206,7.999999999999874,800,0.6282173143780996,0.0709190196096423,0.0439371492118478,0.03904534039078047,0.009857522542985553,completed
16.0M,1.0,7,1007,True,True,6941.148260061686,7.999999999999874,800,0.5044557535555146,0.0538230624101655,0.05596155688048025,0.10323376175483978,0.015614032327774474,completed
16.0M,1.0,8,1008,True,True,6502.935736558228,7.999999999999874,800,0.48456739210177724,0.11348293826020311,0.06856115415375187,0.12633977668367422,0.016093431685632487,completed
16.0M,1.0,9,1009,True,True,6256.429025797599,7.999999999999874,800,0.3333833841938658,0.1262088648249179,0.10556483215024492,0.06895667781330557,0.030696823027624554,completed
16.0M,1.0,10,1010,True,True,6247.4560829027205,7.999999999999874,800,0.4584158731230007,0.12396718716059073,0.07438097108676382,0.08566531729249681,0.0020455826593535065,completed
16.0M,1.0,11,1011,True,True,6755.007793026387,7.999999999999874,800,0.5200278189575072,0.07684430491726538,0.05375920379277578,0.019336259168240246,0.00940828245735048,completed
16.0M,1.0,12,1012,True,True,6303.478684666778,7.999999999999874,800,0.5752176688975278,0.10982116253706128,0.06100380898177886,0.09082570730914931,0.007458121153220532,completed
16.0M,1.0,13,1013,True,True,6788.263286937018,7.999999999999874,800,0.41731499737209965,0.08841887711936088,0.07793210214975228,0.0289321515820345,0.010012112855025457,completed
16.0M,1.0,14,1014,True,True,6624.810964345178,7.999999999999874,800,0.5979785899818023,0.09869068554625995,0.05982913515501887,0.07247716067631717,0.022273416821662506,completed
16.0M,1.0,15,1015,True,True,6620.721310405552,7.999999999999874,800,0.7435508558723969,0.11627537381396777,0.04827744272485121,0.08684555034099499,0.029876665129513924,completed
16.0M,1.0,16,1016,True,True,6576.05539229238,7.999999999999874,800,0.5520581247114908,0.09925221060614027,0.06687530792376772,0.0944118889331023,0.009084174379176524,completed
16.0M,1.0,17,1017,True,True,6146.401029884905,7.999999999999874,800,0.5958102407605957,0.1408832763602303,0.06760724411701391,0.10877307045324672,0.03609785207626559,completed
16.0M,1.0,18,1018,True,True,6384.926277305897,7.999999999999874,800,0.3650635651084565,0.09892672558450387,0.08095552167592773,0.004044046106181018,0.011387808355931561,completed
16.0M,1.0,19,1019,True,False,353.4872536838252,0.9300000000000006,93,0.028983300333857945,0.5360814150049559,0.7820985180847749,0.6608460924406905,1.1710167473498578,ground_crash
16.0M,1.0,20,1020,True,True,6304.430142742757,7.999999999999874,800,0.554629232632357,0.12103469685415824,0.07374713665714108,0.04246791802488983,0.02390116269068554,completed
16.0M,1.0,21,1021,True,True,6852.637243855567,7.999999999999874,800,0.25210123699320713,0.06417144818890488,0.12765104782833284,0.05569688977453769,0.0337149264598986,completed
16.0M,1.0,22,1022,True,True,6122.829492841383,7.999999999999874,800,0.6886097618778244,0.11884085245265594,0.04972367179897399,0.04520847289021089,0.009239279909597942,completed
16.0M,1.0,23,1023,True,True,6875.145712760281,7.999999999999874,800,0.7842644994018527,0.0851390989420362,0.04011842130002591,0.0596038746410976,0.014662871057016025,completed
16.0M,1.0,24,1024,True,True,6805.67384704041,7.999999999999874,800,0.7145030741411065,0.05082110442005574,0.040297056806894264,0.04595200132285289,0.006391879232938269,completed
16.5M,0.65,0,1000,True,True,7022.306668539623,7.999999999999874,800,0.7505838327355029,0.057520527176218555,0.03935408615974173,0.028785334896703523,0.02453256073864174,completed
16.5M,0.65,1,1001,True,True,6822.555999887838,7.999999999999874,800,0.6546441259809851,0.05742400075897354,0.042706507826318525,0.025211975676494185,0.010350615629791227,completed
16.5M,0.65,2,1002,True,True,6794.4581067618365,7.999999999999874,800,0.6072480981705355,0.049705940079233325,0.04393048993544743,0.043878075160620415,0.007855201422578784,completed
16.5M,0.65,3,1003,True,True,7004.07692263189,7.999999999999874,800,0.5586035261896974,0.04205666459049352,0.050637312660739495,0.04590288281702169,0.0052853041437472825,completed
16.5M,0.65,4,1004,True,True,6825.982360410777,7.999999999999874,800,0.5129888040987555,0.04820144126922923,0.06218226312480055,0.03987445610176703,0.0018085871333564096,completed
16.5M,0.65,5,1005,True,True,6946.334108998903,7.999999999999874,800,0.6546544674318283,0.054629329282027184,0.038168301951146386,0.04784597136456059,0.004893582252747164,completed
16.5M,0.65,6,1006,True,True,6804.774466595911,7.999999999999874,800,0.7161047996182915,0.05597049416482407,0.03745178089337845,0.016406085399640044,0.0036027339338187137,completed
16.5M,0.65,7,1007,True,True,6851.863283006293,7.999999999999874,800,0.6432130250929273,0.07148053971513305,0.046180900509828544,0.06037613113762278,0.018075753893685986,completed
16.5M,0.65,8,1008,True,True,6954.053197888357,7.999999999999874,800,0.6218136076780517,0.06103268375669478,0.041368737831819505,0.08620710869782164,0.019310251896631492,completed
16.5M,0.65,9,1009,True,True,6772.086820187032,7.999999999999874,800,0.5633454676226232,0.06497553614689795,0.05079645372133424,0.057514295779389026,0.02064030937101502,completed
16.5M,0.65,10,1010,True,True,6754.33423226987,7.999999999999874,800,0.6510899983182912,0.06603055331083295,0.04597144660190754,0.0996211952412884,0.02807302180402793,completed
16.5M,0.65,11,1011,True,True,6934.06959296,7.999999999999874,800,0.6326862391547114,0.05545241892925347,0.040434060037585096,0.054779569029765496,0.019504419127412076,completed
16.5M,0.65,12,1012,True,True,6722.063736382312,7.999999999999874,800,0.7173870866652362,0.08935989334499214,0.04630419558411358,0.10390268560969819,0.029210431936064873,completed
16.5M,0.65,13,1013,True,True,6854.7218598603395,7.999999999999874,800,0.6218738683890301,0.0750454765041009,0.04604371262081247,0.05799270624269721,0.01021756883647651,completed
16.5M,0.65,14,1014,True,True,6771.482083866997,7.999999999999874,800,0.706876872242979,0.08135986712157184,0.04660412497197825,0.09044652389091377,0.0287141615674269,completed
16.5M,0.65,15,1015,True,True,6780.463007485366,7.999999999999874,800,0.8337931052987528,0.09214660483392725,0.03920839824177992,0.06965717810588154,0.02680767509348514,completed
16.5M,0.65,16,1016,True,True,6742.498567864242,7.999999999999874,800,0.7478250061356544,0.06854757051735083,0.04110022714017799,0.08005801771792947,0.020533994666589672,completed
16.5M,0.65,17,1017,True,True,6690.550379334627,7.999999999999874,800,0.6948384329835832,0.08551137394943266,0.05067645398665766,0.053920714059119836,0.024412400141961665,completed
16.5M,0.65,18,1018,True,True,6753.187188634712,7.999999999999874,800,0.5979489989118828,0.07212415721366973,0.049954457740372334,0.06815415487705892,0.0033384519724322104,completed
16.5M,0.65,19,1019,True,True,6990.110579458708,7.999999999999874,800,0.5882214498584174,0.06102413208837851,0.05060262925738465,0.05936567961607279,0.016008229033612542,completed
16.5M,0.65,20,1020,True,True,6775.64291470531,7.999999999999874,800,0.7203649309259414,0.06619800486242741,0.03485258372321046,0.06782089336983615,0.0028317911091158,completed
16.5M,0.65,21,1021,True,True,6907.765123377127,7.999999999999874,800,0.5587347653351721,0.062028019939836546,0.06290158686468283,0.013496853216988187,0.012807933314091136,completed
16.5M,0.65,22,1022,True,True,6752.528592690047,7.999999999999874,800,0.7793408733112561,0.06407750710027711,0.03267150076182534,0.08229723085035687,0.010826727946458448,completed
16.5M,0.65,23,1023,True,True,6952.328578502032,7.999999999999874,800,0.8118529793472793,0.06260888228665529,0.032854545830882376,0.006190789305914984,0.005159771691466863,completed
16.5M,0.65,24,1024,True,True,6739.425355239027,7.999999999999874,800,0.7916192916707538,0.06728634890652184,0.03655456150283526,0.023527114060888733,0.00876379740594424,completed
16.5M,0.8,0,1000,True,True,7017.862092782278,7.999999999999874,800,0.722166965997572,0.05460462756156564,0.04339483759500997,0.05476788651058266,0.020225954556216896,completed
16.5M,0.8,1,1001,True,True,6504.64360682617,7.999999999999874,800,0.5580867933375692,0.0880508385111367,0.060349984551907786,0.134438997242541,0.00015729660271923684,completed
16.5M,0.8,2,1002,True,True,6743.1001022087985,7.999999999999874,800,0.5460008662247302,0.04910306716964977,0.0510650198257903,0.04672887797126454,0.003932879135628786,completed
16.5M,0.8,3,1003,True,True,6976.003577262622,7.999999999999874,800,0.4699386709678832,0.04367739973044616,0.06328656208653967,0.04732448644704294,0.0054781677941340146,completed
16.5M,0.8,4,1004,True,True,6368.58919774901,7.999999999999874,800,0.14941016325175857,0.09186228113442614,0.14351221605584763,0.04563136300625745,0.02523454364141653,completed
16.5M,0.8,5,1005,True,True,6693.454480780241,7.999999999999874,800,0.6314237240580529,0.07345439890307824,0.04466675377943315,0.033724364661230945,0.012317950425726698,completed
16.5M,0.8,6,1006,True,True,6741.577652647209,7.999999999999874,800,0.6912688658440586,0.06117443299299872,0.038310032419310906,0.077923709967668,0.004654198342046056,completed
16.5M,0.8,7,1007,True,True,6847.740600822773,7.999999999999874,800,0.5888396498327096,0.06792544437209014,0.051569269874093736,0.09119755606690097,0.01951619616714728,completed
16.5M,0.8,8,1008,True,True,6628.8520588299225,7.999999999999874,800,0.5781759933033466,0.10651649632397871,0.06103189858263575,0.11973447073036136,0.03507024738532993,completed
16.5M,0.8,9,1009,True,True,6263.048232052868,7.999999999999874,800,0.45059495318748866,0.11800792359833322,0.07879259615357134,0.09183780733919354,0.015164107695412987,completed
16.5M,0.8,10,1010,True,True,6372.781303119925,7.999999999999874,800,0.570557477690538,0.09986792710419097,0.059856393295818384,0.049250259705705936,0.017364486124563205,completed
16.5M,0.8,11,1011,True,True,6883.238935503959,7.999999999999874,800,0.5822084854991386,0.05998146765491088,0.0457534409023476,0.041335705151686955,0.01117521547618483,completed
16.5M,0.8,12,1012,True,True,6433.36488184923,7.999999999999874,800,0.6648324271931113,0.0964897060305827,0.04671404438961718,0.14458936636459335,0.024179032081871554,completed
16.5M,0.8,13,1013,True,True,6838.599000537088,7.999999999999874,800,0.5406293598488885,0.08160306703552592,0.05705722053089966,0.008536701164010176,0.0009917092958509066,completed
16.5M,0.8,14,1014,True,True,6699.829772614387,7.999999999999874,800,0.6673102927221878,0.07916302699152951,0.04837406251266966,0.04601731667827358,0.013552923991168031,completed
16.5M,0.8,15,1015,True,True,6705.102031385317,7.999999999999874,800,0.7995466721753752,0.10259734304380182,0.041477537309862623,0.03253972645370397,0.012513360025541376,completed
16.5M,0.8,16,1016,True,True,6703.480581650377,7.999999999999874,800,0.6530145054899648,0.08451736739308238,0.052978647921104,0.07383092789035967,0.00789649307494944,completed
16.5M,0.8,17,1017,True,True,6283.833332341645,7.999999999999874,800,0.6461853909372183,0.11472595187191559,0.05892640027766602,0.11373926523683778,0.04241170428452934,completed
16.5M,0.8,18,1018,True,True,6240.340240423157,7.999999999999874,800,0.49055159184201624,0.11690652077355852,0.06696304731624049,0.028706293895685388,0.0018591668191150212,completed
16.5M,0.8,19,1019,True,False,879.4518238527872,2.1399999999999983,214,0.45215967122210193,1.0505676667049602,0.5046183330985684,2.520050928741111,0.5613648657586497,arena_breach
16.5M,0.8,20,1020,True,True,6415.576999246481,7.999999999999874,800,0.6368036407737785,0.09803402515666568,0.04963477818485422,0.04724430256387093,0.029031430337267405,completed
16.5M,0.8,21,1021,True,True,6910.420804218099,7.999999999999874,800,0.45048021401023924,0.0629218614431897,0.08404999845380098,0.01810224651891463,0.007157827712467757,completed
16.5M,0.8,22,1022,True,True,6263.480240063438,7.999999999999874,800,0.7377764873202045,0.10793244894458295,0.04575499987646616,0.10789909828801515,0.014299097826400597,completed
16.5M,0.8,23,1023,True,True,6977.649852214493,7.999999999999874,800,0.8034698451623079,0.06999893568722544,0.03565727933380332,0.05356212111773102,0.01410584741970733,completed
16.5M,0.8,24,1024,True,True,6814.274976232643,7.999999999999874,800,0.7605914293485355,0.06193212440085484,0.03877662863449096,0.03125318041551041,0.012784043555359226,completed
16.5M,1.0,0,1000,True,True,6900.440939014406,7.999999999999874,800,0.6774545572887514,0.07424656617980134,0.05290091390589367,0.06039274025552017,0.027974657642103606,completed
16.5M,1.0,1,1001,True,True,6279.967672306154,7.999999999999874,800,0.43997963293929804,0.12527955608328456,0.09477830392454167,0.055644717135759136,0.04221481179255204,completed
16.5M,1.0,2,1002,True,True,6707.1193037902785,7.999999999999874,800,0.4592590944883227,0.06388895459697307,0.06584438959148833,0.005860082878666696,0.013351876365994775,completed
16.5M,1.0,3,1003,True,True,6896.1807091184855,7.999999999999874,800,0.3265808353869827,0.04929762350190623,0.08811119400123178,0.02806018427524339,0.004121910015324248,completed
16.5M,1.0,4,1004,True,False,346.2853243370392,0.7900000000000005,79,0.02843015699819564,0.22026448931740283,0.7535514225636099,0.318176725043489,1.17156989068552,ground_crash
16.5M,1.0,5,1005,True,True,6657.186283104909,7.999999999999874,800,0.5497915572098963,0.07923056439523733,0.05239738876252462,0.08305243511331359,0.019126471397973743,completed
16.5M,1.0,6,1006,True,True,6692.682844437832,7.999999999999874,800,0.632356886826431,0.07340722692291075,0.044489329368231426,0.05934954806412667,0.0005760848810982822,completed
16.5M,1.0,7,1007,True,True,6789.302469603605,7.999999999999874,800,0.5010137784273108,0.0742268935110652,0.06125385394380473,0.07512045069143743,0.02284724091998691,completed
16.5M,1.0,8,1008,True,True,6516.825148053544,7.999999999999874,800,0.49051943873505643,0.12083988722513893,0.07059330796819785,0.09855866238655946,0.02220390368279901,completed
16.5M,1.0,9,1009,True,True,6374.1476606002325,7.999999999999874,800,0.3402729962956076,0.0977439985337151,0.10900526037968439,0.08650017941758475,0.025682790756574425,completed
16.5M,1.0,10,1010,True,True,6285.048499750251,7.999999999999874,800,0.46796791212773253,0.1077012893708065,0.07131648296475522,0.018697144009274278,0.013720202939510706,completed
16.5M,1.0,11,1011,True,True,6798.131531393192,7.999999999999874,800,0.5089228946825428,0.07009836974149979,0.05547374211956378,0.039683414081230196,0.006674974615056506,completed
16.5M,1.0,12,1012,True,True,6433.708100677898,7.999999999999874,800,0.5979479110296422,0.09149855779972348,0.058252711376024224,0.05343694577321072,0.02111429333575887,completed
16.5M,1.0,13,1013,True,True,6754.34958633278,7.999999999999874,800,0.40382475537471735,0.09346565514330706,0.0820057031542271,0.009562903780040585,0.003026693195010255,completed
16.5M,1.0,14,1014,True,True,6552.798001832573,7.999999999999874,800,0.6094543418173008,0.10292181032767403,0.05848052111424682,0.09878192214631974,0.0345657923054139,completed
16.5M,1.0,15,1015,True,True,6529.702331582139,7.999999999999874,800,0.7467139204587239,0.13287234459427466,0.0525645023038822,0.059979455357081324,0.0394780860335322,completed
16.5M,1.0,16,1016,True,True,6702.12318735747,7.999999999999874,800,0.5329768970221647,0.07405270755856322,0.06316664660314049,0.0745089435140798,0.013913231696750517,completed
16.5M,1.0,17,1017,True,True,6179.5384589732585,7.999999999999874,800,0.6113999146924011,0.14026101761579599,0.06933310701197576,0.060935752712157225,0.04328060541024481,completed
16.5M,1.0,18,1018,True,True,6269.857551540189,7.999999999999874,800,0.3866910829864549,0.11918542396409341,0.08210565660250907,0.05910504014891701,0.028772377099699487,completed
16.5M,1.0,19,1019,True,False,374.4456900421348,0.9700000000000006,97,0.025480797502009288,0.5525374118112999,0.8031770106483499,0.6896589200892398,1.1745192501817066,ground_crash
16.5M,1.0,20,1020,True,True,6397.609350050336,7.999999999999874,800,0.5513877798921668,0.10825649966811816,0.0689825951045852,0.03590572833496884,0.03504820628319116,completed
16.5M,1.0,21,1021,True,True,6750.243324265975,7.999999999999874,800,0.24666927467482927,0.10309346142390921,0.132591095160957,0.03979433898394083,0.03325688149064665,completed
16.5M,1.0,22,1022,True,True,6193.051930248311,7.999999999999874,800,0.6928260676874247,0.11812243941056537,0.049786588243652036,0.03947354711513823,0.021726541802143506,completed
16.5M,1.0,23,1023,True,True,6869.203192360261,7.999999999999874,800,0.7806101844495589,0.08007218847512523,0.03787892139253669,0.0566940531861241,0.015001647091766657,completed
16.5M,1.0,24,1024,True,True,6837.046157422648,7.999999999999874,800,0.7173850107077315,0.052847886337007925,0.0418900209477417,0.0026291781424859382,0.003853606265732834,completed
17.0M,0.65,0,1000,True,True,7097.081824896341,7.999999999999874,800,0.7557418523389828,0.04991069307156012,0.038003265435574994,0.029224357963678647,0.013698618486485348,completed
17.0M,0.65,1,1001,True,True,6844.956340624369,7.999999999999874,800,0.6617961182001386,0.05758809143572775,0.04194041932605737,0.06654814789118416,0.010518469663179486,completed
17.0M,0.65,2,1002,True,True,6807.150510756742,7.999999999999874,800,0.6078566077406456,0.04355181056933289,0.04415054122217514,0.03884096576653688,0.0013716215205776816,completed
17.0M,0.65,3,1003,True,True,7025.876442923484,7.999999999999874,800,0.5568921789701482,0.03785611043189453,0.05038903165688033,0.03167973803378214,0.002088074205491397,completed
17.0M,0.65,4,1004,True,True,6811.272868660913,7.999999999999874,800,0.5117240495693691,0.05706272155398984,0.0649062089763735,0.007796072599374996,0.01139452493519344,completed
17.0M,0.65,5,1005,True,True,7052.742305568475,7.999999999999874,800,0.6635301327064632,0.04370907602387707,0.03764687986269543,0.02728509601857861,0.005509031998580216,completed
17.0M,0.65,6,1006,True,True,6787.958119879722,7.999999999999874,800,0.7171786335959306,0.05585354004094914,0.03510678384925117,0.05015313598645581,0.009366029350420968,completed
17.0M,0.65,7,1007,True,True,6840.440469898822,7.999999999999874,800,0.6412871280074276,0.07576064710951104,0.04720113972877512,0.04008664337414276,0.010362763336294156,completed
17.0M,0.65,8,1008,True,True,7055.022738950741,7.999999999999874,800,0.6208964843308871,0.04059721330762488,0.03910659369165711,0.04606416921739138,0.009948177699267147,completed
17.0M,0.65,9,1009,True,True,6707.231551326977,7.999999999999874,800,0.5672381170169529,0.06672019608610795,0.05183898436384345,0.06121544659467128,0.0058795414914230015,completed
17.0M,0.65,10,1010,True,True,6656.924911351219,7.999999999999874,800,0.6508191969949262,0.0767715722132171,0.04364960920077554,0.03244884760870243,0.01872389718009937,completed
17.0M,0.65,11,1011,True,True,6963.321254940374,7.999999999999874,800,0.6340392029817561,0.05320368949831797,0.04032019182625188,0.027016911923440894,0.00555009318651889,completed
17.0M,0.65,12,1012,True,True,6797.920818684275,7.999999999999874,800,0.718541002212713,0.06765685474327451,0.03921940856960628,0.060851275873800695,0.013198549349523025,completed
17.0M,0.65,13,1013,True,True,6930.766596760179,7.999999999999874,800,0.6268331298336546,0.06785311020158916,0.04609686255916029,0.024839344117012864,0.009355387848498875,completed
17.0M,0.65,14,1014,True,True,6756.578867296445,7.999999999999874,800,0.7141369119800374,0.07151419784027278,0.039731980719255655,0.10376747637711005,0.012326480060435685,completed
17.0M,0.65,15,1015,True,True,6800.292992803625,7.999999999999874,800,0.8253013562206175,0.0791565446701291,0.035273923509181106,0.03788999738412548,0.0016971840279156325,completed
17.0M,0.65,16,1016,True,True,6750.598890310683,7.999999999999874,800,0.7586915135474357,0.0747556157255034,0.03791175681359749,0.0511880889490005,0.01930219089926566,completed
17.0M,0.65,17,1017,True,True,6749.387400748199,7.999999999999874,800,0.700981870777058,0.07236807259135913,0.04527711930022592,0.0766040793416293,0.027252772358097088,completed
17.0M,0.65,18,1018,True,True,6809.479951009316,7.999999999999874,800,0.5957095073013023,0.05394986486383393,0.047103699183883775,0.020962298474117583,0.0021382804119589593,completed
17.0M,0.65,19,1019,True,True,7019.5831127425035,7.999999999999874,800,0.5878672362186425,0.051244531173038864,0.048794870259321936,0.04251497900723882,0.011583077151571697,completed
17.0M,0.65,20,1020,True,True,6858.914523116366,7.999999999999874,800,0.7072870368680587,0.05599488538308368,0.03679624242167734,0.06646255240599365,0.013153329982550588,completed
17.0M,0.65,21,1021,True,True,6899.5218587484005,7.999999999999874,800,0.5636535989259498,0.06823265279625812,0.06385028534792477,0.03613245471113289,0.008042462872201561,completed
17.0M,0.65,22,1022,True,True,6729.522185321038,7.999999999999874,800,0.7752657432352342,0.06389560190149458,0.033695226933990824,0.044826127616171316,0.00012974184583747217,completed
17.0M,0.65,23,1023,True,True,6975.789987537247,7.999999999999874,800,0.813326258517943,0.06309593777834292,0.033903086363379624,0.018317174250650322,0.0024541187276589937,completed
17.0M,0.65,24,1024,True,True,6866.395348807168,7.999999999999874,800,0.7879557932218962,0.053201510552822476,0.03596823252407019,0.02805655981794143,0.01169460858648752,completed
17.0M,0.8,0,1000,True,True,7047.290114761386,7.999999999999874,800,0.7302472463211885,0.05976467957775215,0.04419857945291846,0.050435319794676414,0.019987164059559692,completed
17.0M,0.8,1,1001,True,True,6382.785979780575,7.999999999999874,800,0.5546783812065189,0.10471881753353757,0.06980811412237907,0.09507625004208294,0.015001641111213049,completed
17.0M,0.8,2,1002,True,True,6812.677323062201,7.999999999999874,800,0.549244186245894,0.039749816653991646,0.05027257652017969,0.01794745328582834,0.0031760220804699646,completed
17.0M,0.8,3,1003,True,True,6972.159371031439,7.999999999999874,800,0.4715481429466231,0.04182641933757078,0.0624151973981687,0.044946174128050964,0.004144020994948372,completed
17.0M,0.8,4,1004,True,True,6099.625021775714,7.999999999999874,800,0.22407420830422617,0.1467089337283439,0.1381923318939324,0.11554730816197026,0.0637175171610409,completed
17.0M,0.8,5,1005,True,True,6716.489379403511,7.999999999999874,800,0.6379989786275716,0.06770961153859094,0.04340922435162158,0.027412365361186873,0.004682088161004572,completed
17.0M,0.8,6,1006,True,True,6839.581203515025,7.999999999999874,800,0.6964528644904988,0.04721257875482039,0.03688531402076846,0.04849285130247659,0.008168540081851638,completed
17.0M,0.8,7,1007,True,True,6841.787642114107,7.999999999999874,800,0.5840208614956848,0.0743373108043231,0.052498253593123115,0.07190483803522445,0.015881361852548626,completed
17.0M,0.8,8,1008,True,True,6643.418466983228,7.999999999999874,800,0.5805795125590044,0.09204556049165324,0.05343720128885705,0.07856247981942774,0.023097449303898454,completed
17.0M,0.8,9,1009,True,True,6385.115313104039,7.999999999999874,800,0.44020160267394387,0.10087469740955227,0.08554153517835765,0.0705598305523022,0.004079709772158324,completed
17.0M,0.8,10,1010,True,True,6329.1300747342975,7.999999999999874,800,0.5703216867268941,0.09389015613723668,0.058996476235751084,0.042679120139647,0.011285896191335354,completed
17.0M,0.8,11,1011,True,True,6901.362856800751,7.999999999999874,800,0.5851691307276728,0.058920478934020325,0.044134356816764315,0.05181655559188016,0.002806107348841236,completed
17.0M,0.8,12,1012,True,True,6216.824919892919,7.999999999999874,800,0.6678899605411844,0.11597441126030784,0.05086343902915546,0.12660777221375102,0.022318368470112038,completed
17.0M,0.8,13,1013,True,True,6890.04096291118,7.999999999999874,800,0.5457030901233,0.07237658369358235,0.05741909480978892,0.029729020212506174,0.004340218650496608,completed
17.0M,0.8,14,1014,True,True,6753.9584807566525,7.999999999999874,800,0.6672206210675484,0.07143712617034526,0.04675702338184442,0.038323095445201995,0.014677838228630335,completed
17.0M,0.8,15,1015,True,True,6655.528808993887,7.999999999999874,800,0.8059462864977435,0.09669912522695988,0.03809666361858901,0.014812785430576849,0.032176199577869546,completed
17.0M,0.8,16,1016,True,True,6789.4523061700465,7.999999999999874,800,0.6706107179229928,0.06324484309861209,0.04750225150177743,0.05795840257174954,0.001833120776526087,completed
17.0M,0.8,17,1017,True,True,6208.498698276986,7.999999999999874,800,0.6467561045677639,0.12311878185800182,0.05827327057659383,0.12632081300789377,0.052718408594170985,completed
17.0M,0.8,18,1018,True,True,6429.6324315142665,7.999999999999874,800,0.49155015046418865,0.0781464329477449,0.06594610429747205,0.10131304976774108,0.00397218015353884,completed
17.0M,0.8,19,1019,True,False,953.2735106612458,2.389999999999993,239,0.038383250648354225,0.7204109140036612,0.42699702004583723,1.5508486014801817,1.1616167970353617,ground_crash
17.0M,0.8,20,1020,True,True,6379.819424768504,7.999999999999874,800,0.6345884936950636,0.10403713332722339,0.05420068814137552,0.043603392452635205,0.030207893118331164,completed
17.0M,0.8,21,1021,True,True,6847.7725216696035,7.999999999999874,800,0.44734251206954595,0.07967070803435604,0.08592852240128553,0.03381909478809701,0.015120723023933413,completed
17.0M,0.8,22,1022,True,True,5696.261313164286,7.999999999999874,800,0.7279667563907188,0.16905534049026766,0.055615744438047336,0.23267425723273621,0.055838574968608556,completed
17.0M,0.8,23,1023,True,True,6980.993971252375,7.999999999999874,800,0.8044664876728009,0.06728190081046262,0.035552914063180896,0.02941321255909098,0.007764754231756488,completed
17.0M,0.8,24,1024,True,True,6843.195809211889,7.999999999999874,800,0.7568989165966978,0.057011336113856344,0.03633142841077843,0.048258006542127634,0.011082470891498497,completed
17.0M,1.0,0,1000,True,True,6991.804898069545,7.999999999999874,800,0.6883161538492711,0.06581787687037435,0.04930047678884306,0.06158415585925787,0.026519292440323028,completed
17.0M,1.0,1,1001,True,True,6307.560556079753,7.999999999999874,800,0.4376220323440441,0.12115896297381035,0.09605431803240079,0.09745670183806576,0.02524001573572998,completed
17.0M,1.0,2,1002,True,True,6624.810691232965,7.999999999999874,800,0.4641709406445469,0.0772363908785295,0.06668203339864866,0.04151077194701461,0.001619551594133961,completed
17.0M,1.0,3,1003,True,True,6830.869160542118,7.999999999999874,800,0.326469956266288,0.06417013155719785,0.08975876638836705,0.038756576663295204,0.0009973282821262863,completed
17.0M,1.0,4,1004,True,False,364.4030929279167,0.8100000000000005,81,0.0162433771809516,0.21381369723823332,0.7683776994415885,0.28243665545210134,1.1837566705027642,ground_crash
17.0M,1.0,5,1005,True,True,6663.390917376175,7.999999999999874,800,0.5495720413314865,0.07782986962694206,0.053822659892640706,0.06415570319472415,0.001223696730043855,completed
17.0M,1.0,6,1006,True,True,6796.641478880269,7.999999999999874,800,0.6348639086466352,0.054053589534715105,0.041970444011915,0.020467821541735456,0.006474180019525599,completed
17.0M,1.0,7,1007,True,True,6865.609061434559,7.999999999999874,800,0.5003388935778146,0.0683997159782519,0.06042416042388545,0.056067010458951176,0.016281607246072527,completed
17.0M,1.0,8,1008,True,True,6562.897392073907,7.999999999999874,800,0.5000676218304244,0.10364459822296701,0.0649993757666791,0.0727328278937091,0.015822638975099945,completed
17.0M,1.0,9,1009,True,True,6405.895523830481,7.999999999999874,800,0.3311030101216797,0.10273729038554957,0.11041188235372947,0.10009687902737205,0.03619655884757922,completed
17.0M,1.0,10,1010,True,True,6219.261583823068,7.999999999999874,800,0.4658201225289052,0.12325002633240496,0.07618116462989695,0.08819295628077946,0.012934600936355345,completed
17.0M,1.0,11,1011,True,True,6827.282857481682,7.999999999999874,800,0.511342622148064,0.06403983783254066,0.055240737682500346,0.018545113618356437,0.0032173959891150794,completed
17.0M,1.0,12,1012,True,True,6366.774421467287,7.999999999999874,800,0.6014904608751821,0.09823085670980454,0.056937343713934274,0.09467768467557505,0.013715007284316627,completed
17.0M,1.0,13,1013,True,True,6820.67729231035,7.999999999999874,800,0.41666758582100266,0.08331963147443625,0.07859544849913362,0.0338269795411271,0.003970856126025213,completed
17.0M,1.0,14,1014,True,True,6616.4535069335225,7.999999999999874,800,0.6127852720171948,0.09587719772493863,0.05429254220018958,0.10639767531296233,0.04017178705185809,completed
17.0M,1.0,15,1015,True,True,6681.613063366522,7.999999999999874,800,0.7666885404102545,0.1041933680400504,0.044368058726464446,0.05395258549204868,0.018806280460111235,completed
17.0M,1.0,16,1016,True,True,6614.640146307222,7.999999999999874,800,0.5455526688342447,0.08114905110184827,0.06324730435980638,0.061263968689719346,0.0001855463993076789,completed
17.0M,1.0,17,1017,True,True,6141.861296750782,7.999999999999874,800,0.61388774414547,0.13947356129385255,0.07015841827097201,0.048811770258579065,0.02158764588970663,completed
17.0M,1.0,18,1018,True,True,6414.946955098017,7.999999999999874,800,0.3876317779813715,0.09063144563289156,0.0797852247109263,0.055069151265334286,0.010008410586608063,completed
17.0M,1.0,19,1019,True,False,947.1138484729019,2.3599999999999937,236,0.03345992220048977,0.9773866520704522,0.7382116759258994,1.3565950855710607,1.1632872321667689,ground_crash
17.0M,1.0,20,1020,True,True,6254.952601620417,7.999999999999874,800,0.5514338032934695,0.12408503599937061,0.07549241840173629,0.0489267137976122,0.01692252582117626,completed
17.0M,1.0,21,1021,True,True,6759.100241115712,7.999999999999874,800,0.2426156488508017,0.10622551123748024,0.13178429243519432,0.054686820209670445,0.03531474943895163,completed
17.0M,1.0,22,1022,True,True,6309.132840624449,7.999999999999874,800,0.6724534888038518,0.08850845447065826,0.049852325895912465,0.10206224187762057,0.014116574199000809,completed
17.0M,1.0,23,1023,True,True,6946.16995138069,7.999999999999874,800,0.7884003179929585,0.06829164796236889,0.03583352030444171,0.035132877272212856,0.011962777025585458,completed
17.0M,1.0,24,1024,True,True,6829.865905217586,7.999999999999874,800,0.7179198345117029,0.05155328777776013,0.04169485213848235,0.009631729566827153,0.013996145919471514,completed
17.5M,0.65,0,1000,True,True,7026.541579009798,7.999999999999874,800,0.7487897454114449,0.05673956012303904,0.03873554105395632,0.0797322809145,0.024544784787559504,completed
17.5M,0.65,1,1001,True,True,6830.619292609545,7.999999999999874,800,0.6516567094160313,0.0500337521996671,0.04048629379203673,0.08446577569946188,0.013880307489395394,completed
17.5M,0.65,2,1002,True,True,6743.506694740616,7.999999999999874,800,0.6052889498193469,0.051107556462254754,0.043630243609545497,0.02179861605121615,0.0015856427896419056,completed
17.5M,0.65,3,1003,True,True,6928.097312994775,7.999999999999874,800,0.5474029966759628,0.05556880335274417,0.05144668778940431,0.04917882805482054,0.008780265281821631,completed
17.5M,0.65,4,1004,True,True,6675.5327036991985,7.999999999999874,800,0.5280601809960566,0.07528025504489982,0.06309444360201087,0.031288960941878004,0.013132951140374605,completed
17.5M,0.65,5,1005,True,True,7011.6594222344065,7.999999999999874,800,0.6590374304900842,0.0461459873842071,0.03587749826014818,0.08236273652522941,0.014741358812368377,completed
17.5M,0.65,6,1006,True,True,6756.550283319751,7.999999999999874,800,0.7028440616047333,0.05692862325750392,0.037430881495479934,0.13864333266792495,0.01921153165633105,completed
17.5M,0.65,7,1007,True,True,6837.366203497519,7.999999999999874,800,0.6258014543466794,0.07377115700904013,0.045865342234845834,0.04516139045075309,0.008752025705864419,completed
17.5M,0.65,8,1008,True,True,7007.280320152222,7.999999999999874,800,0.6135443180994223,0.04802382475571199,0.04314229466303722,0.04695445416339912,0.017192675911409827,completed
17.5M,0.65,9,1009,True,True,6662.170399695383,7.999999999999874,800,0.5507812007544426,0.08061254606234476,0.052773543947303596,0.049895836816620666,0.011070601967218208,completed
17.5M,0.65,10,1010,True,True,6716.867922350218,7.999999999999874,800,0.6510165002675238,0.06801733649110518,0.04511934949795864,0.06528003729608985,0.011542389871766146,completed
17.5M,0.65,11,1011,True,True,6948.882595984149,7.999999999999874,800,0.6298078238417942,0.0529341639689375,0.039283928109594475,0.0315493713448262,0.013785808204151317,completed
17.5M,0.65,12,1012,True,True,6845.082115810799,7.999999999999874,800,0.7209901827484075,0.06380304807334806,0.040265351760079254,0.09487059012240465,0.021232449795711927,completed
17.5M,0.65,13,1013,True,True,6885.428157571425,7.999999999999874,800,0.6204040279821481,0.07020733673285867,0.04474273909204552,0.03849906338959723,0.012758815699394743,completed
17.5M,0.65,14,1014,True,True,6687.447909517305,7.999999999999874,800,0.6955675601697496,0.07727916854482147,0.04474375961235185,0.0788205839288891,0.02604572744509781,completed
17.5M,0.65,15,1015,True,True,6856.007476881787,7.999999999999874,800,0.8353186502800071,0.0672632842556689,0.032066281449795224,0.028250636122787547,0.0064195644481905845,completed
17.5M,0.65,16,1016,True,True,6830.159756969951,7.999999999999874,800,0.7557157682186965,0.06161447450876074,0.03804571086752576,0.09203423420975661,0.012641348042886635,completed
17.5M,0.65,17,1017,True,True,6702.360117020324,7.999999999999874,800,0.6896896059231667,0.07753840619823749,0.04678683948390171,0.0939536842834352,0.023704041393453057,completed
17.5M,0.65,18,1018,True,True,6753.062721252764,7.999999999999874,800,0.5947560684189171,0.07158182864186345,0.051273577709741634,0.016947575623123885,0.0023382843358401573,completed
17.5M,0.65,19,1019,True,True,7055.913828848561,7.999999999999874,800,0.5825327881603597,0.0457158711871759,0.04699556582982736,0.04247014739463225,0.0038811036093429063,completed
17.5M,0.65,20,1020,True,True,6746.910177195344,7.999999999999874,800,0.6951771668367682,0.0726767133089672,0.03749714986838704,0.03560007166757205,0.012492234050853979,completed
17.5M,0.65,21,1021,True,True,6958.728896739955,7.999999999999874,800,0.5503750527925795,0.05249545737203481,0.061435525234384426,0.009362802452500334,0.020110087116439024,completed
17.5M,0.65,22,1022,True,True,6588.365416855687,7.999999999999874,800,0.7732213884087523,0.08044133776017977,0.03489651792154118,0.07353690511217889,0.0006586718525578572,completed
17.5M,0.65,23,1023,True,True,6988.020999527603,7.999999999999874,800,0.7987935283687101,0.05961168885046001,0.032724266310075634,0.026212593819684316,9.835327973495289e-05,completed
17.5M,0.65,24,1024,True,True,6801.502325107897,7.999999999999874,800,0.7612551462269523,0.05220009218995148,0.03384105524115784,0.06981864492621981,0.004938967500714098,completed
17.5M,0.8,0,1000,True,True,7050.15334035158,7.999999999999874,800,0.7252795754941912,0.054937309673181646,0.043746025310373485,0.054992206247216416,0.01466035719276193,completed
17.5M,0.8,1,1001,True,True,6587.710975581591,7.999999999999874,800,0.5623876267985081,0.07422345553168694,0.0636189345258446,0.03351109511264405,0.0020600516162601057,completed
17.5M,0.8,2,1002,True,True,6728.119796694204,7.999999999999874,800,0.5385426952687044,0.051333961870754445,0.05040304623077813,0.056492592311001774,0.000364400838158474,completed
17.5M,0.8,3,1003,True,True,6902.083699296849,7.999999999999874,800,0.4604724850605472,0.05610088743167907,0.06256749914698267,0.02274491209672541,0.0030259578794007425,completed
17.5M,0.8,4,1004,True,True,6122.892300695719,7.999999999999874,800,0.2684372181587597,0.14027011563964165,0.1255092514112823,0.030290115171998477,0.037883270841494454,completed
17.5M,0.8,5,1005,True,True,6760.957263487249,7.999999999999874,800,0.6375374108773623,0.06251087825546259,0.04356036626484256,0.07834125697474022,0.012102126823708037,completed
17.5M,0.8,6,1006,True,True,6762.996344938393,7.999999999999874,800,0.6714732918708544,0.05494445593292308,0.03832967089156225,0.05581259921888131,0.011391207363812716,completed
17.5M,0.8,7,1007,True,True,6831.628615602211,7.999999999999874,800,0.5726072828650537,0.07249780852059311,0.052890806933776374,0.04683155863589085,0.007693380300743513,completed
17.5M,0.8,8,1008,True,True,6611.172448888042,7.999999999999874,800,0.5845203887851719,0.09888850885248603,0.05615083839231084,0.09129933126897648,0.023710528873077008,completed
17.5M,0.8,9,1009,True,True,6405.533046586413,7.999999999999874,800,0.4645449719509,0.10341214391860003,0.07330933770365544,0.014113383591695826,0.031947299659081496,completed
17.5M,0.8,10,1010,True,True,6258.435043297901,7.999999999999874,800,0.5878891998893915,0.1088121210266186,0.05790504373733739,0.07571478015276925,0.0010440563781066725,completed
17.5M,0.8,11,1011,True,True,6906.787209576013,7.999999999999874,800,0.5847046438639063,0.05745015015501341,0.04358002689526156,0.012244752021907274,0.0065793551757495905,completed
17.5M,0.8,12,1012,True,True,6412.152439968457,7.999999999999874,800,0.6656365869317526,0.0997241506551771,0.0511303378909968,0.06416457424527625,0.017826434742867825,completed
17.5M,0.8,13,1013,True,True,6835.4499435974685,7.999999999999874,800,0.5368156171572018,0.0809320234103965,0.05549948228014463,0.008177246173063603,0.0013757092242674407,completed
17.5M,0.8,14,1014,True,True,6704.706157061337,7.999999999999874,800,0.6624883924248124,0.07657840646153702,0.047206717540151925,0.09941396820456,0.02460948767804849,completed
17.5M,0.8,15,1015,True,True,6797.001837313477,7.999999999999874,800,0.8176360813892143,0.07493712723963548,0.03626867215969214,0.08461616400756071,0.019826311060607837,completed
17.5M,0.8,16,1016,True,True,6830.573518722274,7.999999999999874,800,0.6857702324565454,0.052744218080322355,0.04360166236635971,0.09331364006000595,0.012300942236138646,completed
17.5M,0.8,17,1017,True,True,5972.216263947046,7.999999999999874,800,0.6623839450056351,0.14415304584357203,0.053798127384937916,0.15353125045593727,0.034738199520492063,completed
17.5M,0.8,18,1018,True,True,6302.853429997416,7.999999999999874,800,0.5079282600179249,0.1141792049774017,0.07091038191514687,0.1034747300963931,0.006059286739825698,completed
17.5M,0.8,19,1019,True,False,1421.0087866924514,2.9899999999999802,299,0.026791129296223633,0.6415018321466707,0.2960411774623649,0.6215484277113629,1.173208918387492,ground_crash
17.5M,0.8,20,1020,True,True,6461.804184460568,7.999999999999874,800,0.6269570193624642,0.09161558136301737,0.05340988153959228,0.06887328598143048,0.025703511526714795,completed
17.5M,0.8,21,1021,True,True,6880.095647809649,7.999999999999874,800,0.43016454994431397,0.06851128589978134,0.08586331577196325,0.049390446914687816,0.0236264084923683,completed
17.5M,0.8,22,1022,True,True,5964.848899531037,7.999999999999874,800,0.7366037185882348,0.1443362355697436,0.04523535881070123,0.059536757755272576,0.0006292979088911022,completed
17.5M,0.8,23,1023,True,True,6974.9610335219895,7.999999999999874,800,0.7914469955479331,0.0629537306912467,0.03417922125001501,0.022666110505816663,0.015713702020203835,completed
17.5M,0.8,24,1024,True,True,6865.648118288346,7.999999999999874,800,0.7512703009300972,0.04492702437023422,0.03515355054961975,0.06303045772330547,0.01005685797258593,completed
17.5M,1.0,0,1000,True,True,6948.099905002753,7.999999999999874,800,0.6882065029781155,0.06653035444910266,0.049299899278955193,0.002882346501281542,0.012466090293973053,completed
17.5M,1.0,1,1001,True,True,6460.695437929864,7.999999999999874,800,0.4520244939037042,0.09093093519840523,0.08822667657528546,0.039156251549713306,0.025224284123756657,completed
17.5M,1.0,2,1002,True,True,6736.140011356727,7.999999999999874,800,0.45350119567434694,0.0556193772257631,0.06218588686587446,0.033515102577760365,0.002705900195761668,completed
17.5M,1.0,3,1003,True,True,6738.709497234397,7.999999999999874,800,0.32018383282438306,0.07794141299531064,0.08691223627270629,0.054796046051541945,0.004330030956616104,completed
17.5M,1.0,4,1004,True,False,370.6719507744697,0.8100000000000005,81,0.029150058621737727,0.20482995323915076,0.7631429114359894,0.24231059454379375,1.1708499890619781,ground_crash
17.5M,1.0,5,1005,True,True,6585.452247905486,7.999999999999874,800,0.5589878479071834,0.08734424851516369,0.055145423015813794,0.077227693925972,0.005920429413283523,completed
17.5M,1.0,6,1006,True,True,6794.166514559979,7.999999999999874,800,0.626157799221449,0.05112681787586387,0.04316501219179601,0.02175082780766186,1.0179800521425975e-05,completed
17.5M,1.0,7,1007,True,True,6807.5199525378985,7.999999999999874,800,0.49305247421053405,0.07342915479111436,0.05950623056313323,0.08768512583774385,0.014707113098464397,completed
17.5M,1.0,8,1008,True,True,6514.66650130297,7.999999999999874,800,0.5024589007417576,0.11151363148018152,0.06638638012162604,0.10664347417100169,0.029375950739777057,completed
17.5M,1.0,9,1009,True,True,6053.573638794717,7.999999999999874,800,0.331662337315015,0.14682908657286736,0.11257559922006215,0.10533418450896163,0.004625401746708668,completed
17.5M,1.0,10,1010,True,True,6176.395448650403,7.999999999999874,800,0.4909790488349225,0.12625785677336007,0.07020797813568297,0.10507637226919214,0.01438277766972118,completed
17.5M,1.0,11,1011,True,True,6722.734294401758,7.999999999999874,800,0.5107004193815369,0.0816860863028079,0.05639159027647724,0.029693425860799462,0.0019547643056925246,completed
17.5M,1.0,12,1012,True,True,6297.47388100264,7.999999999999874,800,0.5987078390001513,0.10561149447686526,0.0569658344229267,0.02420323779862866,0.0032715953880775306,completed
17.5M,1.0,13,1013,True,True,6735.26857193413,7.999999999999874,800,0.43830950619917997,0.09614452536026404,0.07275621410154166,0.034404398425751985,0.005235787076670384,completed
17.5M,1.0,14,1014,True,True,6647.2294458765,7.999999999999874,800,0.5976030626721145,0.0853765438468127,0.0567306573861756,0.08684687016958272,0.02581754575695583,completed
17.5M,1.0,15,1015,True,True,6729.513338288114,7.999999999999874,800,0.7920224709198893,0.0965851979492895,0.041314267268707815,0.020298684502252865,0.013143116914017261,completed
17.5M,1.0,16,1016,True,True,6483.807568131237,7.999999999999874,800,0.5333271188649716,0.10399517483817204,0.06904489171715847,0.11835951554549988,0.021244437658541226,completed
17.5M,1.0,17,1017,True,True,6137.872878818796,7.999999999999874,800,0.6121506607248399,0.14059562823397792,0.06748262523510722,0.045733672928679275,0.02147655614604682,completed
17.5M,1.0,18,1018,True,True,6204.599911747191,7.999999999999874,800,0.392013786976823,0.12829756596268513,0.08583051707115952,0.03373646403689453,0.007484056640588488,completed
17.5M,1.0,19,1019,True,False,369.88156286778093,0.9800000000000006,98,0.043752839681838566,0.5514828174241411,0.80461739156802,0.7316744186500621,1.1562472080018773,ground_crash
17.5M,1.0,20,1020,True,True,6271.382511115266,7.999999999999874,800,0.5419683854944394,0.129954019194957,0.07593850733077724,0.08220509297722542,0.025020747276293553,completed
17.5M,1.0,21,1021,True,True,6737.2592714094335,7.999999999999874,800,0.2350479809401036,0.10852652581598975,0.13265713897391013,0.04880830161870579,0.029409810670437464,completed
17.5M,1.0,22,1022,True,True,5936.747511091783,7.999999999999874,800,0.6973087020784327,0.15357454884729715,0.06453726151844719,0.06422558972365384,0.009784635456415947,completed
17.5M,1.0,23,1023,True,True,6970.473605411233,7.999999999999874,800,0.7812762110800157,0.06120171754874031,0.034344843141157544,0.020607449649946985,0.0005688473362137625,completed
17.5M,1.0,24,1024,True,True,6891.690948533093,7.999999999999874,800,0.7045855064548718,0.042211714811621205,0.040760836445333036,0.04585015374221753,0.009515549931752743,completed
18.0M,0.65,0,1000,True,True,6968.67334653082,7.999999999999874,800,0.7456461536386784,0.0642439347940601,0.039871881265152294,0.029035037958153532,0.010018319081042781,completed
18.0M,0.65,1,1001,True,True,6826.713549662704,7.999999999999874,800,0.6466658975834056,0.05160940848845916,0.04117700779182715,0.0696968478619671,0.0014698932219257,completed
18.0M,0.65,2,1002,True,True,6754.435368500983,7.999999999999874,800,0.600694587076068,0.052943206693299,0.04597535828629275,0.01153941405561138,0.0061152105209258956,completed
18.0M,0.65,3,1003,True,True,6944.0898753459405,7.999999999999874,800,0.5425586468018463,0.050510010199720054,0.05140400049304082,0.0401710465097687,0.006823475888953379,completed
18.0M,0.65,4,1004,True,True,6678.22651481627,7.999999999999874,800,0.5361635215055053,0.07679786024441092,0.06269552241156841,0.030081278501757288,0.004679547288139352,completed
18.0M,0.65,5,1005,True,True,6948.066846297493,7.999999999999874,800,0.654497246564774,0.05292824278489187,0.037188809706295914,0.0697344749322587,0.005804207254723304,completed
18.0M,0.65,6,1006,True,True,6821.3326894380725,7.999999999999874,800,0.7001560883705827,0.046419350403892626,0.037202361692426064,0.025469566152290915,0.0009636908080439266,completed
18.0M,0.65,7,1007,True,True,6891.538236347639,7.999999999999874,800,0.6291987822890598,0.06802486274075976,0.0447539667776998,0.03515269042889916,0.006727601952070117,completed
18.0M,0.65,8,1008,True,True,6930.201443766021,7.999999999999874,800,0.6162040068840978,0.057998336788575335,0.043411485606507844,0.09129270073825087,0.019882768127341466,completed
18.0M,0.65,9,1009,True,True,6740.9483391319945,7.999999999999874,800,0.5277409185152047,0.06353525363070922,0.05252688746434675,0.053268206320033415,0.007890017627506074,completed
18.0M,0.65,10,1010,True,True,6651.355820988899,7.999999999999874,800,0.6441378118230703,0.08021876718771159,0.04657160988670974,0.0594908595968815,0.014269072711634356,completed
18.0M,0.65,11,1011,True,True,6952.774839229829,7.999999999999874,800,0.6198456396880748,0.05193229054023495,0.03961713311265547,0.08177129351708952,0.017542616449335524,completed
18.0M,0.65,12,1012,True,True,6802.138529225047,7.999999999999874,800,0.7169561037703894,0.06915925236031042,0.04224182788076356,0.014779196495728964,0.002675828231950117,completed
18.0M,0.65,13,1013,True,True,6876.5038254198125,7.999999999999874,800,0.606144884932371,0.07361077564195784,0.045793300395652804,0.016204443062804545,0.0017526847874544949,completed
18.0M,0.65,14,1014,True,True,6733.95778882161,7.999999999999874,800,0.693504665699043,0.07046980972211847,0.04747235442397818,0.01472202026865012,0.007308867351689896,completed
18.0M,0.65,15,1015,True,True,6844.513109222415,7.999999999999874,800,0.8401654117716071,0.07283697602982948,0.035150166029879235,0.020052010045722542,0.013157685194591595,completed
18.0M,0.65,16,1016,True,True,6864.93716018844,7.999999999999874,800,0.7603902733765799,0.06075612985531427,0.036691178315009385,0.05637649433488095,0.011501448130480485,completed
18.0M,0.65,17,1017,True,True,6689.850432821339,7.999999999999874,800,0.6855414631072358,0.08094430202580961,0.04911971720987565,0.06642908456228981,0.01956178690629473,completed
18.0M,0.65,18,1018,True,True,6673.383129545954,7.999999999999874,800,0.5918487847645831,0.08408806768855713,0.05156802814433636,0.007926506961224135,0.0028654341018952145,completed
18.0M,0.65,19,1019,True,True,7058.156146609612,7.999999999999874,800,0.5941038598185996,0.04433691730738686,0.04404322092425678,0.03954902735951587,0.008051282385264091,completed
18.0M,0.65,20,1020,True,True,6760.174111443322,7.999999999999874,800,0.6925172723670143,0.06849644062884865,0.03729166534957207,0.07093242136294024,0.0057423359164310295,completed
18.0M,0.65,21,1021,True,True,6995.952748533082,7.999999999999874,800,0.5499566113844407,0.045788393248534634,0.059154791867617545,0.03165471994451854,0.010575040649468681,completed
18.0M,0.65,22,1022,True,True,6677.058923015217,7.999999999999874,800,0.764458465691603,0.06861712094244651,0.03248042732485346,0.06420386392697962,0.008286397662767175,completed
18.0M,0.65,23,1023,True,True,6919.956616537232,7.999999999999874,800,0.7931524841789377,0.06306430482125407,0.03301925902601962,0.03914593326007306,0.0030176437481064244,completed
18.0M,0.65,24,1024,True,True,6797.563656415983,7.999999999999874,800,0.750685642722568,0.05226330417162786,0.03560465133426271,0.03693301375258357,0.018214574189024724,completed
18.0M,0.8,0,1000,True,True,6996.374478629841,7.999999999999874,800,0.7228366665557543,0.05555179492924251,0.04127950311756025,0.03637657548082777,0.016837337822075416,completed
18.0M,0.8,1,1001,True,True,6526.298568371177,7.999999999999874,800,0.562154652556631,0.08382473886117109,0.06386717329599291,0.03775901369585143,0.0157141069373381,completed
18.0M,0.8,2,1002,True,True,6717.944365445454,7.999999999999874,800,0.530500017554867,0.053437681030914445,0.052830384408027564,0.04358208386713318,0.009664032782032095,completed
18.0M,0.8,3,1003,True,True,6913.78386166193,7.999999999999874,800,0.4585442609805025,0.05204257591870526,0.061682980383556185,0.029705358509121274,0.0011085431242088273,completed
18.0M,0.8,4,1004,True,True,6073.039896101397,7.999999999999874,800,0.27849968070796594,0.1423984591585021,0.12293310561903256,0.12987364899643325,0.049134068155978206,completed
18.0M,0.8,5,1005,True,True,6654.155919096559,7.999999999999874,800,0.6349112645186534,0.08350647442982938,0.04654380069161409,0.06057794300759404,0.01725227041656474,completed
18.0M,0.8,6,1006,True,True,6822.3896111845825,7.999999999999874,800,0.6561205672393439,0.04024720981383746,0.038428790736540056,0.06789608450314435,0.009208152003791437,completed
18.0M,0.8,7,1007,True,True,6871.567570617053,7.999999999999874,800,0.5741324173606593,0.06412538584022277,0.049562570116753496,0.01887465638125923,0.003446428545512914,completed
18.0M,0.8,8,1008,True,True,6521.867457118876,7.999999999999874,800,0.5816179244058947,0.11039386316950155,0.05861685443443373,0.10437706735171143,0.01388832443665633,completed
18.0M,0.8,9,1009,True,True,6312.994451305961,7.999999999999874,800,0.4621290535359414,0.11096826546555431,0.07970359644261849,0.04973390455153337,0.01948529789190423,completed
18.0M,0.8,10,1010,True,True,6217.195735689208,7.999999999999874,800,0.5823640088137735,0.12213867536809798,0.06031282744055844,0.06206404703009387,0.008435802666330483,completed
18.0M,0.8,11,1011,True,True,6824.668233982821,7.999999999999874,800,0.574171570998728,0.07432451177874119,0.0453379325955388,0.06546310023210783,0.0022910553845552073,completed
18.0M,0.8,12,1012,True,True,6269.533942510938,7.999999999999874,800,0.6678018975234177,0.1180870487774747,0.049276531502987886,0.19927685240536663,0.03788122659085991,completed
18.0M,0.8,13,1013,True,True,6766.732059834585,7.999999999999874,800,0.5323038235498246,0.08906819344876565,0.05809972293070794,0.028350736158791804,0.0055186501049526715,completed
18.0M,0.8,14,1014,True,True,6771.172338762508,7.999999999999874,800,0.6564995823624018,0.07042649074692013,0.04885470029915301,0.0745792286868862,0.018044425357007343,completed
18.0M,0.8,15,1015,True,True,6829.893507649607,7.999999999999874,800,0.8215761070281539,0.0821944570309623,0.03468435595925433,0.08591705158790207,0.02377066016711038,completed
18.0M,0.8,16,1016,True,True,6749.839977002175,7.999999999999874,800,0.7136128913500558,0.06832067323439941,0.04011379377912557,0.10502372744240478,0.01871054850151843,completed
18.0M,0.8,17,1017,True,True,6085.2601019104395,7.999999999999874,800,0.666417563972914,0.14080015409672622,0.062235997478324756,0.11404605734564388,0.05977570715717451,completed
18.0M,0.8,18,1018,True,True,6326.674149639213,7.999999999999874,800,0.5104835751264598,0.1107552970887066,0.06974542494092316,0.016892902141003002,0.003731600386300604,completed
18.0M,0.8,19,1019,True,True,6592.8030894895755,7.999999999999874,800,0.5279225581185923,0.10950339483486961,0.06204592684016989,0.04798325341629825,0.0060628074402349075,completed
18.0M,0.8,20,1020,True,True,6295.887510550131,7.999999999999874,800,0.6278066154743729,0.11485200862506868,0.05513630189487133,0.039440876827796414,0.0031444361558987666,completed
18.0M,0.8,21,1021,True,True,6903.7076736710405,7.999999999999874,800,0.4379630357324545,0.059183943225682906,0.08401231230261505,0.025734864629057285,0.02425321386502466,completed
18.0M,0.8,22,1022,True,True,5946.715836375466,7.999999999999874,800,0.733766654237691,0.15389887433701074,0.048868155127796645,0.08658576199397178,0.00065464254938985,completed
18.0M,0.8,23,1023,True,True,6954.135632233581,7.999999999999874,800,0.7830343565399859,0.05977426853815953,0.03291273688334782,0.028488627967141366,0.005712820115169492,completed
18.0M,0.8,24,1024,True,True,6875.612702174279,7.999999999999874,800,0.7406670246167342,0.04252028135294124,0.03635370146432653,0.056756243415332884,0.01072659930579678,completed
18.0M,1.0,0,1000,True,True,6941.0944279976575,7.999999999999874,800,0.6886410445674392,0.07059731184333741,0.050452105621722365,0.07324876826248955,0.02746311659716838,completed
18.0M,1.0,1,1001,True,True,6481.910436467533,7.999999999999874,800,0.45466259020681093,0.09139862774319192,0.08548061000997115,0.07170760339539707,0.04980287503463088,completed
18.0M,1.0,2,1002,True,True,6680.611196544814,7.999999999999874,800,0.4476173269245761,0.06157853031997394,0.06676381985037985,0.006311417771446778,0.0025613573462248684,completed
18.0M,1.0,3,1003,True,True,6726.490794863912,7.999999999999874,800,0.31836528385477275,0.07865455966395152,0.08895845426591606,0.03495403872976106,0.003388584011954965,completed
18.0M,1.0,4,1004,True,False,390.6836380388927,0.8400000000000005,84,0.01914698894562022,0.17900831981004975,0.7799798844684457,0.17758035146396223,1.1808530587380957,ground_crash
18.0M,1.0,5,1005,True,True,6613.965132013127,7.999999999999874,800,0.5619142991527087,0.08587208042739992,0.05644373175972173,0.03127896978593163,0.0008029111707916758,completed
18.0M,1.0,6,1006,True,True,6712.846647656239,7.999999999999874,800,0.6190736364417243,0.06138383038016338,0.043877659936918494,0.06079523346126296,0.01088100653868751,completed
18.0M,1.0,7,1007,True,True,6836.914325873124,7.999999999999874,800,0.49046245205632943,0.07077272757029582,0.05927068045026059,0.06798383958447576,0.009802703659810286,completed
18.0M,1.0,8,1008,True,True,6538.168116366575,7.999999999999874,800,0.5033124768517331,0.11049665598974291,0.06689812923745021,0.08252124957416081,0.02260552837505747,completed
18.0M,1.0,9,1009,True,True,6140.560310717203,7.999999999999874,800,0.3489298279231303,0.13982149819921366,0.10363448787434293,0.059148381392395845,0.0519052866340064,completed
18.0M,1.0,10,1010,True,True,6243.059934964465,7.999999999999874,800,0.4817656929035388,0.12209852976436773,0.07171802848756274,0.05309558661412931,0.0074936314432532125,completed
18.0M,1.0,11,1011,True,True,6717.840696467084,7.999999999999874,800,0.5008484009072683,0.08999011260333743,0.05702591571591012,0.019223616907056474,0.0024796523459618136,completed
18.0M,1.0,12,1012,True,True,6169.087022538313,7.999999999999874,800,0.5857956278851304,0.11508184699493745,0.05863901991113641,0.24626401877536888,0.04161503470304306,completed
18.0M,1.0,13,1013,True,True,6695.8249377149195,7.999999999999874,800,0.41933668321109563,0.1011499397120204,0.0757459737396616,0.0512604677551724,0.00687714939062678,completed
18.0M,1.0,14,1014,True,True,6601.920718277622,7.999999999999874,800,0.5990098345327666,0.09293430712383054,0.055646067518857555,0.0871551786906155,0.02040705656039754,completed
18.0M,1.0,15,1015,True,True,6783.654115919683,7.999999999999874,800,0.7899317831614491,0.08360932167388567,0.038445238603434115,0.0539387993606919,0.00547339663885138,completed
18.0M,1.0,16,1016,True,True,6607.050645644892,7.999999999999874,800,0.5680655406912433,0.0845159821565827,0.06055305884130433,0.08131192486747726,0.0006994914584566025,completed
18.0M,1.0,17,1017,True,True,6217.218948632063,7.999999999999874,800,0.6122701306576014,0.1319786934556019,0.06585141195667618,0.07246346104759277,0.0015926012563773906,completed
18.0M,1.0,18,1018,True,True,6258.250392292526,7.999999999999874,800,0.3918392477820174,0.12224108615829554,0.08276884205260526,0.09509711016346444,0.023698798949501443,completed
18.0M,1.0,19,1019,True,False,616.1930837847601,1.5600000000000012,156,0.04713783144709578,0.7868761741670557,0.8706355184889308,2.1788783924313866,1.15286221623662,ground_crash
18.0M,1.0,20,1020,True,True,6335.936755222222,7.999999999999874,800,0.549955900160479,0.11309076841619337,0.06818406446619377,0.011525120381738039,0.035006686359717376,completed
18.0M,1.0,21,1021,True,True,6685.582155856199,7.999999999999874,800,0.2410822512553794,0.10690821656350816,0.12971411610888006,0.059619947693037564,0.033915879703031226,completed
18.0M,1.0,22,1022,True,True,6040.623835162198,7.999999999999874,800,0.6980912521972166,0.13185753742176873,0.05411413246817225,0.08400076460966997,0.03274240501403303,completed
18.0M,1.0,23,1023,True,True,6902.546645609244,7.999999999999874,800,0.7749856365583887,0.07094383031683633,0.03610065295435185,0.025657762506731466,0.0032250924939518644,completed
18.0M,1.0,24,1024,True,True,6815.038840632273,7.999999999999874,800,0.6953191733259805,0.05459300017302909,0.04289828892542669,0.03200048529874943,0.012272880134403863,completed
18.5M,0.65,0,1000,True,True,6956.346488102133,7.999999999999874,800,0.7527365934113677,0.06092291492224525,0.037883597199940465,0.02841890323228841,0.013675360281504068,completed
18.5M,0.65,1,1001,True,True,6626.050454969528,7.999999999999874,800,0.6421912061863125,0.09329743926865439,0.04233767242963717,0.061283799061219855,0.0053893155242084045,completed
18.5M,0.65,2,1002,True,True,6645.075542266079,7.999999999999874,800,0.6007047821743685,0.07737603495716616,0.046099634748657345,0.039296759267586384,0.010642499885876733,completed
18.5M,0.65,3,1003,True,True,6982.317009263622,7.999999999999874,800,0.5480619950672307,0.0502858239164362,0.04974042313510431,0.061056249919707796,0.0072492107614123835,completed
18.5M,0.65,4,1004,True,True,6717.736615591849,7.999999999999874,800,0.5406161145863039,0.07260866841668097,0.06206105402593013,0.03302582510534372,0.0030319368998255047,completed
18.5M,0.65,5,1005,True,True,6999.231990109611,7.999999999999874,800,0.6656392438918606,0.05406749651271134,0.037602191651600746,0.05850690272966071,0.00836115766161738,completed
18.5M,0.65,6,1006,True,True,6689.122846485077,7.999999999999874,800,0.6983472207257633,0.07083069482227157,0.03662832774781613,0.050660886361054876,0.006851952741773193,completed
18.5M,0.65,7,1007,True,True,6902.658449171948,7.999999999999874,800,0.6346127449578826,0.057477073612106334,0.04329344480596615,0.036298688336363696,0.006358009176821167,completed
18.5M,0.65,8,1008,True,True,6877.009676414006,7.999999999999874,800,0.6118646622744738,0.06972616338420795,0.04450480690786096,0.0675486598475168,0.016262108379384355,completed
18.5M,0.65,9,1009,True,True,6653.445345442481,7.999999999999874,800,0.5444657612336998,0.08433726887440321,0.0598191249266339,0.03521167144766291,0.006221798161726522,completed
18.5M,0.65,10,1010,True,True,6625.793116946975,7.999999999999874,800,0.6505640964369612,0.08357017494809835,0.04919100148208708,0.001085671432405509,0.004207943518458546,completed
18.5M,0.65,11,1011,True,True,6945.639509210083,7.999999999999874,800,0.6227541195025764,0.046839726975187165,0.041784649262955394,0.02564434681970705,0.0018294164139529556,completed
18.5M,0.65,12,1012,True,True,6729.303767332407,7.999999999999874,800,0.7227007993592233,0.08106192768557305,0.04205590987221635,0.11270139390700575,0.02392791611923628,completed
18.5M,0.65,13,1013,True,True,7064.499920722779,7.999999999999874,800,0.62478036875976,0.04712379268776135,0.04243093929598285,0.04849993337913816,0.012010225141694031,completed
18.5M,0.65,14,1014,True,True,6698.93941384779,7.999999999999874,800,0.6905329446422647,0.07745721562183829,0.043967746637263876,0.0686702003471467,0.02536470425978976,completed
18.5M,0.65,15,1015,True,True,6732.082519295894,7.999999999999874,800,0.8389763697780366,0.08224056566609858,0.03140729890220186,0.018968128455117552,0.02167620646239654,completed
18.5M,0.65,16,1016,True,True,6865.442279457121,7.999999999999874,800,0.7610703701538913,0.05850207435294901,0.036758717736165354,0.07342069107106045,0.002423426149300578,completed
18.5M,0.65,17,1017,True,True,6707.349396016013,7.999999999999874,800,0.6831442142212424,0.08763815350184363,0.05149885696078395,0.10524135413198206,0.026049709780149755,completed
18.5M,0.65,18,1018,True,True,6629.6427034625485,7.999999999999874,800,0.5954872892186013,0.08439129130445151,0.05005686693949961,0.023598999759792412,0.010616173899550052,completed
18.5M,0.65,19,1019,True,True,6913.745883869746,7.999999999999874,800,0.591592466219644,0.07547864055282506,0.04678707768775486,0.05158541517928248,0.009918334543961738,completed
18.5M,0.65,20,1020,True,True,6837.609271429729,7.999999999999874,800,0.7151145748771696,0.06466926010775541,0.03608505687412638,0.08421992882400517,0.0025946145691488898,completed
18.5M,0.65,21,1021,True,True,7012.474598367467,7.999999999999874,800,0.5609763533997775,0.03785349078807373,0.06041264803479541,0.02079334308785108,0.010889565432063986,completed
18.5M,0.65,22,1022,True,True,6808.927580085051,7.999999999999874,800,0.7744345107015929,0.04572915833066689,0.030256655495416084,0.019302193966686695,0.007536536103879943,completed
18.5M,0.65,23,1023,True,True,6941.77160468363,7.999999999999874,800,0.8039599400963006,0.06689190008716206,0.03215520200639752,0.011783786954129644,0.009271787679369314,completed
18.5M,0.65,24,1024,True,True,6854.2919489202895,7.999999999999874,800,0.7490082664923806,0.05258195131769815,0.03794204728493774,0.03657920849215879,0.005262483994224576,completed
18.5M,0.8,0,1000,True,True,6963.631128518009,7.999999999999874,800,0.7273128875485946,0.06892331597296819,0.04339438650136269,0.05614118862094442,0.0206348348049068,completed
18.5M,0.8,1,1001,True,True,6391.92801860299,7.999999999999874,800,0.5565972604144467,0.10624570544456245,0.0687980156827724,0.09520902476246813,0.02718049988933524,completed
18.5M,0.8,2,1002,True,True,6632.948590624635,7.999999999999874,800,0.5376451353500731,0.07083069704315773,0.054334819163324076,0.01767861662363145,0.004536565664881254,completed
18.5M,0.8,3,1003,True,True,6949.338632035716,7.999999999999874,800,0.46230911714037315,0.05458890303507169,0.06336115615034586,0.04802260116075804,0.00939384327538928,completed
18.5M,0.8,4,1004,True,True,6242.093945991226,7.999999999999874,800,0.2825941751530243,0.12597251316369423,0.12392552917863879,0.06149731252419046,0.038138275414149936,completed
18.5M,0.8,5,1005,True,True,6628.340780140969,7.999999999999874,800,0.645580715095163,0.08106822007110423,0.045892227139118204,0.04557654191272826,0.010038997982506848,completed
18.5M,0.8,6,1006,True,True,6614.066723978016,7.999999999999874,800,0.6652730188775449,0.08449043947986293,0.03919411807014403,0.06488133386375039,0.00986051436553459,completed
18.5M,0.8,7,1007,True,True,6992.258382573277,7.999999999999874,800,0.5810654750773239,0.04970949500731644,0.04734680907332796,0.04081866706504706,0.005158633664704926,completed
18.5M,0.8,8,1008,True,True,6449.34024757082,7.999999999999874,800,0.5745691818492125,0.1265412252598585,0.0574922195093265,0.09669982065006573,0.02241941768049327,completed
18.5M,0.8,9,1009,True,True,6285.566899547628,7.999999999999874,800,0.4728078576308525,0.11819764128760728,0.084536220089267,0.042646067443299476,0.007816447763970169,completed
18.5M,0.8,10,1010,True,True,6189.8533898588685,7.999999999999874,800,0.5893775861860258,0.12518760275576982,0.05998084631493516,0.07313587977983635,0.0022576033479131397,completed
18.5M,0.8,11,1011,True,True,6960.244978246796,7.999999999999874,800,0.5801701699534466,0.043025605148736504,0.046123419229054635,0.01890657816998337,0.0037126977615515866,completed
18.5M,0.8,12,1012,True,True,6364.428851487166,7.999999999999874,800,0.66639030286219,0.10428023121995546,0.04714469545478564,0.0935551760503338,0.011332015485187918,completed
18.5M,0.8,13,1013,True,True,6984.191571379395,7.999999999999874,800,0.5452896789561967,0.05526871103899608,0.05532062125159688,0.028165590750632886,0.00424344864791637,completed
18.5M,0.8,14,1014,True,True,6766.241978196226,7.999999999999874,800,0.6613158922365894,0.07892376706529727,0.04850678695280667,0.0748557869881733,0.01900067397181182,completed
18.5M,0.8,15,1015,True,True,6636.565889098569,7.999999999999874,800,0.8204833334469291,0.10450461101759347,0.0365448576618731,0.019329911045173828,0.014514771242958746,completed
18.5M,0.8,16,1016,True,True,6774.457097314963,7.999999999999874,800,0.7037003899497433,0.06497034831861964,0.04158216647902885,0.09250612588521188,0.011636837022757085,completed
18.5M,0.8,17,1017,True,True,6254.505776544361,7.999999999999874,800,0.6689061460725096,0.1288477249226374,0.05941652789521064,0.05369676506371679,0.024774157153817145,completed
18.5M,0.8,18,1018,True,True,6309.624000373995,7.999999999999874,800,0.5187691966457515,0.12077432921726983,0.06941046334167368,0.10378579308589388,0.017272213485139964,completed
18.5M,0.8,19,1019,True,True,6242.8218328077255,7.999999999999874,800,0.494034316199757,0.1590032624604294,0.07202610267230498,0.054060385081663664,0.008414588506760134,completed
18.5M,0.8,20,1020,True,True,6522.818879208328,7.999999999999874,800,0.6358647930602871,0.08134743013326995,0.05278968808508056,0.04333536413787196,0.019853294986175607,completed
18.5M,0.8,21,1021,True,True,6894.518320635185,7.999999999999874,800,0.450209762629742,0.04950275004051805,0.0824485647974378,0.05372684942590418,0.026464362108140183,completed
18.5M,0.8,22,1022,True,True,6254.290004874492,7.999999999999874,800,0.750628519798177,0.11155397959987418,0.04080697870395643,0.03811107236534918,0.03411646922301692,completed
18.5M,0.8,23,1023,True,True,6900.125809926347,7.999999999999874,800,0.797005828018322,0.07092040791430913,0.032035804177856744,0.008888642626379784,0.013003064938657882,completed
18.5M,0.8,24,1024,True,True,6871.106783103187,7.999999999999874,800,0.7537210079362795,0.03710910916919287,0.03422284707334824,0.03297740173096204,0.0025216908096694635,completed
18.5M,1.0,0,1000,True,True,6814.528950221274,7.999999999999874,800,0.689294586309652,0.08292322774161712,0.04930121944520303,0.010921438890165348,0.006427826677761095,completed
18.5M,1.0,1,1001,True,True,6360.393674064989,7.999999999999874,800,0.44853656605405,0.11567023243977412,0.09417196704757341,0.0803112914622814,0.037647025817363566,completed
18.5M,1.0,2,1002,True,True,6552.207986597695,7.999999999999874,800,0.44448734273221635,0.09218380172823878,0.07042204703880622,0.032755962545622144,0.010662620309479065,completed
18.5M,1.0,3,1003,True,True,6877.328188697239,7.999999999999874,800,0.32783142816412264,0.06338610625535515,0.08771809917696448,0.07350745757468247,0.002571117540475454,completed
18.5M,1.0,4,1004,True,False,360.92135264056634,0.8000000000000005,80,0.02841751597743316,0.2308134498797944,0.7579424140257911,0.30112820628152676,1.1715825317062827,ground_crash
18.5M,1.0,5,1005,True,True,6571.339794367947,7.999999999999874,800,0.5718297068507137,0.09565839206193213,0.05554793299261799,0.042038175294101005,0.0033619025519513457,completed
18.5M,1.0,6,1006,True,True,6495.638942273966,7.999999999999874,800,0.6123540340915358,0.0988483301053575,0.044527300519481824,0.02854984607299477,0.008502930606953507,completed
18.5M,1.0,7,1007,True,True,6948.346758070523,7.999999999999874,800,0.49767382235131574,0.05575242994199619,0.05758971970702489,0.08288584338410797,0.014751033408845649,completed
18.5M,1.0,8,1008,True,True,6360.2717090014985,7.999999999999874,800,0.5012736345979488,0.1518862835672121,0.06895832839267259,0.1265547896105004,0.03479701286880377,completed
18.5M,1.0,9,1009,True,True,6317.428904124617,7.999999999999874,800,0.3435013004426656,0.11489038652552007,0.10783135056615871,0.019557877208006974,0.02646987235774767,completed
18.5M,1.0,10,1010,True,True,6210.467108067315,7.999999999999874,800,0.49298805987723726,0.1302552794185041,0.07252036824881905,0.06303407382457651,0.004589744865598933,completed
18.5M,1.0,11,1011,True,True,6813.69725202701,7.999999999999874,800,0.5111009028902488,0.06525493004316958,0.05795779623844838,0.00840188121983579,0.0023760730803348284,completed
18.5M,1.0,12,1012,True,True,6110.767595605695,7.999999999999874,800,0.5691855823611215,0.126863531144307,0.06398542142511329,0.05818349832126555,0.006188249563067849,completed
18.5M,1.0,13,1013,True,True,6902.09803337898,7.999999999999874,800,0.4411684379192713,0.06939136043111957,0.07271483733945473,0.02305027333237948,0.0050972019861319495,completed
18.5M,1.0,14,1014,True,True,6554.177136274355,7.999999999999874,800,0.599473929659779,0.11581922127758675,0.06013600415420929,0.06511547508611822,0.02688601261046486,completed
18.5M,1.0,15,1015,True,True,6632.48235093765,7.999999999999874,800,0.7826654637866796,0.10701223636838221,0.03969612015278798,0.04691000319661609,0.013702623832880567,completed
18.5M,1.0,16,1016,True,True,6631.735498866555,7.999999999999874,800,0.5256800741319715,0.08847841260289965,0.06975778902059672,0.07552524425586912,0.0019663177884028382,completed
18.5M,1.0,17,1017,True,True,6077.335736794776,7.999999999999874,800,0.6212456904825011,0.14627064132222392,0.059799343821127095,0.1838976453881942,0.01518968090652928,completed
18.5M,1.0,18,1018,True,True,6284.912857444547,7.999999999999874,800,0.398494642358177,0.1231922904534191,0.08456869264060948,0.0703377215297166,0.0027475203186198005,completed
18.5M,1.0,19,1019,True,False,658.1443907369146,1.6900000000000013,169,0.029402279370315303,0.6113602163851457,0.9261984939903641,1.0265247722366033,1.1705977683134006,ground_crash
18.5M,1.0,20,1020,True,True,6471.883459403599,7.999999999999874,800,0.5504418900492046,0.08547170916032865,0.07239112126770511,0.06544648062946741,0.04147119392325904,completed
18.5M,1.0,21,1021,True,True,6772.265759237336,7.999999999999874,800,0.25287986680892277,0.07161974777386361,0.12600780864926014,0.03129551873650679,0.03034331538811963,completed
18.5M,1.0,22,1022,True,True,6220.93739525386,7.999999999999874,800,0.7088337390496843,0.10569412328213121,0.05329196524855968,0.058381699374972375,0.00833051306208965,completed
18.5M,1.0,23,1023,True,True,6832.281520281799,7.999999999999874,800,0.7824089493574471,0.08439257408749722,0.033801154519839,0.01917901878015587,0.005039106899234147,completed
18.5M,1.0,24,1024,True,True,6859.526760294081,7.999999999999874,800,0.7001572023276832,0.04265038431777267,0.040483691124096596,0.05167546129319678,0.010385674834953118,completed
19.0M,0.65,0,1000,True,True,7027.9423639520755,7.999999999999874,800,0.7520841231632361,0.062452696246010055,0.036419574896391436,0.04973522803860719,0.012685195545186545,completed
19.0M,0.65,1,1001,True,True,6736.644001356034,7.999999999999874,800,0.6542977628163079,0.07472781638939181,0.04449360833597618,0.04654329756914211,0.01547957394065147,completed
19.0M,0.65,2,1002,True,True,6725.8883516070455,7.999999999999874,800,0.6026472443860835,0.06663894335690004,0.04281338919163607,0.005920070439645958,0.00839406420954436,completed
19.0M,0.65,3,1003,True,True,7019.655254781069,7.999999999999874,800,0.5524572566439736,0.04523410556248293,0.05019162586790393,0.049090385802829005,0.0013951010066060032,completed
19.0M,0.65,4,1004,True,True,6788.972758686958,7.999999999999874,800,0.49620619684188866,0.06035574161755668,0.06986853278815604,0.023985379372615287,0.01081931383732293,completed
19.0M,0.65,5,1005,True,True,7035.345057315937,7.999999999999874,800,0.6640397825644239,0.04701161739560135,0.03450561146884441,0.04892335110964953,0.0018423949949970542,completed
19.0M,0.65,6,1006,True,True,6819.362434274847,7.999999999999874,800,0.7077207122236103,0.05936133440421895,0.034823386735149266,0.06527594896098177,0.010343594064804007,completed
19.0M,0.65,7,1007,True,True,6862.205482263111,7.999999999999874,800,0.637536805887649,0.07267978563669247,0.04595218207453194,0.0530872310216955,0.01016217162653188,completed
19.0M,0.65,8,1008,True,True,6952.726287376801,7.999999999999874,800,0.6164391759411928,0.06260075665824794,0.03952123353691849,0.05772220266224338,0.007739664564599069,completed
19.0M,0.65,9,1009,True,True,6755.953999769824,7.999999999999874,800,0.5541148451919872,0.06199688291782014,0.05489750291366779,0.03709965188769845,0.011815224553772818,completed
19.0M,0.65,10,1010,True,True,6747.0857063492,7.999999999999874,800,0.6559561173835607,0.06821686113955093,0.042567156195826766,0.033916570440941124,0.011746242403818608,completed
19.0M,0.65,11,1011,True,True,7034.579506902576,7.999999999999874,800,0.6328651215856078,0.045296091108035175,0.037920114351558454,0.047596543949709,0.009776897656758043,completed
19.0M,0.65,12,1012,True,True,6835.704321919275,7.999999999999874,800,0.7192415119060173,0.07446925462633185,0.04132949830160371,0.07280726928711874,0.017481685760674326,completed
19.0M,0.65,13,1013,True,True,7003.391968162267,7.999999999999874,800,0.6202258420874397,0.059124477369858236,0.04281483606353699,0.04239224910770326,0.007215760639713187,completed
19.0M,0.65,14,1014,True,True,6726.8155100026925,7.999999999999874,800,0.7105227262089712,0.08093477119630434,0.04177270818950615,0.07422260809955412,0.024768865161872933,completed
19.0M,0.65,15,1015,True,True,6706.789626772525,7.999999999999874,800,0.8253822770369406,0.09054931746367671,0.031186051515422267,0.019450692182367977,0.0014183934158937817,completed
19.0M,0.65,16,1016,True,True,6875.666198623342,7.999999999999874,800,0.7362937066180184,0.05219998967793896,0.035587237164311405,0.05655335557579197,0.0018581829289268104,completed
19.0M,0.65,17,1017,True,True,6746.378252568393,7.999999999999874,800,0.6925324716960293,0.07743535182256744,0.04582891862827872,0.11813431863814489,0.02728413806758434,completed
19.0M,0.65,18,1018,True,True,6723.616249809369,7.999999999999874,800,0.6016973521537055,0.0735887703530425,0.047035924096863246,0.08080469067850067,0.009253315413085383,completed
19.0M,0.65,19,1019,True,True,6941.91839074909,7.999999999999874,800,0.583879479779941,0.07515013821241193,0.04623246436833741,0.012960268508258228,0.0009703556088287435,completed
19.0M,0.65,20,1020,True,True,6865.997429816286,7.999999999999874,800,0.715145920928023,0.05296912367620702,0.03447761403904923,0.057044180698217095,0.00040034462143623273,completed
19.0M,0.65,21,1021,True,True,6980.672535118997,7.999999999999874,800,0.553326887279265,0.04437915940348334,0.06434456760390482,0.05592033455572158,0.012498027364136854,completed
19.0M,0.65,22,1022,True,True,6842.689265636954,7.999999999999874,800,0.7805428097534657,0.04275343761644196,0.03093387446796723,0.04273099636745216,0.0061411862360973846,completed
19.0M,0.65,23,1023,True,True,6940.445408607817,7.999999999999874,800,0.8097639623704875,0.07464655782906794,0.031568443992000844,0.05147752165283457,0.012012616847880686,completed
19.0M,0.65,24,1024,True,True,6883.136996518884,7.999999999999874,800,0.7815341616261866,0.05327243663540441,0.03349902500533964,0.01441859870578231,0.007594656419333212,completed
19.0M,0.8,0,1000,True,True,6968.14550624075,7.999999999999874,800,0.7259638270876541,0.06878350471444304,0.04025374382383676,0.02938592551275322,0.017079731510927232,completed
19.0M,0.8,1,1001,True,True,6366.267325303405,7.999999999999874,800,0.5470433638053729,0.10565912749846107,0.0721399042099783,0.040885237841199115,0.02204360585566878,completed
19.0M,0.8,2,1002,True,True,6745.739982062105,7.999999999999874,800,0.5387082745776398,0.0570921580624321,0.052429660285818594,0.0364794899468601,0.013810052829025476,completed
19.0M,0.8,3,1003,True,True,6990.6484505759345,7.999999999999874,800,0.4657075918064408,0.05114537870438895,0.06172361037743234,0.042086973237118894,0.0032390912709734376,completed
19.0M,0.8,4,1004,True,True,6286.281964891763,7.999999999999874,800,0.16464982455139096,0.1134789972539818,0.14473711062408512,0.04806133176837543,0.04142484700102411,completed
19.0M,0.8,5,1005,True,True,6529.29325093104,7.999999999999874,800,0.6238178196685703,0.094907349487418,0.04581271532246456,0.08659518205047954,0.0023863282835290267,completed
19.0M,0.8,6,1006,True,True,6678.115130260333,7.999999999999874,800,0.6748234235630056,0.07659015536697109,0.03630453418196997,0.014693307449469775,0.005538787968027092,completed
19.0M,0.8,7,1007,True,True,6887.111520513669,7.999999999999874,800,0.5857016793141554,0.06836094716670393,0.04986135654231171,0.06643831173094229,0.002278647149144497,completed
19.0M,0.8,8,1008,True,True,6605.73367302854,7.999999999999874,800,0.5886566198285509,0.1044582238890192,0.0531515494686321,0.07701725935542318,0.015618118220810828,completed
19.0M,0.8,9,1009,True,True,6389.024238651384,7.999999999999874,800,0.4746394305176416,0.09936939140424626,0.07658980066285653,0.032226162048293074,0.015286386786214967,completed
19.0M,0.8,10,1010,True,True,6155.766434277577,7.999999999999874,800,0.5862582338128733,0.13379725709324788,0.058750418116464455,0.044473096399956065,0.01479381794857404,completed
19.0M,0.8,11,1011,True,True,6930.2827954388395,7.999999999999874,800,0.5857108539042147,0.055473152036248814,0.04381520628034367,0.025871831092112114,0.0052861397590744374,completed
19.0M,0.8,12,1012,True,True,6493.789435205659,7.999999999999874,800,0.6635978622057835,0.0879106812898232,0.046476524009952024,0.09480169305816974,0.024245578687455582,completed
19.0M,0.8,13,1013,True,True,6992.308305041426,7.999999999999874,800,0.5418890995761999,0.05276576410505398,0.05397980691883339,0.02756727505167423,0.005030042529712508,completed
19.0M,0.8,14,1014,True,True,6695.583629792888,7.999999999999874,800,0.6664631893238642,0.08811252355302052,0.04692708979164851,0.03430740800441685,0.019051834016790004,completed
19.0M,0.8,15,1015,True,True,6733.854455462288,7.999999999999874,800,0.8023951657894042,0.09178870270615336,0.03495406063450681,0.036623506841768655,0.027553140549901656,completed
19.0M,0.8,16,1016,True,True,6888.637556010449,7.999999999999874,800,0.6436893926809704,0.047546056614020234,0.04586264306588401,0.08812862060019679,0.00366399758381708,completed
19.0M,0.8,17,1017,True,True,6232.830211372749,7.999999999999874,800,0.6699370493440656,0.12682928396990317,0.05415436411880327,0.24074281508590853,0.027320554509060235,completed
19.0M,0.8,18,1018,True,True,6486.617369772387,7.999999999999874,800,0.5116756603534036,0.0801427545182252,0.06187592579129925,0.08979645453220379,0.01809637128025554,completed
19.0M,0.8,19,1019,True,False,500.94029675627337,1.290000000000001,129,0.04612629645006006,0.4022260067504244,0.7333850307400509,0.15327226353968423,1.1538737512336557,ground_crash
19.0M,0.8,20,1020,True,True,6449.185184053146,7.999999999999874,800,0.6406555754282443,0.09196897560328707,0.05222235109160879,0.021765124937415482,0.01197354114577931,completed
19.0M,0.8,21,1021,True,True,6955.949229046674,7.999999999999874,800,0.4391567152669856,0.04991420199713372,0.08844036298352663,0.0125624450425276,0.018566292537115947,completed
19.0M,0.8,22,1022,True,True,6319.744643887373,7.999999999999874,800,0.7554177966764599,0.09711389395467462,0.04089605525887424,0.018179389765065508,0.009244795299545805,completed
19.0M,0.8,23,1023,True,True,6947.269274285061,7.999999999999874,800,0.801485530408914,0.07051300572038863,0.03198703599328827,0.02496866649564194,0.004129138228188944,completed
19.0M,0.8,24,1024,True,True,6912.190846019553,7.999999999999874,800,0.7531205882788138,0.04563161696988671,0.035395689205250096,0.03052970413457596,0.012991162709930837,completed
19.0M,1.0,0,1000,True,True,6883.258961972917,7.999999999999874,800,0.6873697543704399,0.0785633180121566,0.04662888352651677,0.04819940172730029,0.01193743491188437,completed
19.0M,1.0,1,1001,True,True,6271.280246289577,7.999999999999874,800,0.4211953560283416,0.1335723583345071,0.09765321828295108,0.03529806968431134,0.03029586454665556,completed
19.0M,1.0,2,1002,True,True,6639.4425420270145,7.999999999999874,800,0.44791043425870547,0.08087039702905717,0.06881253391049845,0.02226858476619219,0.005600198789067923,completed
19.0M,1.0,3,1003,True,True,6927.058738647026,7.999999999999874,800,0.32914477865167013,0.056987455284007664,0.08487037640586251,0.04331231939241802,0.005968081604921904,completed
19.0M,1.0,4,1004,True,False,341.2830450277081,0.7900000000000005,79,0.022179733194801224,0.23433722749343905,0.7533855954845503,0.32522163347759825,1.1778203144889146,ground_crash
19.0M,1.0,5,1005,True,True,6733.00091425186,7.999999999999874,800,0.5300968157076155,0.06942510058189476,0.05526322715366416,0.028417002480714028,0.0012122133778749156,completed
19.0M,1.0,6,1006,True,True,6663.007220866278,7.999999999999874,800,0.6312206122857589,0.07778104801446867,0.042230828194444146,0.04644020943064495,0.0007759496091102047,completed
19.0M,1.0,7,1007,True,True,6871.069780476704,7.999999999999874,800,0.4985855390897381,0.07180814094806123,0.05922387071062976,0.07145965125982895,0.01206214298089825,completed
19.0M,1.0,8,1008,True,True,6547.724842679657,7.999999999999874,800,0.5032900546788324,0.1166526874951675,0.06301630955219584,0.07522639275197689,0.0192837855511494,completed
19.0M,1.0,9,1009,True,True,6530.021630532051,7.999999999999874,800,0.3513276016077306,0.08210586366497193,0.1044193965745321,0.05113648535398062,0.048943322414427115,completed
19.0M,1.0,10,1010,True,True,6349.663755970235,7.999999999999874,800,0.4860479581469314,0.10440045961084153,0.07079013720659351,0.019819387504238093,0.002955445395613987,completed
19.0M,1.0,11,1011,True,True,6910.573041386624,7.999999999999874,800,0.5130410105122247,0.05291690447370131,0.05375841985293727,0.02319253168926361,0.003509168946996155,completed
19.0M,1.0,12,1012,True,True,6239.939801899999,7.999999999999874,800,0.5751575646246407,0.11068305663870168,0.0575660272809718,0.13331457429266677,0.009051515879551664,completed
19.0M,1.0,13,1013,True,True,6892.833601716622,7.999999999999874,800,0.4257848352517397,0.06676184238929317,0.0747642796940941,0.017530679371652775,0.0037411955544277564,completed
19.0M,1.0,14,1014,True,True,6585.357938836724,7.999999999999874,800,0.6080297926694619,0.10644099852123062,0.05327796570403338,0.05932269229386689,0.020883934667646153,completed
19.0M,1.0,15,1015,True,True,6571.497527154786,7.999999999999874,800,0.7621713209114614,0.12584293710785102,0.04264684398924389,0.05540778846751257,0.01651635697376541,completed
19.0M,1.0,16,1016,True,True,6730.398575504044,7.999999999999874,800,0.5227782711674575,0.06896912780667525,0.06613884618920329,0.041893790854704994,0.013839423100428183,completed
19.0M,1.0,17,1017,True,True,6141.33333505867,7.999999999999874,800,0.6134933886564982,0.1403865988975719,0.06400779053458133,0.13039180261633354,0.040675414161115864,completed
19.0M,1.0,18,1018,True,True,6489.295647827328,7.999999999999874,800,0.38520066044095946,0.09050056332912494,0.08497559584957001,0.04112338178588492,0.0090246182767999,completed
19.0M,1.0,19,1019,True,False,417.50706295475294,1.0500000000000007,105,0.0321907017509091,0.5662303622330401,0.8471442090972016,0.6251066593353151,1.1678093459328067,ground_crash
19.0M,1.0,20,1020,True,True,6474.354916112044,7.999999999999874,800,0.5453087323490164,0.09581336810983132,0.07543187084651935,0.03881645327483972,0.030701501573519252,completed
19.0M,1.0,21,1021,True,True,6819.0385877668805,7.999999999999874,800,0.23597596553813605,0.07602747111742762,0.1347965302991018,0.04601910564592134,0.03501744492119374,completed
19.0M,1.0,22,1022,True,True,6177.256178000885,7.999999999999874,800,0.7112888485003822,0.10789827557152047,0.05295891708281592,0.11388009944265709,0.009153544858713225,completed
19.0M,1.0,23,1023,True,True,6876.924594388213,7.999999999999874,800,0.7810774400752996,0.0835371775630062,0.034494186111603695,0.025728105039772596,0.009233904453548991,completed
19.0M,1.0,24,1024,True,True,6877.997303736378,7.999999999999874,800,0.7083368815196708,0.04428538067953103,0.041357205411523254,0.046017061007492796,0.015406218546252237,completed
19.5M,0.65,0,1000,True,True,7067.571594052854,7.999999999999874,800,0.7546618219919358,0.05706088276089708,0.03776531831790968,0.030159653243630128,0.010508379213725938,completed
19.5M,0.65,1,1001,True,True,6806.741078116873,7.999999999999874,800,0.6432966739447181,0.0639329712008885,0.043335425784970794,0.03226419171315843,0.008695470788812942,completed
19.5M,0.65,2,1002,True,True,6764.032524489343,7.999999999999874,800,0.612092584499902,0.060897906880896656,0.04239149482094085,0.05741287409953441,0.005906900280884697,completed
19.5M,0.65,3,1003,True,True,6977.0706055243945,7.999999999999874,800,0.5465377467959602,0.05378527115487916,0.05167612014379908,0.050491015533368086,0.007591803413108389,completed
19.5M,0.65,4,1004,True,True,6760.784687568098,7.999999999999874,800,0.5032772563126653,0.07020228518476657,0.06552186046201196,0.016480398363270348,0.012313030030541405,completed
19.5M,0.65,5,1005,True,True,7060.141115713598,7.999999999999874,800,0.6669937109144537,0.04660605125974697,0.0367157482337534,0.05212001323887581,0.010898677717330774,completed
19.5M,0.65,6,1006,True,True,6819.063101671335,7.999999999999874,800,0.710048365890668,0.06178729572167748,0.0349053508473615,0.041135919917171256,0.008235503684718593,completed
19.5M,0.65,7,1007,True,True,6919.692736858098,7.999999999999874,800,0.6312977583832589,0.06407473406820821,0.04490731629175626,0.10459073269681524,0.015277061691780336,completed
19.5M,0.65,8,1008,True,True,6995.2567051063725,7.999999999999874,800,0.6138522869687997,0.053587634970552286,0.04077071757511921,0.05709083091097827,0.008342876347625205,completed
19.5M,0.65,9,1009,True,True,6733.550182870321,7.999999999999874,800,0.5533758508419891,0.07445230595065319,0.052829191438011805,0.08659535859762418,0.027926565741515086,completed
19.5M,0.65,10,1010,True,True,6744.645178346784,7.999999999999874,800,0.6540080031800867,0.06291715057093916,0.043660302710980536,0.04092414532191357,0.012121674386172732,completed
19.5M,0.65,11,1011,True,True,7064.336822093607,7.999999999999874,800,0.6266734511582234,0.03936721932899504,0.03989642475695318,0.038361643572842136,0.007825989080923357,completed
19.5M,0.65,12,1012,True,True,6867.836722788219,7.999999999999874,800,0.7267451287487601,0.06827553836377591,0.040442102962222365,0.022518725283433672,0.016271964785821824,completed
19.5M,0.65,13,1013,True,True,7043.9176716667935,7.999999999999874,800,0.6142322819524181,0.04978601060920258,0.045027639701324305,0.029397043349646358,0.004916607633436154,completed
19.5M,0.65,14,1014,True,True,6590.5648688153815,7.999999999999874,800,0.6995789081220317,0.09786412355805288,0.04340286061624672,0.10860347268188374,0.02491964632583543,completed
19.5M,0.65,15,1015,True,True,6845.158269721214,7.999999999999874,800,0.8255903601306738,0.07718647290664625,0.032523457606284285,0.06466917090581938,0.021332768168659477,completed
19.5M,0.65,16,1016,True,True,6878.629184397144,7.999999999999874,800,0.7413199349435388,0.05604898533417958,0.0394310535969763,0.04933162943935947,0.01323310567012359,completed
19.5M,0.65,17,1017,True,True,6702.252680982695,7.999999999999874,800,0.685242538366733,0.06811577967680825,0.04344287438172291,0.030833043038387783,0.011549565493154779,completed
19.5M,0.65,18,1018,True,True,6803.746136058181,7.999999999999874,800,0.6014385782579061,0.06284030306494931,0.04623173781578114,0.029636222526111103,0.0028461791266194414,completed
19.5M,0.65,19,1019,True,True,6949.489474756031,7.999999999999874,800,0.5922518727759557,0.0744536119453208,0.04658992037675565,0.01765580671145147,0.000616531635912132,completed
19.5M,0.65,20,1020,True,True,6827.150785904259,7.999999999999874,800,0.7075427067009281,0.05927817954250099,0.036181344051767615,0.0499352348578918,0.001971954350475702,completed
19.5M,0.65,21,1021,True,True,7008.104755649589,7.999999999999874,800,0.5525287475357581,0.04129392196370443,0.06309041338528573,0.01198347705452799,0.011406260630647092,completed
19.5M,0.65,22,1022,True,True,6712.22638749241,7.999999999999874,800,0.7766558054187379,0.06542320648338538,0.030385543030004722,0.06364835513293075,0.0010385888024748713,completed
19.5M,0.65,23,1023,True,True,6971.072243754832,7.999999999999874,800,0.802953915744125,0.06641365008728199,0.03304914452830129,0.03596790480896784,0.0028942468754389328,completed
19.5M,0.65,24,1024,True,True,6877.935734458497,7.999999999999874,800,0.7670186887883057,0.04769231073675938,0.03410247946191819,0.06912053609078006,0.012834128253264243,completed
19.5M,0.8,0,1000,True,True,6993.784910614439,7.999999999999874,800,0.7265562403946039,0.06083582218206233,0.04131196499766297,0.051627468740437436,0.024273585295668365,completed
19.5M,0.8,1,1001,True,True,6401.37817227665,7.999999999999874,800,0.5610977267314936,0.10826268100545337,0.0656104355244367,0.04522828414185416,0.00620968066772587,completed
19.5M,0.8,2,1002,True,True,6712.5501550875815,7.999999999999874,800,0.5432083519813989,0.06531904661090714,0.05086165809720564,0.024039291386344627,0.006223743653241076,completed
19.5M,0.8,3,1003,True,True,7002.442488075278,7.999999999999874,800,0.45946382554976306,0.043427408534008505,0.06249967414540927,0.05526373164901912,0.00445780280917174,completed
19.5M,0.8,4,1004,True,True,6396.560840949974,7.999999999999874,800,0.2167073309018487,0.09743890902169908,0.13273980659114487,0.0773856895113916,0.05625647107283749,completed
19.5M,0.8,5,1005,True,True,6690.952481703415,7.999999999999874,800,0.6264609262797056,0.0727646865117559,0.04457190369016782,0.12246075853573435,0.015345336427960099,completed
19.5M,0.8,6,1006,True,True,6655.303962833638,7.999999999999874,800,0.6895443710560981,0.07472946311425757,0.03587151819911288,0.04524224961387182,0.004660390925159685,completed
19.5M,0.8,7,1007,True,True,6917.679640404678,7.999999999999874,800,0.5797709214574432,0.06575141849582197,0.0494797705432338,0.08178104195925283,0.015336726419504343,completed
19.5M,0.8,8,1008,True,True,6611.859960534414,7.999999999999874,800,0.5888408500183824,0.10896964383101493,0.054461023843938326,0.0754627401623843,0.018019139696250353,completed
19.5M,0.8,9,1009,True,True,6435.102277352099,7.999999999999874,800,0.4758045092720807,0.09979187396643861,0.07755995869890486,0.0451822136959759,0.0052626014089331985,completed
19.5M,0.8,10,1010,True,True,6349.466854585341,7.999999999999874,800,0.5900051571493556,0.10265273188756717,0.05998828909387551,0.08637628983195327,0.020823294766948885,completed
19.5M,0.8,11,1011,True,True,7014.75677158486,7.999999999999874,800,0.5832470461421088,0.03905046709976507,0.04298870539281643,0.023353816542333435,0.002257369863102987,completed
19.5M,0.8,12,1012,True,True,6379.976209470491,7.999999999999874,800,0.6641417454613752,0.09844615990185124,0.04833448343968622,0.14397213798924333,0.021247276319253494,completed
19.5M,0.8,13,1013,True,True,6998.532716786773,7.999999999999874,800,0.5390775819656003,0.05345678056582598,0.054254307517542115,0.009667166600123652,0.0009203011206715406,completed
19.5M,0.8,14,1014,True,True,6601.556432968708,7.999999999999874,800,0.6662014888030765,0.1009746985265093,0.047738108555816935,0.05870399072588362,0.023603766227979772,completed
19.5M,0.8,15,1015,True,True,6752.147071351996,7.999999999999874,800,0.8075694857134434,0.08704934788032714,0.03402357611460938,0.005547178608069437,0.005429058805752618,completed
19.5M,0.8,16,1016,True,True,6781.357964278205,7.999999999999874,800,0.6572351534902658,0.061605984651593726,0.04541844136110179,0.05304551335994497,0.0020129873463134995,completed
19.5M,0.8,17,1017,True,True,6303.76686678554,7.999999999999874,800,0.661366889130141,0.1123717304005023,0.05401075919571034,0.1421209852651369,0.015060785125375009,completed
19.5M,0.8,18,1018,True,True,6369.347330551417,7.999999999999874,800,0.507770598411812,0.10091966559311011,0.06319758508852398,0.03469711264026181,0.01724482591508414,completed
19.5M,0.8,19,1019,True,False,1384.7421681464168,3.149999999999977,315,0.039449718997274494,1.0163057922713326,0.6067372053019235,2.3238923690066473,1.1605503286864414,ground_crash
19.5M,0.8,20,1020,True,True,6539.179544005691,7.999999999999874,800,0.6305775805482362,0.08208936991973946,0.053537729987582765,0.01835707796195213,0.01528016102066343,completed
19.5M,0.8,21,1021,True,True,6978.948059004011,7.999999999999874,800,0.43765430142278144,0.04422232538252224,0.08573801753604429,0.011495019177035234,0.014063331289827063,completed
19.5M,0.8,22,1022,True,True,6038.650370220626,7.999999999999874,800,0.7473850451704734,0.1235042083446929,0.045653139418808435,0.04039453455551139,0.013683571769712577,completed
19.5M,0.8,23,1023,True,True,6957.832991200836,7.999999999999874,800,0.7960236101803764,0.0718585044011437,0.03365450633175471,0.03643665241679939,0.00623605859722054,completed
19.5M,0.8,24,1024,True,True,6888.33220903112,7.999999999999874,800,0.7450651848886712,0.04761315912062325,0.03754700136613683,0.016547386818829068,0.008332010844865234,completed
19.5M,1.0,0,1000,True,True,6940.315075599835,7.999999999999874,800,0.6857527820958326,0.07264957846884154,0.04746423558228133,0.025889593916636318,0.016257721060567887,completed
19.5M,1.0,1,1001,True,True,6387.807147088264,7.999999999999874,800,0.43976208415435397,0.11588947631063033,0.09425824844066946,0.026415542173093744,0.0325716238195044,completed
19.5M,1.0,2,1002,True,True,6587.3493228179,7.999999999999874,800,0.4598182868606637,0.0866036782212906,0.06543262564900135,0.04477498651793718,0.009972131790651817,completed
19.5M,1.0,3,1003,True,True,6919.790632875908,7.999999999999874,800,0.3260446486844097,0.05725835524389356,0.0849350992480728,0.01685888608183463,0.0005542254586663464,completed
19.5M,1.0,4,1004,True,False,351.0880590020833,0.7900000000000005,79,0.027244575894074072,0.23185563122301878,0.7558872160409982,0.31303968558745254,1.1727554717896418,ground_crash
19.5M,1.0,5,1005,True,True,6599.380656276773,7.999999999999874,800,0.5515274118018064,0.0835486483886819,0.05418916949080836,0.022555778141365473,0.008644190123197726,completed
19.5M,1.0,6,1006,True,True,6630.644958116663,7.999999999999874,800,0.6325900832215123,0.08377483368996645,0.04181632476287397,0.08006526110459143,0.0045140324974610735,completed
19.5M,1.0,7,1007,True,True,6867.49984396841,7.999999999999874,800,0.4951157719418886,0.07017211232318717,0.05958157556054219,0.05266557855140578,0.012189079468967634,completed
19.5M,1.0,8,1008,True,True,6596.27287919419,7.999999999999874,800,0.5003778603924146,0.10932231297072637,0.06342533262173629,0.13391099210375565,0.026855443951186997,completed
19.5M,1.0,9,1009,True,True,6422.458915221416,7.999999999999874,800,0.36207472346044317,0.10220451645058157,0.10206131005650365,0.18153237550808782,0.03910755199445659,completed
19.5M,1.0,10,1010,True,True,6333.24763931701,7.999999999999874,800,0.4897908864133023,0.10731332617799218,0.07052250656818358,0.06007007469514857,0.03338826898397396,completed
19.5M,1.0,11,1011,True,True,6868.355774279469,7.999999999999874,800,0.5132454455324452,0.060029056933430656,0.054683940451282484,0.013465003676094963,0.0007660745969235716,completed
19.5M,1.0,12,1012,True,True,6372.618129565926,7.999999999999874,800,0.5832090035901496,0.09863138801152085,0.05808587224419851,0.10824921441880188,0.004181859157089685,completed
19.5M,1.0,13,1013,True,True,6899.419568509271,7.999999999999874,800,0.43205030811642753,0.0672547772202064,0.07309681141083267,0.014233304724648338,0.0033408951020361677,completed
19.5M,1.0,14,1014,True,True,6516.8136275047,7.999999999999874,800,0.6056962842321246,0.11238211137474058,0.05532442015349785,0.05082008241261596,0.012103058567058067,completed
19.5M,1.0,15,1015,True,True,6542.929136259067,7.999999999999874,800,0.7725518208239622,0.12096603977394894,0.04139221305000322,0.03276540388882282,0.005880411426472332,completed
19.5M,1.0,16,1016,True,True,6666.150690282004,7.999999999999874,800,0.5376726638119508,0.07382983529298831,0.06282701514121607,0.05787898461794718,0.00027990457055371287,completed
19.5M,1.0,17,1017,True,True,6232.832957258845,7.999999999999874,800,0.6100971055730763,0.12747762001309249,0.0613547780079472,0.18265855295469727,0.020888729270032602,completed
19.5M,1.0,18,1018,True,True,6426.550361836016,7.999999999999874,800,0.38669734558008007,0.09034821664066475,0.08050954790199165,0.07794081064564828,0.011597219174787066,completed
19.5M,1.0,19,1019,True,False,596.2251739029615,1.5200000000000011,152,0.04356449282120408,0.5789611572080984,0.938762851323224,1.1102970681819235,1.1564355548625118,ground_crash
19.5M,1.0,20,1020,True,True,6378.8673609138905,7.999999999999874,800,0.5440241323175281,0.10407853322809449,0.07508004042082998,0.04011717096254406,0.01192316638720281,completed
19.5M,1.0,21,1021,True,True,6837.180253601127,7.999999999999874,800,0.24285671134746192,0.07323680569250483,0.13078909067904784,0.040994383064033746,0.03298721138621641,completed
19.5M,1.0,22,1022,True,True,6230.315528316325,7.999999999999874,800,0.7081664289435021,0.10923278616479663,0.04884499685207791,0.06052740281191596,0.028129934792326727,completed
19.5M,1.0,23,1023,True,True,6898.809615221143,7.999999999999874,800,0.7809798806751395,0.07423510170940129,0.034207687809809297,0.01631318286281951,0.006788404398908154,completed
19.5M,1.0,24,1024,True,True,6857.2153768313665,7.999999999999874,800,0.7045644162608816,0.047477824478618806,0.04230413316941213,0.04459735988851862,0.010086032689150537,completed
20.0M,0.65,0,1000,True,True,7100.357858168334,7.999999999999874,800,0.7507739299729673,0.04655795140420824,0.03729939641299965,0.032574427978627064,0.01566204836153684,completed
20.0M,0.65,1,1001,True,True,6828.776194575849,7.999999999999874,800,0.643263389577019,0.05573229238077956,0.04121794374540774,0.04069559774028771,0.0006088171417888422,completed
20.0M,0.65,2,1002,True,True,6777.79938777884,7.999999999999874,800,0.6030335898175101,0.05108141723145062,0.04444564444944197,0.037907199065988176,0.006166250959153796,completed
20.0M,0.65,3,1003,True,True,7033.584858567321,7.999999999999874,800,0.5452703921132204,0.03363125806460786,0.05197363351352291,0.030185754852177345,0.0058052988056673804,completed
20.0M,0.65,4,1004,True,True,6839.085609502781,7.999999999999874,800,0.5241096903545299,0.05275084677323156,0.06285300060765014,0.013664044288765137,0.005065231995468933,completed
20.0M,0.65,5,1005,True,True,7085.537796033385,7.999999999999874,800,0.6617328541965267,0.03753098446025172,0.03659354155022995,0.06184305944594866,0.002501899250827222,completed
20.0M,0.65,6,1006,True,True,6820.864955428461,7.999999999999874,800,0.7153623422573339,0.05125745433255413,0.03456934223434171,0.04098519768234378,0.002104961650642778,completed
20.0M,0.65,7,1007,True,True,6873.269250540517,7.999999999999874,800,0.6327513492988913,0.06578882200434696,0.04729349227629072,0.07070454899424243,0.0186791227542622,completed
20.0M,0.65,8,1008,True,True,7004.407472387679,7.999999999999874,800,0.6097169416129276,0.04819737239718708,0.03977083703814813,0.029072142411898504,0.0020116561544119005,completed
20.0M,0.65,9,1009,True,True,6770.523686474076,7.999999999999874,800,0.55475766447263,0.06743570484790576,0.050810651040380975,0.020376937057644942,0.0015134456725323098,completed
20.0M,0.65,10,1010,True,True,6711.785929179782,7.999999999999874,800,0.6492598092068003,0.07010831788783724,0.0436333959563254,0.041822866246429787,0.021173734855698623,completed
20.0M,0.65,11,1011,True,True,7027.239054163377,7.999999999999874,800,0.625876825774914,0.040359346229575245,0.04011391732622241,0.04414195517227589,0.005217709379056412,completed
20.0M,0.65,12,1012,True,True,6890.498035651931,7.999999999999874,800,0.7221165368143193,0.05219049532217126,0.03695609229042931,0.04543055117403376,0.011182130353566855,completed
20.0M,0.65,13,1013,True,True,7042.314937521333,7.999999999999874,800,0.6111553681779474,0.047036182912156034,0.045257772191886356,0.013065419125255762,0.006621032297409624,completed
20.0M,0.65,14,1014,True,True,6679.632825865156,7.999999999999874,800,0.695210270814881,0.08591881861336573,0.04476080782971342,0.05291707036777878,0.013055731196297105,completed
20.0M,0.65,15,1015,True,True,6839.843490348467,7.999999999999874,800,0.8249380302408198,0.06862583276177767,0.03189608928353055,0.011025355255070883,0.009303192926131354,completed
20.0M,0.65,16,1016,True,True,6924.516193954612,7.999999999999874,800,0.7498665287947122,0.042628832386244916,0.0346849624930517,0.03797342204607627,0.006751325309382938,completed
20.0M,0.65,17,1017,True,True,6775.747772030275,7.999999999999874,800,0.6832101809231909,0.07207629172062122,0.04612533044314289,0.03932734557831258,0.032897502157563485,completed
20.0M,0.65,18,1018,True,True,6812.2188080112255,7.999999999999874,800,0.5995066049880138,0.057724650735203775,0.04468523797367482,0.0573412308361804,0.003751643902575319,completed
20.0M,0.65,19,1019,True,True,7008.361034197663,7.999999999999874,800,0.5904077430035265,0.056264188997836286,0.04703027000027904,0.023886764041502393,0.009378748955190641,completed
20.0M,0.65,20,1020,True,True,6854.051139606039,7.999999999999874,800,0.7004888590238809,0.0480016498734499,0.03779371782548842,0.013162586332069551,0.01125650900025743,completed
20.0M,0.65,21,1021,True,True,6998.216879349836,7.999999999999874,800,0.5495618867626365,0.044817871327955214,0.06401990081255249,0.012425182884435898,0.016134810873696726,completed
20.0M,0.65,22,1022,True,True,6777.402777459021,7.999999999999874,800,0.7705880432479333,0.05020937163290924,0.03183499744772077,0.07925953484470716,0.010845998386332933,completed
20.0M,0.65,23,1023,True,True,6970.0974489770115,7.999999999999874,800,0.793063436215034,0.06449062623533948,0.03395107111426892,0.030807059905363903,0.007290186726286452,completed
20.0M,0.65,24,1024,True,True,6883.731753970174,7.999999999999874,800,0.772426411666812,0.049059172588741075,0.03666795778345376,0.05463792836330923,0.01324860717763321,completed
20.0M,0.8,0,1000,True,True,7087.177511405121,7.999999999999874,800,0.7260170168498965,0.04996932213434642,0.0412256652532236,0.016869409748874784,0.011006086048904518,completed
20.0M,0.8,1,1001,True,True,6462.16951155084,7.999999999999874,800,0.5579490761186956,0.08886698575097388,0.06515839131499755,0.03550096081523486,0.027298658446134327,completed
20.0M,0.8,2,1002,True,True,6777.900902275306,7.999999999999874,800,0.5408692714694041,0.0572415563208529,0.05219428171289917,0.02222084724412226,0.010193529488717656,completed
20.0M,0.8,3,1003,True,True,6995.35633185616,7.999999999999874,800,0.4582228494768663,0.04069331341135644,0.0639418860523122,0.03751332414841605,0.004888085068223358,completed
20.0M,0.8,4,1004,True,True,6030.543082408446,7.999999999999874,800,0.2750200204754424,0.1362699491962874,0.13790714843830126,0.07928734060099266,0.04202024619690903,completed
20.0M,0.8,5,1005,True,True,6766.867247570716,7.999999999999874,800,0.6407728758955276,0.0671676621231562,0.045130854030185255,0.03250767648061125,0.018957933869844013,completed
20.0M,0.8,6,1006,True,True,6807.855020242716,7.999999999999874,800,0.6894352785024647,0.053424280430892375,0.035441740405650755,0.015834365106274922,0.0033207334305822567,completed
20.0M,0.8,7,1007,True,True,6864.262811375908,7.999999999999874,800,0.5784873398778979,0.06836365622305562,0.053024530721225274,0.060663926778390435,0.01237385036135219,completed
20.0M,0.8,8,1008,True,True,6628.344351433402,7.999999999999874,800,0.5845286770690895,0.0964598787138134,0.05411201281594447,0.07461670058659556,0.01778076979289911,completed
20.0M,0.8,9,1009,True,True,6520.534939852226,7.999999999999874,800,0.4804605053621043,0.08565483627323,0.0730839736939239,0.015948646153754898,0.02390855548206905,completed
20.0M,0.8,10,1010,True,True,6286.265062844161,7.999999999999874,800,0.5809275365144383,0.10613521113632239,0.06048426097495001,0.02703599628112568,0.008323540498921256,completed
20.0M,0.8,11,1011,True,True,6982.163606269054,7.999999999999874,800,0.5794010645160558,0.04892370792980472,0.045078772229378956,0.023817073712631184,0.002580270501171489,completed
20.0M,0.8,12,1012,True,True,6390.878687341977,7.999999999999874,800,0.6618150238116283,0.08768472461646061,0.05215221255636186,0.07911600288928028,0.004378515417828854,completed
20.0M,0.8,13,1013,True,True,7003.758464458528,7.999999999999874,800,0.5338335820087379,0.05219828279615988,0.055284762919846527,0.015406977356806956,0.0015146939167285378,completed
20.0M,0.8,14,1014,True,True,6608.107298688876,7.999999999999874,800,0.6641064619150223,0.10070638778875896,0.04948634846697019,0.052938166601260224,0.02120059767777538,completed
20.0M,0.8,15,1015,True,True,6820.330376609788,7.999999999999874,800,0.8071818956808389,0.07984652289627236,0.03521768337139141,0.03251372933843183,0.012793491231550824,completed
20.0M,0.8,16,1016,True,True,6867.59896614216,7.999999999999874,800,0.6818216367973561,0.05281393621764848,0.044339031254752505,0.04744180569410809,0.0015185765878635848,completed
20.0M,0.8,17,1017,True,True,6243.274005627139,7.999999999999874,800,0.6503369917056344,0.11722275507866506,0.060878406697561775,0.04887814269099659,0.008781727878656165,completed
20.0M,0.8,18,1018,True,True,6383.143478602019,7.999999999999874,800,0.49693869037374166,0.09529673157116166,0.06752890704128536,0.05689490087750159,0.0003874641639864951,completed
20.0M,0.8,19,1019,True,True,5980.777179055604,7.999999999999874,800,0.47436537413284097,0.21719323748676364,0.10754987634212444,0.037567475363114895,0.004576086884455988,completed
20.0M,0.8,20,1020,True,True,6438.33052898513,7.999999999999874,800,0.6185021771270568,0.0934831002002762,0.05719139416369866,0.12014116517668981,0.0007534126025638965,completed
20.0M,0.8,21,1021,True,True,6925.321158965333,7.999999999999874,800,0.4333984292754951,0.05748000121091293,0.08751993027344032,0.024670153115751638,0.02177095066358059,completed
20.0M,0.8,22,1022,True,True,6340.294418312918,7.999999999999874,800,0.7414935592770596,0.09290571797326018,0.04083391825313558,0.08228075151769959,0.003405097181271133,completed
20.0M,0.8,23,1023,True,True,6970.870841802571,7.999999999999874,800,0.7830675189202032,0.05633527337004441,0.031503631491144636,0.022193754845775304,0.006673598059887764,completed
20.0M,0.8,24,1024,True,True,6905.406493230936,7.999999999999874,800,0.7572469657809933,0.04419427277896648,0.03408484687448027,0.04455417713747087,0.0039213237807209644,completed
20.0M,1.0,0,1000,True,True,7007.141347424336,7.999999999999874,800,0.6871940686444191,0.06124233659500603,0.04675437326384659,0.020755631201713517,0.012841790877758497,completed
20.0M,1.0,1,1001,True,True,6253.901131687211,7.999999999999874,800,0.4384503266935202,0.12903768007390998,0.09858478755979636,0.05641685766309625,0.04715152457601679,completed
20.0M,1.0,2,1002,True,True,6555.437675698227,7.999999999999874,800,0.4542345344865384,0.09671471710559164,0.06730632047312599,0.04499830480773568,0.008405357567595528,completed
20.0M,1.0,3,1003,True,True,6947.417535007633,7.999999999999874,800,0.3224320135598323,0.04382062258937299,0.08607948308254768,0.036096394607686336,0.0007116915656963929,completed
20.0M,1.0,4,1004,True,False,373.08355139205037,0.8200000000000005,82,0.020322600970507112,0.21400023178142288,0.7702510677876131,0.2611799366605628,1.1796774467132087,ground_crash
20.0M,1.0,5,1005,True,True,6734.065361835269,7.999999999999874,800,0.5637559433918379,0.06737127812560641,0.05152058815371839,0.025417721859166045,0.005708003145505458,completed
20.0M,1.0,6,1006,True,True,6704.049150833651,7.999999999999874,800,0.6287399081685219,0.06563993645110504,0.041436410772691994,0.011610482036761042,0.0035531743673109517,completed
20.0M,1.0,7,1007,True,True,6866.8079709974645,7.999999999999874,800,0.4938913022531417,0.07175549674789808,0.06136426980306988,0.04885723147773555,0.012023677217616768,completed
20.0M,1.0,8,1008,True,True,6552.85245307793,7.999999999999874,800,0.49499435752209153,0.11491383851572066,0.06617563264139932,0.06596624333812805,0.019773014348628326,completed
20.0M,1.0,9,1009,True,True,6395.625267768288,7.999999999999874,800,0.35734581009905586,0.10933657550829264,0.10658474300170122,0.07928091677660198,0.033525094599547556,completed
20.0M,1.0,10,1010,True,True,6305.845990843331,7.999999999999874,800,0.4851725279615948,0.09828084647128894,0.07105741041766503,0.05155766854614451,0.0017796075484692864,completed
20.0M,1.0,11,1011,True,True,6911.800579599438,7.999999999999874,800,0.5077203315405199,0.05060674575376798,0.054118712356466606,0.02293375390693187,0.000601768858413454,completed
20.0M,1.0,12,1012,True,True,6454.7092609861875,7.999999999999874,800,0.6012367977569781,0.0845802296861139,0.053638319648740905,0.02586540910305568,0.0033673847022539505,completed
20.0M,1.0,13,1013,True,True,6906.760143869928,7.999999999999874,800,0.4292512128476468,0.06577532482843629,0.07385852625654366,0.02863929227584109,0.0045884520316497035,completed
20.0M,1.0,14,1014,True,True,6661.04922901407,7.999999999999874,800,0.6072633188035221,0.08963626421707555,0.052134570483492876,0.04489925781731397,0.010578232772899376,completed
20.0M,1.0,15,1015,True,True,6621.4300470627295,7.999999999999874,800,0.7726634474158302,0.11074177677546343,0.04178478635755265,0.027047632369554275,0.012044397296866016,completed
20.0M,1.0,16,1016,True,True,6786.960464305786,7.999999999999874,800,0.5640238910250127,0.05882336592190342,0.05651649319002527,0.03308956085731862,0.0010639627814930108,completed
20.0M,1.0,17,1017,True,True,6278.373394348163,7.999999999999874,800,0.604628431858732,0.12080344782389499,0.06648742342811476,0.1100761282434689,0.03645464784186658,completed
20.0M,1.0,18,1018,True,True,6442.173837680655,7.999999999999874,800,0.3826425563197688,0.08577383710912417,0.0808627205963236,0.08081340787561964,0.0052600820089290234,completed
20.0M,1.0,19,1019,True,False,393.914294268464,1.0200000000000007,102,0.03087709285004433,0.5062743392693353,0.8292415117649479,0.6041995334787154,1.1655831850465816,ground_crash
20.0M,1.0,20,1020,True,True,6534.208356774199,7.999999999999874,800,0.5398607494676346,0.08112061372540677,0.07273964974246566,0.0755439309330542,0.03637010490981307,completed
20.0M,1.0,21,1021,True,True,6753.039627656376,7.999999999999874,800,0.2349213630809287,0.09722564907106734,0.13289837721128536,0.08912739359723515,0.03142787035057126,completed
20.0M,1.0,22,1022,True,True,6248.288903696549,7.999999999999874,800,0.7008355650127639,0.09642921237831271,0.051698538861677905,0.10370167826959423,0.004357529870026022,completed
20.0M,1.0,23,1023,True,True,6898.259219909082,7.999999999999874,800,0.7743079722748001,0.07301376685173268,0.0337426033594612,0.05075422343677615,0.0016465995187127103,completed
20.0M,1.0,24,1024,True,True,6854.787818504197,7.999999999999874,800,0.707752752267469,0.047837921950576935,0.04134594188963754,0.011038533597398401,0.005859603514409173,completed
