timestep,walltime_sec,ep_rew_mean,ep_len_mean
20480,3.49,167.5957,82.01
40960,7.51,166.9769,81.35
61440,11.50,175.3557,84.17
81920,15.55,177.0118,83.55
102400,19.52,185.6417,87.64
122880,23.59,194.2539,90.85
143360,27.37,208.9402,95.92
163840,31.13,215.6837,96.97
184320,34.87,217.9722,98.28
204800,38.82,229.7144,103.84
225280,42.99,236.3201,105.92
245760,46.89,247.2595,108.04
266240,50.70,262.3648,111.64
286720,54.52,263.9183,116.10
307200,58.42,279.8122,119.43
327680,62.59,270.4417,120.11
348160,66.19,284.1306,125.12
368640,69.81,316.3824,130.39
389120,73.44,326.3885,138.22
409600,77.01,346.7749,144.39
430080,80.70,347.1102,145.77
450560,84.27,344.8579,145.58
471040,87.80,357.7713,149.69
491520,91.36,365.0972,157.57
512000,94.90,371.8503,171.09
532480,101.18,360.4407,158.08
552960,104.63,391.1442,172.03
573440,108.10,429.9416,188.17
593920,111.53,424.9575,187.25
614400,115.03,409.5472,181.60
634880,118.67,434.2382,191.14
655360,122.22,521.7049,222.19
675840,125.77,463.4026,199.41
696320,129.55,483.2720,204.20
716800,133.32,483.7120,214.84
737280,137.89,549.7299,228.47
757760,142.30,567.8900,240.99
778240,146.20,586.4381,254.77
798720,150.06,624.1691,270.99
819200,153.79,629.0422,266.76
839680,157.58,638.3881,283.35
860160,161.33,658.4107,287.01
880640,165.24,643.6835,270.07
901120,169.26,675.7810,292.05
921600,173.82,637.9554,272.02
942080,177.82,606.5933,258.77
962560,181.90,642.2894,267.24
983040,186.36,649.1491,260.11
1003520,190.42,755.9346,300.06
1024000,194.98,763.8548,304.18
1044480,204.44,706.5136,277.70
1064960,209.45,662.6339,263.01
1085440,214.51,588.0024,244.66
1105920,219.77,631.9747,263.55
1126400,224.85,701.8367,288.19
1146880,229.76,656.6395,267.53
1167360,234.17,676.9500,282.35
1187840,238.45,712.8256,286.93
1208320,242.64,758.4663,301.16
1228800,246.90,707.4913,277.19
1249280,251.30,673.2150,269.05
1269760,255.43,805.6018,318.98
1290240,259.62,821.3638,322.86
1310720,263.79,769.2210,296.05
1331200,267.91,864.9166,326.34
1351680,272.54,760.6364,302.72
1372160,277.12,758.9087,301.45
1392640,281.37,792.5898,310.05
1413120,285.64,727.0831,295.23
1433600,289.85,713.2293,265.50
1454080,294.52,824.5345,301.48
1474560,298.98,775.2588,287.67
1495040,303.42,750.6501,279.40
1515520,308.36,765.8911,295.74
1536000,313.41,779.9145,295.44
1556480,322.63,846.3457,307.58
1576960,328.37,862.5204,334.15
1597440,334.13,862.5547,337.76
1617920,339.82,750.5564,282.98
1638400,344.94,728.8251,279.42
1658880,349.37,853.2081,311.58
1679360,353.56,866.7040,324.75
1699840,357.93,891.9929,342.16
1720320,362.56,845.4365,326.70
1740800,366.99,808.3606,310.53
1761280,371.63,821.5492,318.02
1781760,375.87,812.2539,308.93
1802240,380.53,877.1102,303.87
1822720,385.71,958.5073,342.92
1843200,390.96,918.9099,335.80
1863680,396.56,776.9393,286.16
1884160,402.31,824.3747,299.09
1904640,407.49,816.1486,306.13
1925120,412.85,844.6327,314.63
1945600,418.58,856.1880,325.50
1966080,423.21,852.7511,319.63
1986560,427.65,948.8168,344.45
2007040,432.30,989.6082,349.93
2027520,436.92,973.1652,351.63
2048000,441.27,974.2575,354.06
2068480,455.62,953.7526,347.91
2088960,460.07,968.9459,339.21
2109440,464.44,924.2355,328.96
2129920,468.79,980.7719,342.67
2150400,473.12,972.7548,343.05
2170880,477.74,1031.6209,355.69
2191360,482.38,1045.6323,369.43
2211840,487.13,983.1073,338.96
2232320,493.80,872.9438,317.33
2252800,502.09,910.0946,330.92
2273280,508.02,1001.8317,370.66
2293760,513.38,960.9418,357.73
2314240,519.48,912.6589,330.16
2334720,526.11,919.1818,334.85
2355200,530.71,1040.3600,353.19
2375680,535.58,1060.9835,362.74
2396160,540.30,965.4433,339.37
2416640,544.83,968.4411,347.61
2437120,549.31,1018.0941,356.57
2457600,553.84,1101.7056,380.39
2478080,558.50,1122.0099,373.68
2498560,563.33,1092.3008,357.74
2519040,567.99,1014.7282,343.10
2539520,573.64,993.1291,351.29
2560000,578.97,1003.2145,349.56
2580480,591.56,1107.4431,366.42
2600960,597.05,1078.7867,370.17
2621440,601.68,916.2082,329.81
2641920,606.38,918.5048,327.79
2662400,610.95,1005.3784,342.76
2682880,615.67,1055.8494,347.86
2703360,620.09,1117.6277,371.48
2723840,624.72,1006.7678,331.98
2744320,629.14,1018.3239,337.77
2764800,633.73,966.3747,332.85
2785280,638.32,1020.7818,343.63
2805760,642.76,1087.3596,367.61
2826240,647.36,1154.0689,381.81
2846720,652.48,1117.3696,374.66
2867200,657.48,1090.3552,369.88
2887680,662.42,1036.7066,334.32
2908160,667.36,1008.0058,326.13
2928640,672.63,1106.7506,354.08
2949120,677.40,1102.3112,347.55
2969600,681.90,1083.2728,347.78
2990080,687.10,1098.5484,366.92
3010560,691.72,1238.4832,400.63
3031040,696.29,1191.8552,379.23
3051520,700.75,1041.2844,332.41
3072000,705.16,1059.2441,342.99
3092480,715.17,1132.3720,366.61
3112960,719.76,1202.8838,374.36
3133440,724.28,1220.1220,375.82
3153920,728.88,1180.2819,372.72
3174400,733.39,1140.2846,366.14
3194880,738.10,1104.1106,362.65
3215360,742.57,1093.8039,363.83
3235840,747.06,1094.9046,360.03
3256320,751.63,1132.1034,369.47
3276800,756.06,1156.9080,360.75
3297280,760.66,1239.8534,383.27
3317760,765.03,1226.2922,370.45
3338240,769.38,1265.0612,389.65
3358720,773.85,1231.2427,391.54
3379200,778.27,1127.3085,360.80
3399680,782.99,1016.6752,334.99
3420160,787.54,1043.6771,357.63
3440640,792.03,973.9316,334.08
3461120,796.36,1079.4419,347.69
3481600,800.78,1071.0177,357.26
3502080,805.45,1041.2119,349.33
3522560,809.94,1103.8784,354.52
3543040,814.52,1058.9716,342.04
3563520,819.20,1055.0936,336.59
3584000,824.08,1156.1932,366.78
3604480,835.48,1143.1131,371.98
3624960,840.15,1149.6472,368.22
3645440,844.62,1227.9613,378.28
3665920,849.08,1173.6039,367.29
3686400,853.56,1178.0188,362.68
3706880,858.17,1167.9051,354.53
3727360,862.61,1152.0113,346.09
3747840,867.10,1179.1262,379.64
3768320,871.63,1179.4324,390.30
3788800,876.18,1157.7198,379.17
3809280,880.80,1158.2520,375.03
3829760,885.21,1186.7035,375.32
3850240,889.76,1153.9865,365.89
3870720,894.23,1181.0715,381.27
3891200,898.75,1181.3698,383.16
3911680,903.35,1204.5317,385.87
3932160,907.82,1228.3533,390.79
3952640,912.29,1181.9117,371.39
3973120,916.78,1172.0416,355.86
3993600,921.32,1184.1898,367.00
4014080,926.21,1173.5300,371.95
4034560,930.85,1197.0641,382.19
4055040,935.53,1143.5953,364.20
4075520,940.12,1121.1516,350.08
4096000,944.76,1156.4409,366.45
4116480,962.29,1095.4276,364.07
4136960,967.04,1091.7178,361.19
4157440,971.73,1172.6485,377.29
4177920,976.38,1087.8362,337.78
4198400,980.98,1075.8566,342.44
4218880,985.69,1088.9153,342.85
4239360,990.23,1146.0814,354.68
4259840,994.95,1225.6023,380.84
4280320,999.61,1164.7222,359.86
4300800,1004.31,1204.9025,373.94
4321280,1009.14,1230.6584,386.30
4341760,1013.78,1262.3798,402.38
4362240,1018.42,1196.0265,379.14
4382720,1023.09,1241.3111,380.34
4403200,1027.81,1354.7877,403.86
4423680,1032.61,1331.1686,399.64
4444160,1037.18,1166.8498,363.48
4464640,1041.79,1202.5967,374.65
4485120,1046.42,1238.7854,383.32
4505600,1051.07,1314.3221,402.84
4526080,1056.29,1220.2651,396.78
4546560,1061.09,1202.9377,399.25
4567040,1065.94,1240.7863,366.83
4587520,1070.86,1232.7505,374.28
4608000,1075.60,1139.9764,381.49
4628480,1087.47,1213.6079,388.14
4648960,1092.20,1339.2577,399.69
4669440,1096.99,1358.5258,404.68
4689920,1101.82,1266.1956,376.46
4710400,1106.56,1280.9699,365.87
4730880,1111.34,1264.7700,372.03
4751360,1116.12,1144.6794,359.03
4771840,1120.81,1100.7577,356.23
4792320,1125.52,1151.9309,359.72
4812800,1130.17,1161.9278,358.72
4833280,1134.99,1194.5199,355.99
4853760,1139.74,1282.0964,373.64
4874240,1145.18,1387.1266,411.76
4894720,1149.96,1481.3604,437.42
4915200,1154.67,1483.4994,435.20
4935680,1159.48,1390.4348,408.19
4956160,1164.09,1361.6807,404.19
4976640,1168.77,1227.8639,374.59
4997120,1173.65,1263.7639,377.77
5017600,1178.34,1380.2806,397.29
5038080,1183.28,1334.9843,390.27
5058560,1187.96,1347.2048,407.36
5079040,1192.69,1367.6299,407.08
5099520,1197.69,1384.6699,410.30
5120000,1202.53,1338.4234,400.95
5140480,1214.34,1254.6279,374.10
5160960,1219.05,1229.8644,374.97
5181440,1223.59,1214.1327,369.13
5201920,1228.24,1267.2121,373.68
5222400,1232.94,1299.8454,395.63
5242880,1237.75,1202.2385,374.10
5263360,1242.25,1181.4336,375.01
5283840,1246.94,1309.3473,403.35
5304320,1251.48,1339.1582,401.41
5324800,1256.12,1345.2849,394.42
5345280,1261.13,1344.0515,385.91
5365760,1265.99,1404.1774,406.15
5386240,1271.07,1452.0866,404.04
5406720,1275.83,1319.8581,372.40
5427200,1280.51,1264.0362,384.72
5447680,1285.37,1305.4299,395.66
5468160,1290.99,1329.2027,396.62
5488640,1295.50,1319.1193,395.37
5509120,1300.05,1139.1614,360.67
5529600,1304.62,1084.2221,357.75
5550080,1309.37,1242.8328,389.17
5570560,1314.39,1354.1351,404.36
5591040,1319.30,1375.9162,407.96
5611520,1324.35,1342.3553,395.73
5632000,1329.27,1402.8073,412.05
5652480,1341.40,1449.3290,427.50
5672960,1346.28,1331.8916,389.64
5693440,1351.03,1367.7703,388.70
5713920,1355.94,1441.9565,417.03
5734400,1360.71,1448.3148,432.17
5754880,1365.65,1327.9973,406.42
5775360,1370.49,1379.8047,410.00
5795840,1376.20,1465.0315,428.86
5816320,1382.55,1383.2160,409.61
5836800,1387.34,1362.0936,408.40
5857280,1392.22,1371.1164,399.71
5877760,1396.96,1380.2135,395.63
5898240,1401.59,1315.2884,392.51
5918720,1406.24,1344.1078,401.87
5939200,1410.95,1395.0107,408.30
5959680,1415.84,1388.2089,406.33
5980160,1420.51,1367.9033,391.19
6000640,1425.20,1386.8772,391.75
6021120,1430.24,1354.5263,386.95
6041600,1435.46,1328.7825,377.03
6062080,1440.80,1424.4253,398.97
6082560,1445.77,1451.6111,396.01
6103040,1450.49,1345.3257,381.40
6123520,1455.15,1398.4489,399.40
6144000,1459.84,1351.7586,388.13
6164480,1478.77,1332.9777,396.20
6184960,1483.57,1384.7601,402.94
6205440,1488.22,1409.6199,411.21
6225920,1492.96,1368.6269,395.24
6246400,1497.64,1308.3092,390.71
6266880,1502.50,1439.9407,411.86
6287360,1507.19,1448.4922,407.64
6307840,1511.76,1274.3398,385.54
6328320,1516.44,1208.2495,367.84
6348800,1521.16,1279.2756,374.68
6369280,1526.03,1352.6593,397.04
6389760,1531.00,1272.8443,387.91
6410240,1536.03,1341.2420,394.50
6430720,1540.71,1365.6093,392.17
6451200,1545.72,1329.6322,387.87
6471680,1550.78,1415.6906,408.59
6492160,1555.37,1453.2895,413.84
6512640,1559.87,1433.9511,407.64
6533120,1564.50,1458.9740,406.78
6553600,1569.19,1427.1084,404.61
6574080,1574.00,1431.2616,411.82
6594560,1578.60,1383.4134,390.00
6615040,1583.31,1324.5712,388.61
6635520,1587.93,1449.9391,427.95
6656000,1592.58,1438.4991,420.20
6676480,1605.20,1429.8367,401.83
6696960,1609.85,1579.5767,433.65
6717440,1614.31,1610.8489,449.51
6737920,1618.92,1478.7312,422.35
6758400,1623.59,1344.9180,396.67
6778880,1628.66,1406.9105,405.74
6799360,1633.41,1473.9699,409.02
6819840,1638.18,1452.3089,414.45
6840320,1642.89,1460.9945,433.66
6860800,1647.58,1433.3377,432.32
6881280,1652.62,1447.0663,415.11
6901760,1657.34,1503.8493,417.36
6922240,1662.05,1444.9726,417.20
6942720,1666.81,1457.6270,413.04
6963200,1671.64,1458.5745,401.20
6983680,1676.65,1503.5548,411.60
7004160,1681.43,1541.6043,409.21
7024640,1686.31,1472.9982,394.91
7045120,1691.11,1501.7039,404.63
7065600,1695.97,1617.3282,427.44
7086080,1700.76,1537.6493,411.72
7106560,1705.42,1386.3219,385.89
7127040,1710.25,1439.5232,403.15
7147520,1715.02,1446.4271,409.73
7168000,1719.79,1384.7640,388.92
7188480,1732.94,1462.2208,392.88
7208960,1737.73,1507.2809,406.44
7229440,1742.46,1473.2263,390.82
7249920,1747.31,1561.1461,413.44
7270400,1751.90,1532.8592,414.28
7290880,1756.73,1382.5351,368.79
7311360,1761.48,1424.0845,363.32
7331840,1766.20,1538.1059,394.23
7352320,1770.93,1508.8436,393.42
7372800,1775.80,1542.0184,399.17
7393280,1780.71,1608.8133,412.22
7413760,1785.38,1689.4574,432.36
7434240,1790.11,1653.4611,436.98
7454720,1794.92,1660.1592,429.05
7475200,1799.62,1644.8082,430.93
7495680,1804.61,1568.6078,421.01
7516160,1809.34,1599.2774,434.16
7536640,1813.97,1647.8699,439.23
7557120,1818.76,1662.1094,428.61
7577600,1823.49,1613.4921,423.55
7598080,1828.48,1631.9859,426.51
7618560,1833.27,1682.3444,429.88
7639040,1838.01,1783.8647,458.12
7659520,1842.69,1831.0382,469.05
7680000,1847.42,1554.9643,401.26
7700480,1860.79,1493.9448,380.52
7720960,1865.54,1634.1648,414.92
7741440,1870.45,1624.3455,422.15
7761920,1875.17,1693.2851,440.89
7782400,1879.92,1705.4322,446.50
7802880,1884.76,1610.0792,421.81
7823360,1889.45,1528.7156,406.99
7843840,1894.24,1441.9061,382.43
7864320,1898.90,1523.2601,384.49
7884800,1903.70,1530.1084,398.29
7905280,1908.59,1533.4680,405.54
7925760,1913.25,1552.0830,407.59
7946240,1917.84,1531.1939,400.43
7966720,1922.53,1618.8944,407.77
7987200,1927.48,1678.5833,414.03
8007680,1932.28,1780.6375,442.47
8028160,1937.14,1747.4188,442.59
8048640,1941.88,1794.4591,453.90
8069120,1946.81,1757.0703,454.91
8089600,1951.50,1591.9882,415.39
8110080,1956.59,1556.9784,406.53
8130560,1961.53,1623.7258,418.47
8151040,1966.51,1593.3219,418.19
8171520,1971.82,1614.9065,423.77
8192000,1977.62,1663.7664,421.52
8212480,2002.52,1581.1941,393.37
8232960,2008.58,1566.5793,381.35
8253440,2015.46,1577.6534,388.29
8273920,2022.68,1590.7813,415.26
8294400,2029.43,1611.5886,416.42
8314880,2040.20,1620.7558,395.52
8335360,2052.32,1703.3277,412.79
8355840,2064.39,1676.6676,420.84
8376320,2074.86,1637.3680,419.80
8396800,2080.98,1679.7493,424.61
8417280,2086.24,1716.0408,429.20
8437760,2091.03,1576.6872,403.39
8458240,2095.74,1511.6325,386.61
8478720,2101.33,1692.2531,422.95
8499200,2106.61,1734.6435,432.89
8519680,2111.74,1680.2432,428.73
8540160,2116.65,1689.7797,434.62
8560640,2121.57,1768.8858,448.24
8581120,2126.50,1743.9168,435.86
8601600,2131.30,1618.8075,401.48
8622080,2136.41,1680.5840,405.98
8642560,2141.48,1643.9632,414.51
8663040,2146.54,1668.0681,428.26
8683520,2151.94,1735.0546,427.05
8704000,2157.08,1721.2522,418.16
8724480,2172.69,1830.5689,445.20
8744960,2178.58,1817.9269,441.13
8765440,2184.37,1664.8692,410.76
8785920,2189.75,1693.0666,420.25
8806400,2195.29,1742.2431,425.77
8826880,2201.19,1821.6979,431.95
8847360,2207.04,1787.3575,427.32
8867840,2212.40,1611.1984,398.76
8888320,2217.87,1589.0694,396.25
8908800,2223.44,1743.8164,432.57
8929280,2228.84,1835.9463,448.94
8949760,2234.08,1752.7756,426.39
8970240,2238.87,1661.9285,402.14
8990720,2244.05,1786.9250,419.23
9011200,2249.06,1770.8262,425.48
9031680,2254.07,1829.9442,451.85
9052160,2258.85,1743.8908,428.50
9072640,2263.92,1662.1471,420.32
9093120,2268.50,1752.1872,439.12
9113600,2273.19,1735.1605,423.68
9134080,2278.22,1727.2365,417.90
9154560,2282.77,1726.8592,413.08
9175040,2287.30,1694.7894,404.23
9195520,2291.84,1647.3892,397.31
9216000,2296.34,1585.7735,395.61
9236480,2308.95,1597.1711,410.73
9256960,2313.42,1725.1826,438.19
9277440,2318.32,1788.9607,446.57
9297920,2323.67,1740.3293,424.39
9318400,2328.28,1791.7207,433.74
9338880,2333.02,1784.6592,426.60
9359360,2337.48,1670.0503,396.56
9379840,2342.02,1768.4519,416.61
9400320,2346.52,1823.2070,430.12
9420800,2350.96,1775.7833,419.02
9441280,2355.53,1736.2062,405.76
9461760,2359.81,1626.4927,388.13
9482240,2364.14,1585.8556,386.93
9502720,2368.32,1764.0276,421.49
9523200,2372.57,1810.7526,422.70
9543680,2377.15,1871.3600,430.14
9564160,2381.46,1801.6899,422.81
9584640,2385.75,1708.0007,408.35
9605120,2389.93,1767.0141,419.02
9625600,2394.28,1740.1624,421.17
9646080,2398.63,1741.7971,425.30
9666560,2402.78,1957.1908,452.84
9687040,2407.02,1957.6895,443.78
9707520,2411.12,1679.1633,393.42
9728000,2415.28,1667.0791,388.15
9748480,2427.35,1819.8384,418.61
9768960,2431.49,1771.7956,401.86
9789440,2435.46,1845.5681,414.04
9809920,2439.52,1935.0438,431.58
9830400,2443.61,1835.3583,406.57
9850880,2447.91,1739.1442,392.28
9871360,2451.91,1711.5079,396.83
9891840,2455.97,1689.1447,385.09
9912320,2460.04,1764.4998,395.54
9932800,2464.13,1623.4047,371.30
9953280,2468.48,1683.1354,382.53
9973760,2472.93,1822.8709,415.08
9994240,2477.12,1830.3710,420.97
10014720,2481.22,1918.8334,433.08
10035200,2485.38,1914.3914,430.69
10055680,2489.68,1901.8247,425.39
10076160,2494.00,1734.3645,392.24
10096640,2498.38,1776.1467,398.91
10117120,2502.62,1743.6435,399.46
10137600,2507.09,1729.2646,404.24
10158080,2511.52,1692.3847,398.41
10178560,2515.86,1823.4969,410.44
10199040,2520.17,1810.9932,403.64
10219520,2524.48,1816.0042,419.41
10240000,2528.78,1914.1604,438.69
10260480,2549.71,1932.3263,437.40
10280960,2554.98,1846.0114,415.78
10301440,2561.70,1906.4380,423.69
10321920,2568.26,1936.4424,439.17
10342400,2574.73,1667.0805,385.84
10362880,2581.14,1661.0711,376.95
10383360,2587.41,1798.3488,401.22
10403840,2593.93,1955.8957,427.97
10424320,2600.37,1905.5198,412.29
10444800,2606.47,1887.3697,421.83
10465280,2610.94,1784.7858,419.84
10485760,2615.95,1721.2521,399.16
10506240,2621.82,1898.5012,425.16
10526720,2628.09,1938.7161,433.12
10547200,2634.70,1938.7015,431.73
10567680,2641.37,1940.5391,430.02
10588160,2647.61,2000.8835,432.62
10608640,2651.93,1867.5301,422.35
10629120,2656.86,1788.9783,418.10
10649600,2661.75,1827.3236,427.14
10670080,2666.50,1827.5042,405.71
10690560,2670.80,1859.3717,401.85
10711040,2674.98,1978.2106,428.90
10731520,2679.22,1951.1717,426.18
10752000,2683.40,2013.6857,440.02
10772480,2695.83,2010.6718,437.69
10792960,2699.48,1863.5284,421.19
10813440,2703.68,1789.0354,413.72
10833920,2707.88,1788.5753,409.52
10854400,2712.05,1778.3875,406.75
10874880,2716.39,1795.4575,404.20
10895360,2720.68,1817.4487,406.86
10915840,2724.78,1806.9791,403.35
10936320,2728.97,1966.9742,426.61
10956800,2733.15,2072.0382,437.78
10977280,2737.51,2020.7963,434.13
10997760,2741.69,1867.3720,405.09
11018240,2745.94,1867.1468,406.14
11038720,2750.02,1876.6439,408.04
11059200,2754.29,1927.3059,423.28
11079680,2758.66,1995.8325,437.35
11100160,2762.86,1877.0863,409.91
11120640,2767.07,1996.0651,437.45
11141120,2771.34,2021.6199,435.48
11161600,2775.61,2045.4088,437.29
11182080,2780.01,1932.4806,421.31
11202560,2784.25,1791.5639,397.32
11223040,2788.35,1786.8148,400.39
11243520,2792.55,1850.0469,409.81
11264000,2796.71,1789.4195,393.18
11284480,2809.10,1826.4663,400.51
11304960,2812.81,1959.4987,425.40
11325440,2816.72,1868.1321,407.40
11345920,2820.89,1913.4804,421.91
11366400,2825.03,1988.5673,435.26
11386880,2829.21,2131.0828,457.99
11407360,2833.42,1900.8139,415.12
11427840,2837.59,1935.8119,416.78
11448320,2841.65,2099.7475,450.67
11468800,2845.84,1914.8826,424.56
11489280,2850.13,1819.5905,401.68
11509760,2854.31,1838.4720,401.88
11530240,2858.53,1775.4976,384.44
11550720,2862.70,1875.4219,405.52
11571200,2866.93,1946.3156,426.33
11591680,2871.19,2063.8371,449.95
11612160,2875.29,2025.7169,441.56
11632640,2879.44,2038.2253,443.97
11653120,2883.48,1799.3136,393.22
11673600,2887.68,1862.9763,406.62
11694080,2891.87,1758.5622,395.52
11714560,2895.90,1702.6045,380.96
11735040,2900.00,1804.2805,397.85
11755520,2904.15,1847.3026,410.14
11776000,2908.27,1850.3275,409.15
11796480,2920.50,1922.0935,426.28
11816960,2924.14,1905.2531,425.35
11837440,2927.70,1940.7824,426.98
11857920,2931.59,2078.9670,451.61
11878400,2935.57,1922.4130,416.14
11898880,2939.74,1794.6977,395.38
11919360,2943.80,1751.0568,390.85
11939840,2947.82,1937.2629,414.79
11960320,2951.84,1930.2261,413.84
11980800,2955.91,1964.6460,431.50
12001280,2960.19,1982.0600,427.52
12021760,2964.25,1935.4817,413.56
12042240,2968.37,1961.1266,421.98
12062720,2972.59,1798.2075,395.75
12083200,2976.64,1684.4842,368.89
12103680,2980.83,1754.1724,375.13
12124160,2984.98,1972.4618,429.46
12144640,2989.12,2038.1931,445.80
12165120,2993.22,1895.5441,414.74
12185600,2997.24,1772.4570,397.05
12206080,3001.47,1800.3784,409.86
12226560,3005.59,1863.8650,413.47
12247040,3009.74,1815.7109,393.93
12267520,3013.69,1758.4918,380.27
12288000,3017.77,1690.8546,377.23
12308480,3037.59,1737.8785,382.95
12328960,3041.49,1834.1341,409.63
12349440,3045.42,1818.1783,408.02
12369920,3049.22,1792.0136,397.92
12390400,3053.02,1892.8973,411.37
12410880,3056.98,2042.5631,423.36
12431360,3060.81,2087.0007,438.71
12451840,3064.61,1957.2756,422.53
12472320,3068.43,2061.6040,438.83
12492800,3072.28,1931.1568,415.39
12513280,3076.17,1789.2397,386.80
12533760,3080.07,1786.9972,384.22
12554240,3083.98,1852.5329,410.61
12574720,3088.44,1839.1198,417.71
12595200,3092.42,1755.7013,394.55
12615680,3096.49,1760.1645,398.46
12636160,3100.40,1835.7461,420.92
12656640,3104.37,1840.8591,419.31
12677120,3108.54,1918.3191,427.28
12697600,3112.47,2042.7257,443.87
12718080,3116.61,1794.6580,406.03
12738560,3120.53,1673.5820,387.97
12759040,3124.79,1696.3838,393.61
12779520,3129.18,1711.9550,402.17
12800000,3133.58,1848.9674,423.01
12820480,3146.32,1965.1185,439.64
12840960,3150.61,1846.2158,414.90
12861440,3155.12,1853.9104,408.02
12881920,3159.65,1887.1322,415.82
12902400,3163.86,2012.2316,442.04
12922880,3168.30,1998.3022,434.62
12943360,3172.20,1874.1167,417.33
12963840,3176.19,1999.3907,441.33
12984320,3180.14,2104.4950,455.70
13004800,3184.09,2124.8884,458.60
13025280,3188.19,1925.8099,428.55
13045760,3192.10,1841.8666,415.69
13066240,3196.35,1827.2539,405.08
13086720,3200.63,1726.4937,393.45
13107200,3204.87,1782.4386,407.67
13127680,3209.70,2003.3981,437.31
13148160,3213.99,1950.1966,426.21
13168640,3218.28,1723.7432,386.36
13189120,3222.64,1824.0456,408.65
13209600,3227.03,1927.6221,432.79
13230080,3231.31,1918.2436,424.45
13250560,3235.49,1942.4835,429.28
13271040,3239.70,1930.2036,435.07
13291520,3243.86,1903.6243,424.16
13312000,3248.07,1849.9373,415.41
13332480,3260.65,1731.5361,387.68
13352960,3264.71,1638.3019,361.08
13373440,3268.86,1842.7517,403.69
13393920,3272.97,1932.0160,422.78
13414400,3277.29,1903.3513,412.34
13434880,3281.78,1952.3450,422.39
13455360,3286.20,1817.9716,404.71
13475840,3290.39,1855.9651,409.39
13496320,3294.66,1881.0869,411.43
13516800,3298.77,1911.0545,412.24
13537280,3303.04,1979.1440,426.26
13557760,3307.08,1810.8674,403.11
13578240,3311.14,1840.1527,402.68
13598720,3315.20,1855.8622,409.56
13619200,3319.26,1820.0788,413.57
13639680,3323.29,1857.9542,416.58
13660160,3327.22,1761.0692,382.41
13680640,3331.09,1772.9112,387.44
13701120,3334.98,1849.7779,409.56
13721600,3338.82,1996.4061,432.55
13742080,3342.90,1938.6336,415.03
13762560,3346.87,1922.4363,416.08
13783040,3350.72,2020.4091,436.36
13803520,3354.48,2086.2012,459.17
13824000,3358.39,1917.5205,436.17
13844480,3370.65,1759.0816,402.94
13864960,3374.19,1811.3007,405.60
13885440,3377.77,1876.2277,418.12
13905920,3381.35,1800.1189,403.15
13926400,3384.92,1821.6045,400.38
13946880,3388.73,1863.8734,398.38
13967360,3392.48,1878.9160,404.13
13987840,3396.37,1916.3356,418.41
14008320,3400.36,1960.6230,427.27
14028800,3404.20,1937.9842,426.81
14049280,3408.47,1884.5317,413.23
14069760,3412.54,1973.3891,426.68
14090240,3417.49,1940.8581,422.76
14110720,3423.13,1905.4771,418.72
14131200,3429.22,1865.7699,412.25
14151680,3435.15,1852.6317,412.03
14172160,3440.74,1899.4340,422.45
14192640,3446.31,1835.2465,408.20
14213120,3452.39,1919.8142,420.09
14233600,3456.76,1971.6629,421.43
14254080,3460.87,1793.8683,393.72
14274560,3465.61,1750.1104,393.53
14295040,3470.05,1696.0483,376.86
14315520,3474.98,1721.7900,378.88
14336000,3480.67,1799.8369,391.23
14356480,3504.64,1765.0630,395.89
14376960,3508.82,1783.6843,403.79
14397440,3514.06,1934.9268,419.40
14417920,3519.65,2031.5233,428.98
14438400,3525.76,1958.6797,422.46
14458880,3532.12,1802.9213,399.44
14479360,3536.46,1902.0051,427.05
14499840,3540.81,1925.9249,422.61
14520320,3545.07,1800.3411,391.57
14540800,3549.13,1769.1896,389.41
14561280,3553.26,2024.5862,432.99
14581760,3557.21,2220.2717,466.79
14602240,3561.16,2151.5473,453.97
14622720,3565.07,2076.8269,435.90
14643200,3569.01,2110.0410,442.72
14663680,3573.05,2074.7101,441.57
14684160,3577.02,1946.7962,414.89
14704640,3580.89,1898.8026,408.24
14725120,3584.85,1869.3288,411.80
14745600,3588.71,1944.1871,420.29
14766080,3592.72,1953.7327,416.91
14786560,3596.59,1894.8125,413.87
14807040,3600.46,1955.9308,431.08
14827520,3604.26,1980.9597,429.35
14848000,3608.10,1851.0901,408.21
14868480,3620.35,1831.8683,399.52
14888960,3623.87,1951.7488,411.52
14909440,3627.41,2010.5318,417.09
14929920,3630.94,1868.9411,394.06
14950400,3634.51,1824.2231,390.18
14970880,3638.63,1979.9082,419.44
14991360,3642.60,1987.7803,429.65
15011840,3646.64,1855.6892,411.33
15032320,3650.61,1912.3216,418.05
15052800,3654.59,1901.9224,420.77
15073280,3658.75,2050.5896,446.10
15093760,3662.84,2160.2577,458.13
15114240,3667.16,2129.5067,443.53
15134720,3671.26,1918.3979,411.93
15155200,3675.26,1867.7409,411.16
15175680,3679.80,1987.8140,429.56
15196160,3684.36,1904.0176,406.46
15216640,3688.39,1918.7793,408.41
15237120,3692.46,1834.7917,399.29
15257600,3696.48,1832.5975,395.66
15278080,3700.64,1938.7879,417.12
15298560,3704.65,1874.9950,414.83
15319040,3708.72,1940.0878,416.30
15339520,3712.79,1976.4639,427.13
15360000,3716.85,1824.7053,402.02
15380480,3729.15,1954.5353,414.73
15400960,3732.68,1997.8837,423.32
15421440,3736.31,2027.6669,436.29
15441920,3740.20,2170.9939,464.46
15462400,3744.17,2044.2122,436.93
15482880,3748.30,1921.3591,408.00
15503360,3752.30,1940.9992,406.31
15523840,3756.20,1946.9577,410.78
15544320,3760.08,2090.1659,438.63
15564800,3764.06,1933.6094,412.20
15585280,3768.28,1771.3876,387.66
15605760,3772.30,1829.8461,390.37
15626240,3776.35,1942.6276,409.61
15646720,3780.32,1924.9197,418.64
15667200,3784.37,1794.6588,389.92
15687680,3788.63,1988.6163,424.19
15708160,3792.69,1970.5059,429.02
15728640,3796.71,1754.0010,389.13
15749120,3800.79,1744.2444,386.04
15769600,3804.82,1839.6262,393.54
15790080,3808.93,1983.7242,411.97
15810560,3812.87,1998.4903,422.11
15831040,3816.88,2127.9289,448.87
15851520,3820.80,2001.8417,429.93
15872000,3824.69,1800.1027,394.01
15892480,3837.03,1874.4648,397.33
15912960,3840.64,1957.3112,412.76
15933440,3844.25,2012.3293,430.99
15953920,3848.05,1939.4988,418.78
15974400,3852.04,1742.1148,384.51
15994880,3856.10,1664.4578,382.34
16015360,3860.13,1850.5542,409.29
16035840,3864.00,2019.2480,433.14
16056320,3867.94,2012.2893,431.73
16076800,3871.85,2093.5806,438.92
16097280,3876.23,2185.8145,452.62
16117760,3880.29,1951.7913,414.44
16138240,3884.44,1919.3271,403.03
16158720,3888.69,1990.9749,418.30
16179200,3892.87,1745.3180,380.13
16199680,3897.18,1858.7494,397.09
16220160,3901.36,2083.6039,442.55
16240640,3905.48,2052.6718,436.48
16261120,3909.67,1919.8276,410.00
16281600,3913.81,1891.0547,400.08
16302080,3917.99,1896.1338,402.94
16322560,3922.12,1916.2125,417.87
16343040,3926.12,1924.5828,410.64
16363520,3930.10,2037.0215,421.58
16384000,3934.15,2044.2280,429.46
16404480,3955.57,1925.2963,408.33
16424960,3959.42,1957.5068,418.12
16445440,3963.36,1783.9029,397.31
16465920,3967.28,1686.5726,377.30
16486400,3971.17,1801.8839,385.95
16506880,3975.20,1784.7752,381.25
16527360,3979.09,1786.5201,381.97
16547840,3983.12,1981.6525,412.82
16568320,3987.00,2008.2572,430.47
16588800,3991.02,1977.6920,427.17
16609280,3995.00,2011.1566,430.88
16629760,3998.92,2077.4168,429.98
16650240,4002.78,1958.7487,415.32
16670720,4006.77,1916.3781,417.09
16691200,4010.81,1901.9544,403.84
16711680,4014.82,1804.5183,382.77
16732160,4018.77,1910.1451,404.25
16752640,4022.78,1887.3999,409.55
16773120,4026.74,1906.7110,404.40
16793600,4030.75,1946.9013,405.78
16814080,4034.86,1963.1251,416.77
16834560,4038.81,2007.7620,432.26
16855040,4042.82,2032.4153,431.29
16875520,4046.82,1934.2132,410.76
16896000,4050.83,1968.1713,422.44
16916480,4063.17,2084.7342,442.25
16936960,4066.85,2034.0389,428.39
16957440,4070.39,1929.7547,412.10
16977920,4074.37,1875.5993,402.04
16998400,4078.37,1858.2755,392.16
17018880,4082.51,1916.5180,399.95
17039360,4086.51,1935.8564,408.63
17059840,4090.42,1869.4098,400.87
17080320,4094.46,1899.9743,410.18
17100800,4098.51,1947.4104,419.72
17121280,4102.78,1928.3500,410.42
17141760,4106.87,1958.8824,420.04
17162240,4110.93,1918.8966,416.74
17182720,4114.89,1840.5040,405.85
17203200,4118.84,1891.0958,420.48
17223680,4123.14,1892.7870,412.34
17244160,4127.17,2047.9826,431.39
17264640,4131.19,2033.7542,427.19
17285120,4135.26,1947.2728,414.00
17305600,4139.30,1899.5442,410.99
17326080,4143.47,1943.5461,417.24
17346560,4147.48,1970.0420,419.05
17367040,4151.86,2112.3205,444.88
17387520,4156.06,2095.8233,444.57
17408000,4160.58,1872.7562,409.69
17428480,4176.06,1805.2732,400.36
17448960,4181.69,1937.0002,413.64
17469440,4185.81,1938.4837,417.84
17489920,4190.30,1893.8145,415.93
17510400,4194.66,1965.6659,417.40
17530880,4198.96,1888.5596,407.40
17551360,4203.85,1839.3446,396.43
17571840,4208.57,1863.8467,401.67
17592320,4213.55,1854.3902,408.30
17612800,4218.07,1866.2421,407.54
17633280,4222.65,1925.7464,418.44
17653760,4227.41,1800.8618,393.10
17674240,4232.25,1796.4478,397.78
17694720,4237.35,2024.9071,436.92
17715200,4242.33,2057.8714,431.82
17735680,4246.60,2014.5755,425.03
17756160,4250.78,1934.1845,421.76
17776640,4254.84,1650.4405,381.33
17797120,4258.95,1765.2516,398.77
17817600,4263.23,1912.9311,416.23
17838080,4267.61,1846.3044,405.33
17858560,4271.81,1974.7519,431.92
17879040,4275.83,2115.4872,459.59
17899520,4280.03,1973.0753,436.89
17920000,4284.13,1936.8257,425.53
17940480,4296.46,1984.2907,438.08
17960960,4300.35,1863.3908,413.84
17981440,4305.46,1846.7601,406.54
18001920,4309.47,2002.0405,443.16
18022400,4313.53,2018.4559,444.63
18042880,4317.58,1837.2100,412.18
18063360,4321.55,1903.9922,422.79
18083840,4325.47,1881.5737,407.70
18104320,4329.37,1692.7192,377.46
18124800,4333.29,1751.8987,384.73
18145280,4337.36,1832.8217,396.98
18165760,4341.30,1727.9097,388.16
18186240,4345.29,1798.0806,396.88
18206720,4349.23,1764.0486,380.42
18227200,4353.22,1831.7869,397.09
18247680,4357.37,2006.3044,433.98
18268160,4361.43,1873.9549,413.01
18288640,4365.39,1827.9134,402.01
18309120,4369.42,1892.9517,401.66
18329600,4373.63,1851.9936,399.33
18350080,4378.18,1812.4865,402.92
18370560,4382.69,1756.4370,400.73
18391040,4386.66,1712.6369,391.70
18411520,4390.60,1712.6024,388.07
18432000,4394.51,1841.2637,406.16
18452480,4415.36,1835.6495,403.66
18472960,4418.90,1783.2010,402.00
18493440,4422.50,1897.5918,424.36
18513920,4426.27,1951.9803,429.97
18534400,4430.00,1822.0076,404.97
18554880,4433.74,1913.1036,428.40
18575360,4437.33,1844.5560,414.72
18595840,4440.97,1859.8380,415.29
18616320,4444.58,1739.1699,395.74
18636800,4448.16,1668.9897,378.81
18657280,4451.92,1850.2941,401.92
18677760,4455.55,1892.1797,415.06
18698240,4459.17,1909.8139,417.76
18718720,4463.29,1903.5297,407.97
18739200,4467.16,1820.1962,395.92
18759680,4471.02,1709.4847,380.09
18780160,4474.82,1733.0418,388.27
18800640,4478.74,1888.7881,420.92
18821120,4482.91,1878.0499,415.48
18841600,4486.71,1620.1264,367.22
18862080,4491.58,1826.9756,407.30
18882560,4497.13,2077.9579,445.67
18903040,4503.25,2056.0775,441.39
18923520,4507.81,1823.3410,412.40
18944000,4512.09,1778.1674,400.73
18964480,4524.63,1762.0355,394.02
18984960,4528.40,1722.5668,382.92
19005440,4532.56,1860.5310,408.02
19025920,4536.80,1897.9290,413.75
19046400,4541.62,1723.2163,383.12
19066880,4546.53,1645.7609,374.74
19087360,4551.42,1720.3552,384.16
19107840,4556.31,1830.0932,396.50
19128320,4561.90,1955.1137,418.09
19148800,4566.73,1899.9031,409.76
19169280,4571.62,1954.3884,421.19
19189760,4576.48,1930.2106,430.01
19210240,4581.55,1886.2997,425.57
19230720,4586.56,1859.6136,413.38
19251200,4591.10,1807.9631,398.80
19271680,4596.10,1947.0041,430.74
19292160,4601.40,1943.8856,426.48
19312640,4606.45,1876.7316,408.20
19333120,4611.06,1894.0459,415.53
19353600,4615.76,1923.4801,426.13
19374080,4621.66,1885.6880,419.85
19394560,4626.60,1899.1211,420.21
19415040,4631.55,1955.9247,430.78
19435520,4637.01,1820.4200,403.10
19456000,4641.97,1791.5121,395.35
19476480,4655.66,1853.8271,403.86
19496960,4660.75,1951.5221,423.48
19517440,4665.64,1943.7393,425.91
19537920,4670.31,1778.4563,402.08
19558400,4675.12,1836.7066,403.32
19578880,4680.14,1764.3951,384.45
19599360,4685.30,1705.6629,375.96
19619840,4690.16,1833.6281,398.95
19640320,4694.95,1890.6724,414.37
19660800,4699.63,1697.6944,377.79
19681280,4704.45,1756.7192,380.86
19701760,4709.61,1932.5884,423.79
19722240,4714.47,1939.1149,431.05
19742720,4720.18,1929.2884,421.40
19763200,4725.01,1864.0790,400.07
19783680,4729.46,1806.2943,398.94
19804160,4733.61,1707.2648,388.36
19824640,4737.73,1788.3529,391.69
19845120,4742.01,1776.0636,384.12
19865600,4746.27,1804.8081,399.01
19886080,4750.61,1898.0010,420.31
19906560,4755.11,1911.2706,421.67
19927040,4759.94,1825.3179,413.81
19947520,4765.00,1823.2456,418.41
19968000,4769.89,1851.3540,411.90
19988480,4783.14,1674.4205,374.41
20008960,4787.99,1698.4310,391.48
20029440,4792.69,1816.3905,408.39
20049920,4798.35,1824.4065,399.33
20070400,4805.01,1770.6045,390.64
20090880,4812.19,1847.8923,410.41
20111360,4818.64,1828.4441,406.98
20131840,4825.25,1766.2179,391.98
20152320,4832.01,1801.2675,394.27
20172800,4836.71,1814.3943,401.18
20193280,4841.61,1779.8282,398.71
20213760,4846.42,1887.7386,420.32
20234240,4851.77,1898.5456,422.15
20254720,4858.00,1974.9182,427.40
20275200,4864.52,2092.9454,449.45
20295680,4871.35,2037.3496,436.87
20316160,4877.36,1982.0950,421.41
20336640,4881.92,2092.1752,447.87
20357120,4886.53,2099.1045,464.34
20377600,4890.78,1945.8668,435.23
20398080,4895.84,1887.8714,414.46
20418560,4900.49,1875.6552,407.60
20439040,4904.93,1947.5039,427.59
20459520,4909.23,1867.7686,412.74
20480000,4913.71,1729.4473,382.82
20500480,4935.71,1823.7565,403.46
20520960,4939.57,1900.8008,416.13
20541440,4944.60,1765.3194,398.79
20561920,4950.82,1741.2951,399.72
20582400,4955.63,1909.6037,420.76
20602880,4960.64,1958.2317,426.53
20623360,4966.08,1903.6123,414.03
20643840,4971.00,1818.9268,396.56
20664320,4975.48,1834.5837,403.56
20684800,4980.15,1842.2536,415.96
20705280,4984.89,1761.0067,407.08
20725760,4989.49,1784.0267,407.99
20746240,4994.03,1882.5359,417.09
20766720,4999.08,1907.5084,420.17
20787200,5004.65,1788.0960,398.95
20807680,5010.86,1788.4952,400.46
20828160,5015.50,1863.0455,417.10
20848640,5020.24,1953.6274,429.25
20869120,5024.97,1936.9546,424.07
20889600,5029.62,1775.3774,401.22
20910080,5034.30,1761.8014,393.27
20930560,5038.84,1810.8671,399.19
20951040,5043.42,1762.2253,390.89
20971520,5048.07,1885.1892,410.76
20992000,5053.34,1911.0347,418.26
21012480,5066.90,1874.2112,411.26
21032960,5072.00,1881.2179,413.87
21053440,5077.09,1885.7543,413.19
21073920,5082.47,1775.1351,395.30
21094400,5088.28,1766.0558,396.42
21114880,5093.45,1844.0321,404.70
21135360,5099.30,1875.5838,410.12
21155840,5104.01,1814.8320,407.56
21176320,5108.62,1894.5077,418.65
21196800,5113.17,1980.4941,437.01
21217280,5118.25,2141.6052,466.62
21237760,5123.17,1977.2433,424.10
21258240,5127.78,1798.4667,395.30
21278720,5132.42,1859.8094,406.01
21299200,5137.05,2007.1967,433.43
21319680,5141.99,1860.4784,407.85
21340160,5147.06,1759.6959,390.44
21360640,5151.92,1844.3309,407.66
21381120,5156.95,1925.0262,424.13
21401600,5162.16,2040.9915,442.36
21422080,5167.67,1891.7677,421.02
21442560,5172.56,1766.3516,398.35
21463040,5177.17,1907.5222,410.72
21483520,5182.53,2052.2115,437.81
21504000,5187.04,1926.3135,422.45
21524480,5200.15,1779.7041,398.20
21544960,5204.95,1834.5451,406.46
21565440,5209.61,1935.7454,419.35
21585920,5214.26,1884.4188,411.45
21606400,5218.95,1919.8844,418.27
21626880,5223.68,1952.5773,423.69
21647360,5228.34,1821.0084,399.55
21667840,5232.92,1919.2736,414.72
21688320,5237.54,1877.4214,407.66
21708800,5242.13,1976.3615,425.38
21729280,5246.83,2039.3356,438.18
21749760,5251.39,1822.3043,403.20
21770240,5256.00,1837.7113,403.57
21790720,5260.47,1974.9662,428.21
21811200,5265.07,1835.1616,404.39
21831680,5269.72,1818.0646,401.58
21852160,5274.95,1949.2860,429.06
21872640,5280.29,2057.4521,446.84
21893120,5285.28,2042.5384,445.23
21913600,5290.32,2013.3250,444.04
21934080,5295.39,1990.6426,428.74
21954560,5300.15,1869.3467,404.01
21975040,5304.94,1899.3192,421.70
21995520,5309.96,2057.3842,444.72
22016000,5314.71,2025.4549,436.80
22036480,5327.58,1969.7817,432.70
22056960,5332.31,2052.9265,437.34
22077440,5336.88,2059.1984,441.20
22097920,5341.50,2125.9531,462.63
22118400,5346.14,1953.5168,422.22
22138880,5350.95,1812.9131,389.64
22159360,5355.57,1923.7027,410.95
22179840,5360.08,2017.4969,428.97
22200320,5364.86,1873.8371,409.32
22220800,5369.51,1774.9374,391.29
22241280,5374.26,1993.6420,430.42
22261760,5378.83,2146.5822,460.04
22282240,5383.47,1950.3256,423.51
22302720,5388.10,1790.3013,394.09
22323200,5392.86,1919.1649,420.72
22343680,5397.56,2039.5481,437.42
22364160,5402.19,2047.4726,437.19
22384640,5406.80,1862.2826,410.37
22405120,5411.50,1878.2006,410.21
22425600,5416.19,1891.0751,409.33
22446080,5420.92,1950.9921,417.80
22466560,5425.56,1957.7989,419.57
22487040,5430.13,1943.6238,421.79
22507520,5434.74,1951.7641,425.49
22528000,5439.36,2042.3997,438.76
22548480,5460.74,2046.6549,440.43
22568960,5465.16,1872.8846,404.06
22589440,5469.69,1869.9280,397.56
22609920,5474.10,1957.8500,416.29
22630400,5478.47,1864.3026,404.35
22650880,5483.13,1814.6878,396.03
22671360,5487.59,1809.1109,390.12
22691840,5491.98,1783.7978,384.97
22712320,5496.37,1910.7254,408.20
22732800,5500.75,2026.3208,419.00
22753280,5505.47,2009.2542,423.28
22773760,5509.95,1887.5857,413.43
22794240,5514.38,1845.2815,397.50
22814720,5518.99,1804.0035,390.61
22835200,5523.46,1904.3534,410.53
22855680,5528.01,1924.9119,414.52
22876160,5532.42,1973.7100,431.83
22896640,5536.73,2015.6887,438.97
22917120,5541.16,2006.2328,436.79
22937600,5545.54,1906.0255,413.43
22958080,5550.12,1761.3273,386.23
22978560,5554.44,1868.6996,406.01
22999040,5558.88,1929.2885,413.58
23019520,5563.13,2011.4117,437.91
23040000,5567.42,2080.9440,457.90
23060480,5579.91,1998.0947,439.63
23080960,5584.12,1918.0461,428.26
23101440,5588.41,1738.8616,391.28
23121920,5592.86,1844.4526,412.61
23142400,5597.07,1908.1061,422.33
23162880,5601.52,1865.8158,404.79
23183360,5605.75,1785.5712,395.57
23203840,5610.00,1783.5758,393.50
23224320,5614.40,1882.1694,409.83
23244800,5618.74,1767.8948,390.53
23265280,5623.13,1768.5848,383.63
23285760,5627.42,1956.7639,414.69
23306240,5631.75,2071.3553,438.42
23326720,5635.95,2069.9670,438.03
23347200,5640.26,1943.6850,419.97
23367680,5644.60,1964.1142,424.47
23388160,5648.88,1931.9935,420.39
23408640,5653.07,1980.0941,435.25
23429120,5657.27,2027.7075,443.89
23449600,5661.56,1962.2089,428.05
23470080,5665.97,1824.3877,393.73
23490560,5670.11,1708.9098,367.45
23511040,5674.32,1843.9692,399.87
23531520,5678.52,1921.2054,415.86
23552000,5682.67,1899.7089,413.14
23572480,5694.92,1894.8769,409.44
23592960,5698.89,1934.2439,416.54
23613440,5702.99,1924.4472,417.65
23633920,5707.15,1776.5237,393.44
23654400,5711.40,1805.8946,403.85
23674880,5715.69,1849.1299,405.52
23695360,5720.18,1666.8605,370.81
23715840,5724.76,1869.1189,403.91
23736320,5730.31,1949.8809,418.18
23756800,5736.81,1784.0552,396.46
23777280,5743.82,1825.9873,406.62
23797760,5750.31,1963.9505,426.34
23818240,5756.74,1916.0863,414.16
23838720,5763.26,1860.9388,399.16
23859200,5769.79,1905.9940,402.97
23879680,5777.00,1889.3767,409.34
23900160,5783.04,1958.7505,425.03
23920640,5787.61,1876.5310,407.83
23941120,5792.94,2025.2089,437.26
23961600,5798.17,2068.5448,447.84
23982080,5803.34,2006.7058,430.03
24002560,5808.33,1932.7807,420.51
24023040,5812.81,1975.9011,424.40
24043520,5817.46,1917.1246,414.83
24064000,5823.20,1901.9635,414.11
24084480,5837.02,1915.5788,416.86
24104960,5842.13,1846.7730,403.93
24125440,5846.74,1936.6701,419.53
24145920,5851.36,1908.4247,418.20
24166400,5855.92,1833.9711,399.57
24186880,5860.61,1807.8016,405.41
24207360,5865.09,1878.6096,417.59
24227840,5869.62,1985.0756,426.53
24248320,5874.16,1961.4937,414.44
24268800,5878.70,1884.8888,403.24
24289280,5883.44,1899.9240,417.53
24309760,5888.04,1997.2352,440.02
24330240,5892.59,1910.9594,422.42
24350720,5897.15,1660.0861,374.57
24371200,5901.95,1853.8212,401.75
24391680,5906.74,2043.1180,435.63
24412160,5911.39,1987.8048,425.36
24432640,5915.99,1879.1905,407.59
24453120,5920.57,1812.2088,395.70
24473600,5925.16,1942.4858,423.84
24494080,5931.06,2166.8510,467.57
24514560,5936.42,2326.5663,491.31
24535040,5941.08,2047.1977,440.19
24555520,5945.66,1949.0977,418.60
24576000,5950.39,2095.8159,444.57
24596480,5971.69,2107.2368,451.89
24616960,5976.20,2140.2272,457.87
24637440,5980.74,1967.4321,429.11
24657920,5985.29,1914.8549,416.05
24678400,5989.75,2116.4417,447.41
24698880,5994.38,2228.2650,469.38
24719360,5999.02,2302.4599,481.40
24739840,6003.70,2177.1924,459.27
24760320,6008.32,2110.2566,452.39
24780800,6013.01,1893.1470,410.97
24801280,6018.66,2001.5551,424.39
24821760,6023.86,2216.3488,467.89
24842240,6029.70,2146.3431,451.06
24862720,6034.77,2143.4095,448.01
24883200,6039.85,1951.8577,420.14
24903680,6044.64,2011.3656,439.14
24924160,6049.18,2150.5937,458.62
24944640,6053.70,2145.4208,452.10
24965120,6058.50,1920.9339,409.38
24985600,6063.24,1838.0680,395.91
25006080,6068.05,2032.9768,430.31
25026560,6072.72,2126.9600,447.43
25047040,6077.36,2112.6317,450.17
25067520,6082.12,2031.1778,443.78
25088000,6086.80,2015.7795,439.86
25108480,6099.96,2123.7780,441.81
25128960,6104.83,2093.7843,439.02
25149440,6109.67,1820.4633,393.79
25169920,6114.44,1940.9783,408.47
25190400,6119.62,2019.5783,427.07
25210880,6125.18,1956.8565,424.21
25231360,6131.18,2014.5292,433.02
25251840,6136.65,1947.3730,421.12
25272320,6141.67,1914.6495,421.24
25292800,6146.62,1975.8786,425.94
25313280,6151.60,2058.7768,435.98
25333760,6156.48,2056.7929,436.47
25354240,6161.27,2178.7881,462.05
25374720,6167.26,2182.7017,457.22
25395200,6171.92,1964.9213,414.59
25415680,6176.75,2030.2245,429.58
25436160,6181.56,2107.8338,448.56
25456640,6186.25,1848.3587,404.33
25477120,6190.85,1811.9367,399.42
25497600,6197.58,1827.4641,408.50
25518080,6202.62,1912.6486,418.95
25538560,6207.41,2089.1626,443.68
25559040,6212.25,2173.8813,450.26
25579520,6218.18,2173.7736,447.37
25600000,6223.89,2113.5880,440.33
25620480,6240.46,2029.4304,436.54
25640960,6245.36,2105.0170,450.13
25661440,6250.12,2150.8560,451.49
25681920,6254.95,2099.1492,447.62
25702400,6259.64,2142.3529,454.27
25722880,6264.69,2137.8942,444.40
25743360,6269.48,1980.5211,426.20
25763840,6274.52,1861.3131,406.76
25784320,6279.30,2019.6287,426.78
25804800,6284.20,2086.7752,432.70
25825280,6289.70,1993.7766,418.09
25845760,6295.03,1979.1480,411.81
25866240,6299.84,2045.9330,430.49
25886720,6304.79,2080.5225,446.95
25907200,6309.47,2035.3526,432.34
25927680,6314.85,1991.5983,423.84
25948160,6320.82,2103.2327,449.45
25968640,6326.02,2127.4617,451.55
25989120,6330.74,2003.8290,424.49
26009600,6336.07,2072.2172,438.31
26030080,6342.83,1701.2776,381.10
26050560,6348.06,1747.9409,377.45
26071040,6352.98,2133.2919,444.05
26091520,6357.85,2213.6757,464.22
26112000,6362.73,2200.3032,455.81
26132480,6377.26,2351.3197,487.27
26152960,6382.25,2229.0225,465.63
26173440,6387.35,1896.5819,400.92
26193920,6392.19,1929.3901,410.18
26214400,6397.58,2035.5957,435.74
26234880,6403.11,1942.6777,426.87
26255360,6408.38,2003.7698,430.32
26275840,6413.51,2104.0368,434.83
26296320,6418.60,2081.1164,435.91
26316800,6423.69,2101.6613,438.89
26337280,6428.66,2083.4310,434.59
26357760,6433.39,2100.2412,436.01
26378240,6438.19,2189.2926,449.45
26398720,6442.97,2120.6501,438.42
26419200,6447.85,2010.9667,429.69
26439680,6452.85,2031.7686,441.89
26460160,6457.63,2152.2946,453.37
26480640,6462.42,2246.0808,463.44
26501120,6467.42,2125.0598,444.22
26521600,6473.28,2014.4778,427.57
26542080,6478.42,2040.3272,437.81
26562560,6483.59,2026.2270,436.80
26583040,6488.59,2186.0646,457.09
26603520,6493.41,2167.7381,454.17
26624000,6498.34,2091.9932,439.68
26644480,6520.30,2155.1880,452.67
26664960,6526.78,2221.5049,468.67
26685440,6532.73,2467.3592,505.36
26705920,6538.31,2459.6870,500.79
26726400,6543.20,2158.9371,446.06
26746880,6549.70,2079.3828,435.28
26767360,6554.53,2118.8304,445.71
26787840,6559.16,2206.5792,465.65
26808320,6563.85,2094.9124,437.90
26828800,6568.61,2111.0809,434.95
26849280,6573.76,2175.8945,446.54
26869760,6578.45,2038.2567,426.04
26890240,6583.25,2072.4730,441.82
26910720,6589.29,2064.4992,445.10
26931200,6594.62,2154.0124,454.79
26951680,6599.64,2220.0497,457.67
26972160,6605.28,2098.9439,435.12
26992640,6610.65,2078.8850,437.67
27013120,6615.92,2083.8654,438.55
27033600,6620.99,2237.2397,468.87
27054080,6626.04,2179.4502,468.53
27074560,6630.77,2093.8447,450.17
27095040,6635.37,2149.6097,449.99
27115520,6639.92,2268.7709,475.08
27136000,6645.36,2387.3993,487.37
27156480,6659.35,2268.1264,469.17
27176960,6664.50,2296.9053,477.61
27197440,6669.79,2212.7986,461.21
27217920,6674.42,2312.2209,481.81
27238400,6679.43,2151.6469,454.28
27258880,6684.45,2014.4365,431.60
27279360,6688.84,1967.2307,430.09
27299840,6693.31,2055.6411,443.38
27320320,6697.90,2137.8075,446.93
27340800,6702.35,2018.0350,412.62
27361280,6706.81,2077.6956,425.20
27381760,6711.11,2143.4892,445.65
27402240,6715.43,1983.2978,420.96
27422720,6720.16,2124.1537,445.80
27443200,6724.69,2316.4121,477.27
27463680,6729.29,2232.3213,471.12
27484160,6733.91,2142.6943,459.70
27504640,6738.37,2167.3545,459.16
27525120,6742.87,2203.3219,456.36
27545600,6747.25,2258.9136,468.50
27566080,6752.41,2207.6561,463.24
27586560,6756.97,2007.6173,427.59
27607040,6761.30,1901.5307,401.35
27627520,6765.68,1928.8789,408.65
27648000,6770.26,1984.0012,422.48
27668480,6782.65,1939.6576,420.20
27688960,6786.92,2001.9704,429.96
27709440,6791.31,2186.6526,468.11
27729920,6795.68,2208.7346,465.38
27750400,6799.99,2073.0211,431.52
27770880,6804.89,2138.2708,447.59
27791360,6809.84,2163.5657,451.32
27811840,6814.66,1929.5414,413.59
27832320,6819.20,2033.5926,425.12
27852800,6824.08,2248.1277,459.87
27873280,6828.69,2277.1457,474.01
27893760,6833.13,2129.2498,454.21
27914240,6837.52,1946.5998,414.93
27934720,6841.94,1947.1241,411.43
27955200,6846.33,1989.2877,418.05
27975680,6850.79,1973.0918,415.46
27996160,6855.28,1783.7501,387.34
28016640,6859.71,1993.6432,418.24
28037120,6864.29,2137.7197,445.86
28057600,6869.49,2134.3992,449.38
28078080,6874.74,2275.4312,476.52
28098560,6879.85,2206.0660,460.69
28119040,6885.05,2198.3605,461.01
28139520,6889.55,2224.2731,463.77
28160000,6894.23,2344.0865,486.76
28180480,6907.06,2175.0800,455.17
28200960,6912.32,2094.4573,445.37
28221440,6917.02,2304.1896,481.38
28241920,6921.87,2173.3336,455.22
28262400,6926.44,2221.2748,452.74
28282880,6931.39,2395.1753,485.23
28303360,6936.04,2288.7806,467.70
28323840,6940.70,2223.0495,455.60
28344320,6945.27,2078.6125,434.00
28364800,6950.19,1922.8317,407.30
28385280,6954.89,1891.8023,403.62
28405760,6959.66,1952.5277,419.40
28426240,6965.56,2262.6776,473.36
28446720,6972.75,2275.0743,466.08
28467200,6980.29,2146.7945,435.74
28487680,6986.46,2061.8919,426.62
28508160,6992.83,2079.8303,432.83
28528640,6999.94,2162.7263,447.50
28549120,7007.25,2253.1206,472.31
28569600,7014.52,2190.7983,468.35
28590080,7022.03,2137.1677,457.56
28610560,7029.29,2178.5810,461.46
28631040,7036.67,2407.4281,496.55
28651520,7044.14,2252.8130,470.66
28672000,7051.21,2311.7552,479.22
28692480,7078.57,2149.2959,446.40
28712960,7085.40,2021.1794,429.49
28733440,7092.41,2146.0223,451.55
28753920,7099.57,2251.8140,472.47
28774400,7106.84,2382.2877,499.38
28794880,7114.12,2263.3895,482.51
28815360,7119.50,2296.8404,479.99
28835840,7124.71,2251.7813,468.51
28856320,7129.80,2211.3129,470.12
28876800,7134.71,2375.1010,499.18
28897280,7139.41,2267.4362,485.27
28917760,7144.04,2168.1849,458.04
28938240,7148.60,2037.4274,427.36
28958720,7153.19,2015.2674,421.22
28979200,7157.84,2055.3284,429.06
28999680,7162.56,2075.0352,440.88
29020160,7167.16,2037.4748,437.27
29040640,7171.72,2189.4079,456.43
29061120,7176.36,2158.3780,452.44
29081600,7181.03,2167.6014,456.16
29102080,7185.80,2121.8155,444.68
29122560,7190.74,2229.9706,460.05
29143040,7196.37,2145.7706,442.69
29163520,7201.26,2222.9790,458.75
29184000,7206.46,2469.8376,498.99
29204480,7219.30,2328.6399,476.18
29224960,7224.30,2014.0206,420.22
29245440,7229.18,1988.8080,420.49
29265920,7234.08,2139.0482,453.22
29286400,7238.85,2175.0950,467.12
29306880,7243.87,2164.4357,471.03
29327360,7249.16,2324.3406,484.84
29347840,7253.93,2145.8888,439.83
29368320,7258.78,2059.0747,427.72
29388800,7264.42,2033.5378,428.75
29409280,7269.87,2196.4036,458.25
29429760,7274.94,2256.2777,480.60
29450240,7279.84,2286.4039,476.57
29470720,7284.90,2249.2221,466.68
29491200,7289.80,2236.1537,462.61
29511680,7294.67,2312.8755,480.74
29532160,7299.66,2384.3863,491.28
29552640,7304.50,2204.2137,457.58
29573120,7309.44,2170.6941,449.22
29593600,7314.46,2022.7177,419.90
29614080,7319.61,2104.2199,432.59
29634560,7325.13,2223.8024,454.75
29655040,7330.08,2192.1950,449.52
29675520,7335.01,2178.5993,447.10
29696000,7339.80,2186.9993,443.26
29716480,7353.00,2172.5176,448.21
29736960,7358.18,2221.3825,467.27
29757440,7364.03,2020.5479,432.19
29777920,7369.42,2054.5301,431.47
29798400,7374.48,2125.1667,438.46
29818880,7379.37,2108.9350,436.71
29839360,7384.18,2222.2801,458.66
29859840,7389.15,2083.5107,447.57
29880320,7394.00,2057.6678,442.04
29900800,7398.77,2090.1129,440.50
29921280,7404.37,2094.6016,444.99
29941760,7409.14,2062.8082,429.17
29962240,7414.24,2306.3726,468.33
29982720,7419.64,2289.6027,478.60
30003200,7424.78,2261.7037,471.64
20480,3.45,164.5401,75.02
40960,7.64,170.8625,77.77
61440,11.68,174.7450,79.19
81920,15.88,177.0439,79.78
102400,19.80,189.6007,81.75
122880,24.29,196.9425,83.86
143360,28.42,200.6430,85.05
163840,32.57,194.7250,84.40
184320,36.66,208.7678,86.88
204800,40.71,223.3242,91.07
225280,44.85,224.2022,89.96
245760,48.97,225.9317,90.68
266240,53.05,229.6484,95.05
286720,57.26,251.9384,96.93
307200,61.38,251.1927,97.08
327680,65.77,256.6186,102.04
348160,69.86,263.5196,104.67
368640,74.08,275.0355,108.97
389120,78.17,273.1663,111.20
409600,82.20,280.9476,113.82
430080,86.52,294.3151,116.60
450560,90.49,307.9308,123.16
471040,94.56,326.4863,127.51
491520,98.66,330.7131,128.34
512000,102.67,348.1413,135.77
532480,109.19,375.3465,145.71
552960,113.14,399.2008,149.17
573440,117.17,384.3828,152.93
593920,121.19,408.4440,161.48
614400,125.21,403.5622,162.07
634880,129.48,445.1093,172.91
655360,133.66,478.0812,193.26
675840,137.92,484.0481,196.01
696320,142.20,462.2204,183.84
716800,146.60,439.9393,173.40
737280,151.18,443.3913,173.85
757760,155.63,466.6286,189.19
778240,160.22,496.9992,196.20
798720,164.80,528.3643,216.61
819200,169.43,545.4556,225.44
839680,174.14,525.2579,217.75
860160,178.87,531.6447,219.35
880640,184.00,560.3377,225.14
901120,188.71,552.2706,222.57
921600,193.44,533.3434,222.87
942080,198.16,587.5741,240.90
962560,202.83,593.4966,245.76
983040,207.56,541.3123,225.64
1003520,212.26,583.3661,232.57
1024000,216.93,603.7941,243.35
1044480,224.00,598.0879,243.98
1064960,228.65,622.0896,262.21
1085440,233.32,652.7632,268.97
1105920,237.91,660.8793,283.30
1126400,242.58,690.2162,285.35
1146880,247.39,688.6935,270.91
1167360,252.09,680.8907,269.85
1187840,256.66,692.1026,275.00
1208320,261.32,667.7955,272.05
1228800,265.99,714.4226,289.50
1249280,270.72,717.2585,291.29
1269760,275.44,753.9010,299.90
1290240,280.05,754.9028,295.08
1310720,284.69,757.0737,295.16
1331200,289.32,764.6187,307.60
1351680,294.15,766.5788,295.61
1372160,298.73,693.8682,271.03
1392640,303.29,715.0638,274.83
1413120,307.91,801.1826,297.34
1433600,312.62,711.8993,282.07
1454080,317.21,812.6005,306.04
1474560,321.87,639.4978,250.00
1495040,326.53,768.7839,280.02
1515520,331.12,858.6008,309.55
1536000,335.73,867.8473,322.57
1556480,345.27,864.7650,314.98
1576960,349.81,866.9334,311.58
1597440,354.36,887.2668,309.63
1617920,358.99,817.3169,289.48
1638400,364.16,764.9864,277.85
1658880,368.91,751.2754,269.96
1679360,373.51,721.8988,280.04
1699840,378.06,775.9874,300.21
1720320,382.59,858.9775,313.59
1740800,387.25,878.4190,310.22
1761280,391.90,867.2202,314.20
1781760,396.46,831.8248,305.16
1802240,401.11,873.6712,315.87
1822720,405.82,872.0994,312.72
1843200,410.43,839.8147,314.40
1863680,415.17,819.8509,309.04
1884160,419.75,847.1721,318.12
1904640,424.34,922.7460,334.30
1925120,428.98,901.5913,315.33
1945600,433.58,949.4126,329.20
1966080,438.26,802.7322,303.12
1986560,442.86,811.6895,306.65
2007040,447.51,837.5649,307.44
2027520,452.94,940.2332,339.71
2048000,458.71,822.2548,294.35
2068480,475.38,807.4420,284.56
2088960,481.07,939.4708,326.10
2109440,486.85,973.7018,333.48
2129920,492.32,934.7223,319.04
2150400,497.05,926.3935,324.31
2170880,501.81,968.6773,330.70
2191360,506.55,1000.0035,344.19
2211840,511.20,900.8580,307.57
2232320,515.98,915.5751,307.79
2252800,520.67,1008.2575,325.62
2273280,525.55,1048.8131,349.63
2293760,530.17,937.5665,318.74
2314240,534.85,1015.9027,328.88
2334720,539.61,1026.2456,344.61
2355200,544.59,1022.0920,339.59
2375680,549.43,1026.4974,341.97
2396160,554.00,957.4334,330.70
2416640,558.71,1005.0733,342.13
2437120,563.34,970.0018,342.57
2457600,568.04,972.4043,346.44
2478080,572.87,931.9618,326.40
2498560,577.57,919.0997,316.48
2519040,582.28,953.5990,329.69
2539520,587.11,982.7131,331.91
2560000,591.88,953.3989,334.54
2580480,601.30,1007.7123,356.12
2600960,606.06,975.1722,345.18
2621440,610.61,976.5328,334.05
2641920,615.19,1026.9019,348.60
2662400,619.89,1023.8386,335.11
2682880,624.71,1004.7142,335.38
2703360,629.42,989.0552,339.76
2723840,634.11,928.7894,320.77
2744320,638.86,938.3698,321.18
2764800,643.57,1010.1226,345.35
2785280,648.31,1082.6136,354.80
2805760,652.99,1063.8052,352.80
2826240,657.69,1067.0057,357.54
2846720,662.39,1020.5187,341.74
2867200,667.09,975.2137,326.13
2887680,671.92,952.7704,321.78
2908160,676.60,1057.0763,344.61
2928640,681.32,1112.4182,367.80
2949120,685.87,1054.4973,355.97
2969600,690.55,910.7438,306.03
2990080,695.31,971.6952,318.53
3010560,699.99,1002.9498,333.75
3031040,704.65,1110.3685,363.90
3051520,709.57,1181.1181,388.52
3072000,714.03,1140.2441,374.88
3092480,724.94,1153.5405,356.52
3112960,729.46,1124.4100,355.77
3133440,733.91,1077.4063,348.55
3153920,738.36,1094.2127,355.10
3174400,742.80,1013.6864,339.71
3194880,747.30,1059.0215,352.38
3215360,751.79,1046.6117,330.93
3235840,756.13,1125.0733,351.41
3256320,760.48,1105.3918,354.84
3276800,764.98,1069.2824,347.04
3297280,769.45,1028.9245,325.50
3317760,773.86,1081.4350,347.70
3338240,778.27,1077.5096,356.05
3358720,782.69,1040.6796,329.50
3379200,787.07,1018.6581,321.99
3399680,791.63,1030.6233,329.12
3420160,795.95,1025.0022,331.09
3440640,800.38,1122.5492,347.21
3461120,804.80,1229.1417,379.49
3481600,809.07,1262.3696,407.12
3502080,813.62,1204.2626,389.75
3522560,818.01,1090.0177,349.90
3543040,822.27,1131.5670,349.82
3563520,826.63,1088.9423,335.37
3584000,831.01,1122.4914,340.39
3604480,842.42,1223.9684,371.29
3624960,846.85,1138.8297,363.21
3645440,851.26,1135.8532,359.20
3665920,855.68,1138.9703,357.46
3686400,860.02,1242.9681,375.18
3706880,864.59,1188.4527,362.13
3727360,868.94,1243.3748,385.72
3747840,873.34,1189.5932,368.75
3768320,877.79,1107.2445,349.26
3788800,882.22,1176.5009,365.81
3809280,886.92,1190.1884,366.03
3829760,891.35,1177.9302,371.24
3850240,895.74,1163.6380,361.64
3870720,900.38,1234.1060,381.02
3891200,904.94,1230.7294,392.05
3911680,909.58,1076.5404,348.66
3932160,914.13,1100.5179,349.57
3952640,918.61,1157.4566,351.15
3973120,923.02,1176.8263,363.42
3993600,927.44,1142.3918,372.24
4014080,931.99,1221.3655,391.06
4034560,936.47,1092.5080,352.42
4055040,940.88,1115.0971,358.21
4075520,945.34,1220.3295,381.72
4096000,949.77,1160.9002,355.06
4116480,964.46,1261.0320,374.44
4136960,968.95,1253.1002,374.71
4157440,973.15,1249.9072,379.81
4177920,977.48,1197.6834,366.83
4198400,981.76,1161.4747,367.68
4218880,986.22,1141.4073,359.98
4239360,990.55,1135.7431,350.11
4259840,994.98,1098.2654,341.30
4280320,999.34,1164.4759,349.96
4300800,1003.60,1170.1965,354.94
4321280,1007.94,1139.8406,354.01
4341760,1012.29,1157.8086,359.09
4362240,1016.69,1188.7935,362.65
4382720,1021.11,1160.0584,342.85
4403200,1025.44,1111.6159,339.82
4423680,1029.89,1186.7255,356.80
4444160,1034.21,1223.8853,371.35
4464640,1038.44,1181.3791,357.98
4485120,1042.82,1086.7492,332.23
4505600,1047.21,1272.3632,368.81
4526080,1051.72,1297.4720,379.88
4546560,1056.18,1317.5027,386.53
4567040,1060.55,1240.0438,371.95
4587520,1065.05,1187.0219,351.11
4608000,1069.35,1212.2268,356.83
4628480,1081.08,1323.0834,379.86
4648960,1085.63,1215.1653,361.04
4669440,1090.10,1229.1689,367.91
4689920,1094.55,1222.5902,378.14
4710400,1098.91,1272.4124,390.37
4730880,1103.40,1249.3732,376.12
4751360,1107.79,1254.5009,371.92
4771840,1112.21,1349.6474,385.98
4792320,1116.68,1293.7732,367.86
4812800,1121.13,1266.2317,365.43
4833280,1125.88,1191.2681,360.79
4853760,1130.38,1148.1992,350.94
4874240,1134.85,1224.0063,354.58
4894720,1139.26,1357.4684,385.86
4915200,1143.70,1276.5719,375.06
4935680,1148.28,1116.8247,339.31
4956160,1152.65,1234.3706,376.29
4976640,1157.07,1363.0693,403.87
4997120,1161.45,1294.5468,385.32
5017600,1165.86,1245.1246,369.51
5038080,1170.38,1282.4046,371.36
5058560,1174.70,1219.7069,363.50
5079040,1179.11,1185.5435,362.36
5099520,1183.50,1188.8967,371.97
5120000,1187.96,1262.0173,388.05
5140480,1199.27,1352.0573,417.01
5160960,1203.55,1334.5278,404.03
5181440,1207.88,1310.5951,383.42
5201920,1212.11,1356.0765,395.80
5222400,1216.37,1392.8292,401.99
5242880,1220.85,1361.0618,387.34
5263360,1225.07,1343.6583,390.81
5283840,1229.39,1398.7144,411.66
5304320,1233.63,1370.5420,400.90
5324800,1237.99,1302.7435,384.96
5345280,1242.43,1311.5635,398.96
5365760,1246.82,1214.6007,374.79
5386240,1251.24,1270.7863,381.60
5406720,1255.64,1284.2135,380.67
5427200,1260.25,1300.6469,376.66
5447680,1264.94,1380.9772,404.73
5468160,1269.47,1402.3457,402.93
5488640,1273.98,1440.1791,404.13
5509120,1278.33,1462.5170,407.49
5529600,1282.78,1359.5807,382.63
5550080,1287.26,1312.0511,388.98
5570560,1291.67,1331.8745,397.89
5591040,1296.02,1409.3885,405.23
5611520,1300.41,1528.9674,424.62
5632000,1304.86,1487.2119,413.03
5652480,1315.47,1438.4079,422.12
5672960,1320.00,1381.6772,420.59
5693440,1324.39,1371.7414,409.37
5713920,1328.77,1426.8339,416.94
5734400,1333.09,1395.7873,403.89
5754880,1337.58,1287.3549,370.38
5775360,1342.04,1327.7965,382.75
5795840,1346.39,1417.8906,414.10
5816320,1350.76,1424.2017,412.90
5836800,1355.18,1417.1982,417.22
5857280,1359.78,1345.3544,399.03
5877760,1364.22,1368.4225,396.10
5898240,1368.65,1362.2081,403.71
5918720,1372.94,1347.2377,410.57
5939200,1377.35,1370.8356,427.34
5959680,1382.05,1419.1925,432.11
5980160,1386.37,1501.1162,438.42
6000640,1390.84,1475.4549,425.91
6021120,1395.30,1389.8799,406.51
6041600,1399.77,1297.9798,388.64
6062080,1404.31,1330.5583,390.51
6082560,1408.69,1397.3454,401.78
6103040,1413.06,1367.4013,398.79
6123520,1417.45,1405.8888,403.81
6144000,1421.92,1483.9085,419.51
6164480,1438.86,1379.3192,386.06
6184960,1443.80,1383.8971,393.27
6205440,1448.30,1477.5307,414.43
6225920,1452.82,1371.3892,383.21
6246400,1457.24,1420.5860,392.33
6266880,1461.70,1474.5086,409.56
6287360,1466.14,1434.6250,410.76
6307840,1470.48,1483.0507,423.78
6328320,1475.00,1500.7245,413.31
6348800,1479.47,1390.6935,381.35
6369280,1484.06,1367.4466,379.95
6389760,1488.48,1459.8801,399.28
6410240,1492.93,1474.8681,401.01
6430720,1497.32,1583.1135,434.93
6451200,1501.71,1562.6788,429.26
6471680,1506.32,1491.7898,398.56
6492160,1510.73,1531.7474,401.06
6512640,1515.14,1554.4894,414.82
6533120,1519.37,1639.7392,439.86
6553600,1523.87,1680.1676,449.23
6574080,1528.48,1730.4370,457.35
6594560,1532.92,1729.9355,461.23
6615040,1537.27,1684.5901,454.55
6635520,1541.61,1656.6560,449.03
6656000,1546.04,1694.4955,438.74
6676480,1558.15,1613.0431,416.07
6696960,1562.54,1571.1722,411.90
6717440,1566.89,1511.4484,400.57
6737920,1571.21,1575.4728,416.69
6758400,1575.35,1606.7175,421.28
6778880,1579.87,1514.9278,405.09
6799360,1584.42,1599.4019,416.34
6819840,1588.79,1667.9966,423.40
6840320,1593.29,1663.8121,431.61
6860800,1597.66,1590.4655,429.83
6881280,1602.29,1586.6472,414.53
6901760,1606.62,1534.9525,396.86
6922240,1611.03,1597.1876,413.97
6942720,1615.52,1729.1121,439.45
6963200,1620.09,1713.7275,439.89
6983680,1624.82,1663.7565,427.68
7004160,1629.29,1621.6651,408.24
7024640,1633.73,1649.1958,411.57
7045120,1638.10,1652.8436,418.64
7065600,1642.47,1639.7387,408.35
7086080,1646.87,1679.1750,409.12
7106560,1651.22,1655.5287,413.46
7127040,1655.59,1613.4938,408.72
7147520,1659.95,1704.4217,421.58
7168000,1664.35,1716.1382,422.34
7188480,1676.40,1678.8526,415.08
7208960,1680.77,1790.4547,437.72
7229440,1685.15,1656.6375,403.90
7249920,1689.49,1533.1222,379.95
7270400,1693.72,1733.5157,426.87
7290880,1698.15,1807.4284,441.95
7311360,1702.51,1711.1840,431.06
7331840,1706.87,1696.8715,428.06
7352320,1711.19,1702.3863,421.57
7372800,1715.48,1687.3618,415.74
7393280,1719.82,1670.7894,411.69
7413760,1724.00,1724.1636,431.24
7434240,1728.32,1819.7763,448.43
7454720,1732.60,1722.2003,420.43
7475200,1736.81,1725.8308,418.68
7495680,1741.24,1740.6876,423.78
7516160,1745.48,1746.2855,425.96
7536640,1749.72,1677.2400,411.62
7557120,1753.91,1699.8789,423.80
7577600,1758.17,1750.0750,435.80
7598080,1762.57,1781.3665,442.17
7618560,1766.83,1767.6492,435.21
7639040,1770.95,1903.0371,464.53
7659520,1775.18,1819.2888,447.67
7680000,1779.29,1655.0047,406.24
7700480,1791.38,1728.9983,414.18
7720960,1795.60,1745.8327,419.85
7741440,1799.85,1831.1649,441.08
7761920,1804.36,1887.0372,452.15
7782400,1808.66,1754.9061,429.37
7802880,1813.13,1672.8328,405.13
7823360,1817.52,1658.5027,400.45
7843840,1821.80,1764.2556,435.05
7864320,1826.15,1843.5841,456.40
7884800,1830.39,1838.4108,454.48
7905280,1834.91,1785.7824,432.23
7925760,1839.30,1765.9135,421.60
7946240,1843.73,1720.2565,410.70
7966720,1848.09,1771.2294,427.39
7987200,1852.50,1794.0003,426.39
8007680,1857.00,1772.1080,413.53
8028160,1861.31,1777.8516,419.26
8048640,1865.59,1763.1865,426.41
8069120,1869.90,1745.1081,426.48
8089600,1874.27,1737.0890,424.87
8110080,1878.87,1723.0055,417.96
8130560,1883.23,1781.0787,425.09
8151040,1887.65,1871.5119,441.00
8171520,1892.07,1893.6815,441.31
8192000,1896.46,1709.5215,401.09
8212480,1914.12,1736.2137,406.15
8232960,1918.42,1779.0551,418.32
8253440,1922.87,1862.5318,426.86
8273920,1927.18,1845.2474,419.81
8294400,1931.61,1770.1124,411.25
8314880,1935.99,1748.8009,405.22
8335360,1940.33,1851.7419,427.86
8355840,1944.64,1912.5258,448.97
8376320,1949.07,1876.1541,436.62
8396800,1953.39,1793.5505,404.63
8417280,1957.86,1752.9677,405.24
8437760,1962.10,1759.5375,411.69
8458240,1966.46,1834.6271,420.58
8478720,1970.77,1902.1661,433.39
8499200,1975.13,1808.4096,416.53
8519680,1979.76,1799.3254,419.05
8540160,1984.35,1812.5838,419.54
8560640,1988.81,1722.5122,401.21
8581120,1993.19,1718.4489,408.13
8601600,1997.49,1919.1186,437.83
8622080,2002.04,2036.7262,456.42
8642560,2006.47,1947.1770,444.23
8663040,2010.82,1897.0980,430.12
8683520,2015.25,1902.3871,433.92
8704000,2019.60,1972.6851,451.17
8724480,2032.07,2021.9039,451.67
8744960,2036.53,1887.6370,423.47
8765440,2040.78,1801.7423,413.43
8785920,2045.16,1912.5899,429.04
8806400,2049.39,1936.1574,431.51
8826880,2054.02,1827.3931,410.14
8847360,2058.47,1846.5608,414.96
8867840,2062.94,2021.0889,449.88
8888320,2067.32,1989.5776,440.60
8908800,2071.71,2008.5403,448.04
8929280,2076.21,1986.2269,442.65
8949760,2080.57,1881.9126,423.08
8970240,2084.99,2005.0641,443.79
8990720,2089.45,2103.7783,462.64
9011200,2094.00,1957.1026,437.33
9031680,2098.59,1817.4340,406.80
9052160,2103.10,1774.6617,397.47
9072640,2107.61,1835.0832,407.62
9093120,2112.03,1958.9853,430.48
9113600,2116.58,1922.9862,420.90
9134080,2121.18,2041.6407,446.01
9154560,2125.64,2083.8112,452.58
9175040,2130.08,2112.4650,456.65
9195520,2134.51,1956.2954,437.67
9216000,2138.98,1806.3796,417.44
9236480,2151.57,1931.1840,446.16
9256960,2156.04,2090.6765,476.36
9277440,2160.73,2048.4644,448.87
9297920,2165.34,1986.1894,431.17
9318400,2169.86,2044.2456,442.15
9338880,2174.30,1940.0599,425.91
9359360,2178.70,1799.8354,408.90
9379840,2183.03,1741.4935,396.73
9400320,2187.42,1809.6155,407.38
9420800,2191.85,1905.8445,425.82
9441280,2196.26,1906.2553,414.85
9461760,2200.61,1738.8900,373.83
9482240,2204.92,1922.5429,407.97
9502720,2209.26,2221.3548,458.85
9523200,2213.65,2273.6887,476.37
9543680,2218.06,1876.7655,414.28
9564160,2222.41,1941.3299,425.64
9584640,2226.68,2075.8125,443.95
9605120,2231.13,2082.3365,444.80
9625600,2235.38,2033.6670,431.02
9646080,2239.82,1975.7560,416.27
9666560,2244.19,2016.0156,431.95
9687040,2248.47,2150.4652,453.00
9707520,2252.77,2176.5108,460.45
9728000,2257.04,2233.8597,466.95
9748480,2269.52,2209.8434,465.44
9768960,2273.83,2014.9289,441.79
9789440,2278.07,2080.2682,445.25
9809920,2282.24,2043.4286,431.40
9830400,2286.53,1957.5075,414.78
9850880,2291.08,2019.1602,422.35
9871360,2295.48,1946.6457,403.53
9891840,2299.97,1878.5405,396.32
9912320,2304.40,1987.9668,428.43
9932800,2308.86,1970.3094,431.87
9953280,2313.31,1989.0264,432.43
9973760,2317.59,1962.9175,429.74
9994240,2322.41,1957.0368,419.80
10014720,2327.18,2199.5369,458.58
10035200,2331.68,2115.9253,442.72
10055680,2336.22,1952.3395,417.87
10076160,2341.15,1968.1523,417.00
10096640,2346.03,2120.8947,440.31
10117120,2350.73,2064.0058,432.10
10137600,2355.34,2116.4204,443.23
10158080,2360.16,2119.3472,446.15
10178560,2364.79,2039.8726,429.96
10199040,2369.45,1898.5981,403.48
10219520,2374.09,1977.5746,418.55
10240000,2378.80,2112.4377,447.83
10260480,2398.87,2086.4863,444.20
10280960,2403.21,2139.5516,448.30
10301440,2407.86,2075.3280,438.00
10321920,2412.43,2032.2249,430.99
10342400,2416.95,2051.1203,436.76
10362880,2421.62,1948.9267,413.93
10383360,2426.18,1940.7043,418.15
10403840,2430.83,2167.0539,456.60
10424320,2435.45,2206.3827,451.22
10444800,2440.04,2113.8121,427.87
10465280,2444.72,2051.9282,413.59
10485760,2449.28,1996.6027,405.21
10506240,2453.85,2076.6193,427.62
10526720,2458.40,2165.1760,438.56
10547200,2462.95,2070.3149,427.69
10567680,2467.66,2007.3503,416.56
10588160,2472.20,2137.9728,438.52
10608640,2476.75,2107.8199,441.06
10629120,2481.40,2089.0257,438.69
10649600,2485.91,1993.2880,410.19
10670080,2490.62,1985.3318,403.37
10690560,2495.21,2175.7157,435.03
10711040,2499.71,2233.8916,440.55
10731520,2504.33,2170.7976,439.19
10752000,2508.90,2106.6849,431.01
10772480,2521.97,2144.2928,431.84
10792960,2526.63,2033.6760,415.15
10813440,2531.10,1821.8005,379.32
10833920,2535.61,1899.7435,390.15
10854400,2540.23,2136.1206,433.55
10874880,2544.94,2168.9319,436.98
10895360,2549.60,2109.5796,419.62
10915840,2554.24,2116.9515,422.12
10936320,2558.81,2145.6931,428.70
10956800,2563.59,2125.9866,420.77
10977280,2568.32,2226.8611,443.52
10997760,2572.98,2107.7271,428.48
11018240,2577.53,2096.2949,424.26
11038720,2582.17,2071.4973,417.13
11059200,2586.86,1963.1159,400.33
11079680,2591.66,2028.8849,412.75
11100160,2596.23,2093.1356,415.34
11120640,2600.89,2051.6073,409.00
11141120,2605.64,2132.2812,429.64
11161600,2610.21,2261.3889,448.17
11182080,2614.91,2270.2233,447.65
11202560,2619.43,2313.5420,453.45
11223040,2624.03,2139.0192,425.85
11243520,2628.64,1959.6920,393.99
11264000,2633.29,2064.0583,410.01
11284480,2646.01,2049.2915,412.93
11304960,2650.69,2116.0194,423.35
11325440,2655.24,2227.3660,439.66
11345920,2659.83,2219.7866,439.62
11366400,2664.44,2178.4727,434.01
11386880,2669.21,2303.4547,455.65
11407360,2673.77,2196.0526,438.95
11427840,2678.32,2105.4075,431.57
11448320,2682.91,2083.1640,424.58
11468800,2687.50,2069.8516,412.94
11489280,2692.21,2019.0219,404.40
11509760,2696.69,2096.4664,421.84
11530240,2701.58,2179.8711,432.94
11550720,2706.32,2214.7562,431.19
11571200,2710.91,2382.4810,458.44
11591680,2715.67,2301.1057,449.17
11612160,2720.25,2317.1548,451.27
11632640,2724.86,2152.0424,426.28
11653120,2729.46,2145.8901,429.04
11673600,2733.96,2142.2889,426.97
11694080,2738.72,2063.0301,414.37
11714560,2743.30,2064.8870,414.00
11735040,2747.96,2146.1225,423.47
11755520,2752.62,2112.1589,418.64
11776000,2757.21,2022.9172,405.84
11796480,2769.87,2013.7799,409.67
11816960,2774.46,2128.6332,423.49
11837440,2778.95,2183.1632,433.43
11857920,2783.56,2238.6907,440.35
11878400,2788.09,2217.7686,436.79
11898880,2792.69,2189.0966,435.46
11919360,2797.27,2069.1172,410.10
11939840,2801.79,2144.6491,423.38
11960320,2806.49,2175.6911,430.89
11980800,2811.12,2209.2218,443.63
12001280,2815.89,2466.3856,488.26
12021760,2820.48,2362.6781,467.05
12042240,2825.18,2240.2471,444.08
12062720,2829.81,2187.8634,438.17
12083200,2834.54,2200.4889,440.77
12103680,2839.32,2024.7611,405.55
12124160,2844.02,1920.5149,390.13
12144640,2848.67,1972.8341,406.39
12165120,2853.40,2037.7576,412.53
12185600,2858.03,2160.7170,426.77
12206080,2862.73,2120.5520,419.52
12226560,2867.49,2171.0278,429.57
12247040,2872.12,2139.9940,418.62
12267520,2876.75,2265.8356,432.37
12288000,2881.78,2305.8137,446.57
12308480,2902.81,2193.9735,434.65
12328960,2907.07,2179.7754,428.40
12349440,2911.70,2225.2489,434.94
12369920,2916.22,2260.2976,444.10
12390400,2920.70,2210.7256,442.96
12410880,2925.42,2223.0387,441.26
12431360,2929.95,2157.1857,423.27
12451840,2934.59,2163.4061,421.51
12472320,2939.14,2095.8835,412.81
12492800,2943.75,2142.6277,425.96
12513280,2948.52,2155.6061,430.54
12533760,2953.04,2049.8573,423.86
12554240,2957.64,2036.1708,437.34
12574720,2962.32,2095.1695,452.83
12595200,2966.87,2006.0133,431.79
12615680,2971.54,2091.8593,450.50
12636160,2976.03,2125.6283,446.63
12656640,2980.67,2146.0684,443.86
12677120,2985.30,2160.5230,446.04
12697600,2989.95,2161.9052,442.77
12718080,2994.67,1936.0705,399.30
12738560,2999.29,1967.5399,406.21
12759040,3003.96,2141.7526,440.32
12779520,3008.56,2207.9800,451.76
12800000,3013.24,2082.5353,430.01
12820480,3026.01,1982.3105,412.17
12840960,3030.69,2008.1613,414.68
12861440,3035.24,2119.9229,436.96
12881920,3039.77,2124.8993,435.34
12902400,3044.39,2048.9262,423.01
12922880,3049.18,1968.2716,408.92
12943360,3053.73,1986.7550,416.94
12963840,3058.26,2125.2049,438.53
12984320,3063.31,2126.0719,422.69
13004800,3067.94,2092.7449,413.80
13025280,3072.66,2002.9286,402.60
13045760,3077.30,1919.5477,404.71
13066240,3081.84,2028.3345,428.83
13086720,3086.35,2070.1445,424.17
13107200,3090.86,2132.1826,433.30
13127680,3095.73,2195.5611,448.50
13148160,3100.36,2221.3581,452.31
13168640,3105.06,2154.4511,438.47
13189120,3109.72,2070.8874,423.04
13209600,3114.42,2041.0672,417.73
13230080,3119.14,2013.8402,413.51
13250560,3123.74,2045.1080,427.15
13271040,3128.45,2095.6684,446.12
13291520,3133.05,2106.5538,440.26
13312000,3137.74,2119.2132,428.56
13332480,3150.45,2278.1327,454.85
13352960,3155.18,2265.1461,459.31
13373440,3159.75,2081.7911,425.96
13393920,3164.33,1979.4185,401.03
13414400,3168.90,2111.3103,420.40
13434880,3173.60,2149.3376,428.76
13455360,3178.14,2154.0454,434.29
13475840,3182.74,2205.6865,445.22
13496320,3187.30,2059.9122,430.01
13516800,3191.82,1961.2356,416.20
13537280,3196.43,1914.1778,407.38
13557760,3201.12,2155.1395,443.96
13578240,3205.73,2219.4088,450.59
13598720,3210.35,2212.6640,437.12
13619200,3214.97,2343.6636,461.93
13639680,3219.70,2291.3551,458.74
13660160,3224.33,2122.1491,424.98
13680640,3228.95,2172.2443,431.56
13701120,3233.48,2099.3307,424.80
13721600,3238.09,2078.3900,427.07
13742080,3243.24,2124.1662,437.24
13762560,3247.94,2126.6805,434.67
13783040,3252.60,2068.7078,420.43
13803520,3257.26,2033.9306,410.95
13824000,3261.85,2022.8636,414.59
13844480,3274.44,2110.0909,435.70
13864960,3279.01,2068.4873,426.40
13885440,3283.46,2079.5402,424.19
13905920,3287.91,2096.5957,426.71
13926400,3292.34,2149.1860,430.67
13946880,3296.87,2171.3465,427.61
13967360,3301.31,2089.9237,412.82
13987840,3305.83,2024.5365,409.40
14008320,3310.29,2035.5956,418.61
14028800,3314.79,2152.0542,434.61
14049280,3319.44,2040.4897,417.88
14069760,3323.89,2120.2975,432.11
14090240,3328.42,2153.7755,425.19
14110720,3332.79,2080.6537,410.94
14131200,3337.17,1916.3362,396.61
14151680,3341.81,1915.0572,399.38
14172160,3346.24,2063.7145,417.83
14192640,3350.74,2180.2396,435.71
14213120,3355.21,2184.1158,438.58
14233600,3359.69,2157.9834,436.13
14254080,3364.45,2186.1571,445.49
14274560,3369.13,2198.5999,445.91
14295040,3373.67,2231.8146,451.63
14315520,3378.26,2252.9339,451.22
14336000,3382.76,1990.1802,409.57
14356480,3404.53,1948.9992,400.64
14376960,3408.38,1981.9020,398.30
14397440,3412.89,2124.0007,425.23
14417920,3417.33,2218.3043,443.58
14438400,3422.18,2161.8382,424.18
14458880,3426.89,2195.4345,425.14
14479360,3431.57,2289.2539,445.65
14499840,3436.15,2122.9578,429.29
14520320,3441.43,1943.2514,398.06
14540800,3446.42,1976.7225,406.48
14561280,3451.44,2073.7602,427.81
14581760,3456.12,2047.2946,421.38
14602240,3461.17,2060.8855,417.04
14622720,3466.05,2204.6355,433.37
14643200,3470.90,2228.1959,439.13
14663680,3475.96,2161.6968,435.73
14684160,3480.91,2218.1692,443.68
14704640,3485.81,2222.7563,444.25
14725120,3490.83,2085.8250,429.88
14745600,3495.77,2157.9803,434.27
14766080,3500.87,2273.4854,446.97
14786560,3505.87,2378.9926,461.99
14807040,3510.89,2239.5287,437.28
14827520,3515.88,2052.3814,408.87
14848000,3520.87,2133.1812,426.17
14868480,3534.13,2156.1280,435.95
14888960,3539.24,2127.2206,426.98
14909440,3544.15,2079.7558,418.76
14929920,3549.28,2046.4375,417.74
14950400,3554.15,2081.5194,426.23
14970880,3559.42,2227.7706,449.49
14991360,3564.39,2154.3925,434.41
15011840,3569.19,2224.6314,451.74
15032320,3574.17,2155.7594,438.97
15052800,3579.10,2043.3301,419.88
15073280,3584.11,2125.4771,431.05
15093760,3589.04,2154.3037,440.94
15114240,3593.86,2036.1063,412.25
15134720,3598.78,2082.1654,416.55
15155200,3604.17,2181.6850,437.64
15175680,3609.10,2051.4182,412.57
15196160,3614.02,1939.8493,384.07
15216640,3618.91,2245.1573,441.15
15237120,3623.85,2217.6785,441.51
15257600,3628.78,1987.1287,410.24
15278080,3633.83,2153.8440,441.80
15298560,3638.71,2200.9204,445.40
15319040,3643.62,2227.3685,444.48
15339520,3648.43,2304.9145,455.67
15360000,3653.35,2295.8890,455.87
15380480,3667.06,2322.2972,452.27
15400960,3672.09,2155.7522,420.39
15421440,3677.25,1961.3109,398.14
15441920,3682.31,1994.4760,401.94
15462400,3687.45,2162.5514,422.63
15482880,3692.57,2169.2790,433.13
15503360,3697.70,2020.4040,416.68
15523840,3702.67,2040.1979,416.10
15544320,3707.74,2196.0169,436.06
15564800,3712.75,2155.1295,424.77
15585280,3717.98,2180.7131,429.22
15605760,3723.11,2122.1403,420.52
15626240,3728.24,2147.8892,418.61
15646720,3733.36,2353.9196,457.80
15667200,3738.45,2305.0654,450.70
15687680,3743.71,2185.7569,429.60
15708160,3748.78,2110.6598,419.87
15728640,3754.00,2103.4500,419.25
15749120,3759.12,2225.7652,441.90
15769600,3764.24,2152.6974,433.99
15790080,3769.47,2042.0250,413.98
15810560,3774.57,2158.0165,430.24
15831040,3779.68,2167.3000,428.62
15851520,3785.26,2064.1603,419.50
15872000,3790.44,2129.0467,427.00
15892480,3804.35,2203.6255,429.70
15912960,3809.55,2069.6915,411.68
15933440,3814.65,1994.9367,400.90
15953920,3819.73,2030.2958,406.91
15974400,3824.86,2062.7948,414.84
15994880,3830.08,1873.8694,384.43
16015360,3835.25,1941.2170,390.84
16035840,3840.40,2149.3112,424.63
16056320,3845.59,2040.2854,408.42
16076800,3850.67,2073.9319,414.12
16097280,3855.90,2251.7360,441.07
16117760,3860.91,2313.4710,447.07
16138240,3866.10,2167.6404,433.25
16158720,3871.14,2101.1855,425.32
16179200,3876.29,2147.3669,427.94
16199680,3881.43,2176.5581,432.02
16220160,3886.57,2192.4716,438.20
16240640,3891.51,2250.1119,439.24
16261120,3896.64,2326.5458,453.68
16281600,3901.67,2225.9757,438.58
16302080,3906.99,2183.2461,430.93
16322560,3912.05,2293.3035,450.27
16343040,3917.13,2484.2121,483.94
16363520,3922.16,2303.9460,453.71
16384000,3927.27,2224.4247,441.85
16404480,3949.31,2090.0673,424.64
16424960,3954.45,2082.0846,425.68
16445440,3959.26,2294.5267,454.12
16465920,3964.77,2206.8485,438.61
16486400,3969.87,2102.1442,423.86
16506880,3975.17,2113.2529,425.26
16527360,3980.37,2188.0561,434.54
16547840,3985.48,2325.8150,455.13
16568320,3990.61,2188.8909,429.21
16588800,3995.73,2072.4652,404.30
16609280,4000.96,2158.3232,414.60
16629760,4006.04,2110.5859,417.31
16650240,4011.15,2185.1518,432.98
16670720,4016.17,2251.8568,442.08
16691200,4021.46,2075.4215,408.49
16711680,4026.75,2070.9458,404.79
16732160,4031.93,2207.7370,429.25
16752640,4036.93,2124.3230,420.72
16773120,4042.20,2252.8800,449.57
16793600,4047.28,2263.1957,451.52
16814080,4052.56,2275.4961,449.62
16834560,4057.72,2220.4739,434.42
16855040,4062.88,2248.9878,445.56
16875520,4068.05,2358.8070,465.44
16896000,4073.16,2349.2716,464.91
16916480,4086.80,2184.5341,433.05
16936960,4091.84,2132.1014,416.96
16957440,4096.93,2072.4061,409.38
16977920,4101.95,2121.3151,422.55
16998400,4106.97,2164.2108,433.09
17018880,4112.05,2067.8063,414.05
17039360,4117.19,2039.1239,404.70
17059840,4122.21,2040.0654,401.29
17080320,4127.27,1934.8628,387.87
17100800,4132.38,2156.1871,431.94
17121280,4137.62,2256.5172,451.72
17141760,4143.08,2144.2332,424.65
17162240,4148.28,2050.9533,400.71
17182720,4153.33,2019.2711,398.66
17203200,4158.32,1998.4347,396.46
17223680,4163.40,1942.8262,386.18
17244160,4168.46,1928.2102,386.51
17264640,4173.41,1960.4483,399.92
17285120,4178.44,2178.1297,435.33
17305600,4183.41,2303.2282,452.73
17326080,4188.51,2276.2201,451.38
17346560,4193.45,2370.8781,465.37
17367040,4198.68,2286.1609,449.01
17387520,4204.01,2212.1853,437.91
17408000,4209.28,2238.3205,440.31
17428480,4225.26,2264.8047,443.63
17448960,4231.13,2371.7316,461.94
17469440,4236.84,2285.1435,443.88
17489920,4241.88,2116.5547,418.86
17510400,4246.75,2143.4462,425.81
17530880,4251.71,2075.7966,415.13
17551360,4256.55,2065.9789,409.92
17571840,4261.27,2120.8087,425.71
17592320,4266.05,1970.2046,408.90
17612800,4270.76,1994.5084,413.87
17633280,4275.90,2176.4966,448.62
17653760,4280.80,2200.8586,448.49
17674240,4285.80,2177.4215,440.83
17694720,4290.62,2114.9159,432.02
17715200,4295.59,2061.4306,418.08
17735680,4300.58,1952.3275,406.42
17756160,4305.47,1891.5020,399.71
17776640,4310.25,2026.4667,415.41
17797120,4315.10,2081.5291,420.68
17817600,4319.94,1977.2745,406.51
17838080,4325.62,2081.5869,424.88
17858560,4330.44,1971.7984,410.13
17879040,4335.39,2062.4372,428.10
17899520,4340.28,2045.6347,425.34
17920000,4345.20,1960.2166,412.94
17940480,4358.55,2097.3978,442.18
17960960,4363.49,2096.3854,438.47
17981440,4368.36,2067.6337,430.33
18001920,4373.24,1957.6256,409.72
18022400,4378.14,1920.6980,395.90
18042880,4383.23,2071.3135,422.46
18063360,4389.18,2135.2102,435.63
18083840,4394.08,2226.5487,447.05
18104320,4398.69,2340.2195,465.08
18124800,4403.33,2214.8010,451.14
18145280,4408.20,1988.4421,415.63
18165760,4412.88,1906.9695,398.49
18186240,4417.55,2055.1603,416.00
18206720,4422.17,1925.4289,391.15
18227200,4426.90,1953.0601,397.73
18247680,4431.56,1959.2347,405.95
18268160,4436.05,1892.0215,394.42
18288640,4440.66,2147.4203,431.43
18309120,4445.29,2256.7013,447.68
18329600,4449.95,2145.4984,432.05
18350080,4454.73,2062.1690,413.53
18370560,4459.29,2025.6857,413.00
18391040,4463.92,2079.3700,423.83
18411520,4468.42,2112.1452,434.26
18432000,4472.99,1960.0130,413.19
18452480,4494.30,1954.2284,402.23
18472960,4498.72,2022.8729,413.34
18493440,4503.41,2112.1367,434.07
18513920,4508.06,2117.9490,433.02
18534400,4512.54,2113.0918,430.24
18554880,4517.10,2066.9436,428.96
18575360,4521.54,2109.4592,429.35
18595840,4525.98,1947.7835,405.69
18616320,4530.52,1895.1737,402.18
18636800,4534.97,2057.9448,427.41
18657280,4539.66,2099.4695,433.16
18677760,4544.15,2044.5033,424.29
18698240,4548.74,2217.1040,460.16
18718720,4553.22,2265.3517,465.03
18739200,4557.71,1948.2811,408.07
18759680,4562.62,1988.1679,419.35
18780160,4567.30,2138.4089,438.92
18800640,4572.02,2038.7112,425.02
18821120,4576.74,1893.9945,401.47
18841600,4581.51,1840.6911,394.00
18862080,4586.26,1977.0574,410.37
18882560,4590.98,2009.6177,407.20
18903040,4595.65,2033.8125,411.24
18923520,4600.29,2048.6411,417.17
18944000,4604.98,2085.0728,424.84
18964480,4617.68,2095.8598,428.22
18984960,4622.43,2156.7104,439.30
19005440,4626.98,2177.8214,441.10
19025920,4631.62,2185.3004,439.69
19046400,4636.21,2065.3822,420.58
19066880,4640.89,2205.4773,450.36
19087360,4645.52,2146.7672,438.56
19107840,4649.94,2104.7569,428.32
19128320,4654.51,2002.0534,410.56
19148800,4659.07,1973.6819,403.18
19169280,4663.86,2041.0969,420.71
19189760,4668.34,2004.1334,419.80
19210240,4672.90,1954.6829,409.03
19230720,4677.42,1850.3333,387.12
19251200,4682.10,2033.7273,415.69
19271680,4687.29,2051.9909,428.20
19292160,4691.79,1998.4179,421.37
19312640,4696.51,1888.5263,397.68
19333120,4701.04,1887.6824,395.83
19353600,4705.52,2038.8474,420.20
19374080,4710.21,2047.9937,419.30
19394560,4714.66,1801.7359,385.04
19415040,4719.20,1890.6605,398.50
19435520,4723.72,2095.9726,432.87
19456000,4728.25,2144.6743,444.91
19476480,4740.99,2051.9191,430.33
19496960,4745.72,2018.0259,421.78
19517440,4750.23,1904.9667,398.41
19537920,4754.62,1858.2701,391.33
19558400,4759.08,1944.4794,406.19
19578880,4763.59,2027.2211,425.46
19599360,4768.04,2000.3844,417.83
19619840,4772.62,1900.5408,402.53
19640320,4777.11,1856.9988,393.36
19660800,4781.58,1858.3149,388.49
19681280,4786.15,2010.2021,409.66
19701760,4790.60,1987.2273,406.12
19722240,4795.07,1896.8223,395.83
19742720,4799.56,2013.9157,420.09
19763200,4804.03,1976.9799,410.56
19783680,4808.69,1956.5900,401.57
19804160,4813.21,2083.1945,424.42
19824640,4817.71,2033.4071,413.93
19845120,4822.21,2035.8289,414.94
19865600,4826.74,2076.1095,427.58
19886080,4831.58,1999.7208,420.18
19906560,4836.17,1957.2564,416.78
19927040,4840.82,2063.2034,428.28
19947520,4845.43,2084.0302,430.74
19968000,4850.13,1962.5942,412.38
19988480,4863.05,1921.9854,401.32
20008960,4868.29,2017.1867,421.11
20029440,4872.91,1997.8822,416.53
20049920,4877.59,1909.9525,399.15
20070400,4882.19,2037.1708,423.13
20090880,4886.94,2120.3745,445.53
20111360,4891.41,2113.8385,444.80
20131840,4895.98,1959.9227,414.40
20152320,4900.36,1840.0166,389.44
20172800,4904.89,1965.0165,415.01
20193280,4909.68,2052.6828,434.18
20213760,4914.16,2022.8687,424.44
20234240,4918.71,2129.1595,439.07
20254720,4923.26,2012.8954,425.33
20275200,4927.87,1926.9165,409.93
20295680,4932.57,2089.8477,432.64
20316160,4937.09,2300.1320,463.41
20336640,4941.62,2098.6753,427.37
20357120,4946.04,1932.6515,401.49
20377600,4950.63,1955.4532,405.61
20398080,4955.32,2039.5518,423.64
20418560,4960.04,1991.9839,423.51
20439040,4965.02,1957.3664,418.61
20459520,4970.11,2088.3883,434.38
20480000,4974.80,2003.0349,420.38
20500480,4996.80,2173.8897,443.11
20520960,5002.04,2307.5579,461.32
20541440,5006.81,2181.1156,439.33
20561920,5011.52,2131.8744,436.30
20582400,5016.38,2118.4602,440.14
20602880,5021.47,2015.6170,425.28
20623360,5026.50,1999.5006,417.49
20643840,5032.02,1905.1415,401.63
20664320,5038.57,1847.2713,400.31
20684800,5047.32,1906.1522,402.76
20705280,5055.10,2040.5130,422.45
20725760,5062.37,1980.6382,424.44
20746240,5069.87,2052.5595,430.48
20766720,5075.09,2066.4224,422.22
20787200,5080.70,2143.0592,434.97
20807680,5085.81,2155.9737,440.42
20828160,5090.35,1933.6484,399.91
20848640,5094.87,1955.8925,402.49
20869120,5099.37,2025.7094,410.84
20889600,5103.86,2028.5459,412.14
20910080,5108.65,2082.2868,427.65
20930560,5113.16,2082.3784,430.33
20951040,5117.63,2116.0218,441.67
20971520,5122.03,2030.0256,421.06
20992000,5126.52,1987.6052,410.24
21012480,5139.37,2039.0737,425.47
21032960,5143.91,1947.6784,413.02
21053440,5148.34,1931.6386,419.99
21073920,5152.74,1995.6650,428.06
21094400,5157.12,2058.9469,424.08
21114880,5161.99,2105.2143,429.45
21135360,5166.56,2033.9052,423.95
21155840,5171.12,2003.3464,418.34
21176320,5175.66,2122.6650,438.68
21196800,5180.24,2150.8379,447.83
21217280,5184.92,1893.6548,404.51
21237760,5189.44,1936.1278,408.97
21258240,5194.09,2021.0093,423.85
21278720,5198.61,1870.2599,398.31
21299200,5203.14,1951.5118,415.73
21319680,5207.70,2082.8332,439.01
21340160,5212.31,2147.3060,450.07
21360640,5216.82,2313.9088,476.38
21381120,5221.32,2130.4660,446.63
21401600,5226.11,1956.6549,416.06
21422080,5231.08,2184.1932,445.03
21442560,5235.65,2289.3874,457.99
21463040,5240.18,2183.8056,437.36
21483520,5244.81,2113.9985,427.99
21504000,5249.34,2156.8472,435.23
21524480,5262.05,2057.8229,420.43
21544960,5266.77,1840.4432,392.25
21565440,5271.17,1930.7590,404.44
21585920,5275.78,2092.2665,429.25
21606400,5280.38,1935.1019,404.30
21626880,5285.03,1985.4532,409.85
21647360,5289.59,2218.0610,449.03
21667840,5294.04,2028.4978,419.48
21688320,5298.67,2009.8268,418.48
21708800,5303.24,2194.8258,448.90
21729280,5307.94,2221.5504,451.46
21749760,5312.48,2110.6391,432.00
21770240,5316.98,2136.3967,441.45
21790720,5321.49,1915.4999,398.14
21811200,5326.13,2045.6981,418.71
21831680,5330.73,2155.7557,443.68
21852160,5335.20,1996.1613,415.99
21872640,5339.74,1758.9350,372.22
21893120,5344.30,2079.3645,429.05
21913600,5348.98,2216.3770,447.70
21934080,5353.75,2132.7112,430.80
21954560,5358.31,2223.8152,454.80
21975040,5362.82,2252.0648,466.84
21995520,5367.27,2110.4167,434.55
22016000,5371.81,2051.7618,418.86
22036480,5384.42,2010.7008,416.30
22056960,5389.02,2049.5036,429.01
22077440,5393.50,2218.9644,458.13
22097920,5397.86,2193.9880,447.27
22118400,5402.16,2066.4931,421.85
22138880,5406.81,1977.1002,412.15
22159360,5411.47,2013.1077,419.44
22179840,5415.97,2035.7291,422.28
22200320,5420.50,1976.8775,408.94
22220800,5424.99,2065.4667,433.12
22241280,5429.50,1996.4037,425.03
22261760,5434.00,1821.8012,390.80
22282240,5438.40,2013.0369,419.60
22302720,5442.76,2221.8555,447.06
22323200,5447.17,2243.7285,455.84
22343680,5451.90,2087.2540,432.33
22364160,5456.42,2230.3571,452.30
22384640,5460.88,2296.3173,466.31
22405120,5465.57,2271.2228,469.47
22425600,5470.23,2178.4380,447.44
22446080,5475.10,2134.8450,433.51
22466560,5479.72,2134.6629,439.93
22487040,5484.33,2030.4145,430.91
22507520,5488.90,2047.2853,422.78
22528000,5493.56,2075.8733,418.69
22548480,5514.89,2038.2475,423.94
22568960,5519.25,1915.9493,407.52
22589440,5523.84,1828.0826,385.54
22609920,5528.43,1964.8243,406.75
22630400,5532.96,2119.8971,438.22
22650880,5537.53,2106.4768,436.37
22671360,5542.04,2086.0283,431.72
22691840,5546.58,2011.1562,421.02
22712320,5551.18,1946.6035,408.44
22732800,5556.20,1943.4119,407.76
22753280,5561.27,2158.9967,444.32
22773760,5565.82,2250.2781,464.53
22794240,5570.41,2266.9937,469.01
22814720,5574.88,2098.7507,442.55
22835200,5579.51,1959.6966,411.88
22855680,5584.14,2018.0414,414.61
22876160,5589.08,2127.6605,438.91
22896640,5593.83,1992.8081,418.28
22917120,5598.33,1960.9731,412.85
22937600,5602.91,1990.2533,419.98
22958080,5607.62,2118.5500,437.57
22978560,5612.16,2104.8068,436.63
22999040,5616.68,1993.2994,420.16
23019520,5621.21,2043.7733,421.91
23040000,5625.84,1973.2669,412.12
23060480,5638.60,2059.3077,423.91
23080960,5643.20,2181.3805,450.82
23101440,5647.72,2172.4389,453.48
23121920,5652.29,2110.4081,441.69
23142400,5656.80,1975.2913,415.82
23162880,5661.40,2139.5335,443.46
23183360,5665.90,2228.9545,452.61
23203840,5670.40,1952.0077,403.39
23224320,5674.92,1961.0952,402.14
23244800,5679.42,2187.2565,442.51
23265280,5684.02,2231.8686,454.01
23285760,5688.57,2240.6630,460.62
23306240,5693.04,2018.2185,430.70
23326720,5697.80,1793.3753,385.13
23347200,5702.28,2045.5550,418.12
23367680,5706.95,2079.5490,425.43
23388160,5711.36,1919.7919,392.13
23408640,5715.75,1898.8177,386.48
23429120,5720.17,2056.3799,418.94
23449600,5724.58,2200.7299,445.93
23470080,5729.12,2043.4353,424.20
23490560,5733.41,2286.9203,459.80
23511040,5737.72,2256.3155,455.08
23531520,5741.95,2115.7706,435.61
23552000,5746.21,2242.5944,452.46
23572480,5758.79,2207.7970,445.99
23592960,5763.13,1753.6864,372.06
23613440,5767.51,1962.7406,410.36
23633920,5772.29,2209.2021,458.74
23654400,5776.66,2109.2623,440.36
23674880,5781.22,2137.1646,438.69
23695360,5785.62,2127.6572,435.52
23715840,5789.87,2118.6260,433.94
23736320,5794.25,2107.2314,431.44
23756800,5798.57,2201.2581,452.19
23777280,5803.12,2026.7544,425.35
23797760,5807.50,1989.6214,424.55
23818240,5811.94,2141.1509,444.95
23838720,5816.33,2369.3815,480.83
23859200,5820.74,2347.7024,479.01
23879680,5825.30,2247.3628,453.66
23900160,5829.64,2220.4918,454.26
23920640,5833.99,1998.2465,419.48
23941120,5838.29,2063.3946,427.75
23961600,5842.60,2074.3741,429.22
23982080,5847.21,2003.0191,415.00
24002560,5851.65,2068.4034,421.28
24023040,5855.98,2172.7802,441.31
24043520,5860.39,2153.7297,443.16
24064000,5864.92,2071.3721,429.60
24084480,5877.42,2076.4817,434.62
24104960,5881.91,2194.3707,452.93
24125440,5886.31,2272.6023,462.93
24145920,5890.74,2093.3485,428.26
24166400,5895.04,2169.2569,435.68
24186880,5899.55,2128.7733,432.23
24207360,5903.92,2048.6914,422.14
24227840,5908.17,2126.6310,432.23
24248320,5912.64,2209.4891,447.26
24268800,5917.06,2208.2155,451.17
24289280,5921.52,2258.5486,458.01
24309760,5926.00,2235.4876,448.45
24330240,5930.36,2163.2990,448.67
24350720,5934.66,2078.1149,434.35
24371200,5939.07,2084.4822,422.95
24391680,5944.06,2131.0694,429.21
24412160,5948.84,2068.8840,424.01
24432640,5953.82,2208.0547,445.69
24453120,5958.79,2303.3727,468.49
24473600,5963.98,2273.3816,461.89
24494080,5969.23,2301.8632,467.64
24514560,5973.98,2259.5096,462.90
24535040,5978.60,2125.5794,445.41
24555520,5983.47,2078.8701,434.76
24576000,5988.09,2183.7350,443.05
24596480,6011.02,2094.7140,428.10
24616960,6015.78,2054.2577,424.44
24637440,6020.59,2141.8423,435.34
24657920,6025.35,1979.0045,411.09
24678400,6030.10,1922.2860,399.49
24698880,6034.82,1985.1220,403.86
24719360,6039.40,2109.1331,424.97
24739840,6044.03,2255.0149,457.77
24760320,6048.71,2174.2799,453.67
24780800,6053.26,1985.9764,411.69
24801280,6058.16,1902.5837,390.08
24821760,6063.97,2067.0363,422.20
24842240,6069.55,2240.1077,453.49
24862720,6076.40,2233.6373,454.84
24883200,6081.81,2155.0796,441.93
24903680,6086.70,2231.7795,459.21
24924160,6091.41,2094.1311,429.91
24944640,6096.06,2038.0026,419.35
24965120,6100.79,2140.3697,440.30
24985600,6105.37,2231.4459,452.79
25006080,6110.13,2089.3795,434.48
25026560,6114.68,2070.5940,433.58
25047040,6119.57,2101.0371,431.42
25067520,6124.30,2029.8794,414.26
25088000,6129.37,2059.3690,420.31
25108480,6143.96,2221.5798,445.83
25128960,6148.80,2281.7891,448.76
25149440,6153.49,2165.3126,435.02
25169920,6158.23,2030.8213,425.08
25190400,6163.03,2247.0632,462.25
25210880,6168.13,2198.2622,445.34
25231360,6173.54,2220.0866,453.61
25251840,6178.59,1927.4905,412.57
25272320,6183.45,1841.8034,389.58
25292800,6188.23,1949.6968,402.85
25313280,6193.24,2124.6622,433.27
25333760,6197.93,2237.0154,449.50
25354240,6202.65,2264.2665,462.17
25374720,6208.14,2157.0619,439.54
25395200,6214.30,2197.9875,438.23
25415680,6220.08,2168.9479,440.00
25436160,6225.92,2138.9224,436.63
25456640,6231.38,2147.5204,431.37
25477120,6236.76,2140.0125,430.53
25497600,6242.09,2138.7737,428.28
25518080,6247.58,1985.6507,402.66
25538560,6253.09,2151.1372,431.84
25559040,6258.02,2351.5026,468.76
25579520,6262.59,2259.7970,454.49
25600000,6267.14,2245.8646,459.27
25620480,6280.00,2172.5968,443.07
25640960,6284.70,2027.8677,411.63
25661440,6289.84,2166.4465,433.56
25681920,6294.47,2341.3860,459.60
25702400,6299.19,2357.0577,457.82
25722880,6304.09,2268.4461,446.13
25743360,6308.62,2311.3574,455.20
25763840,6313.85,2247.5041,450.94
25784320,6318.65,2083.1346,432.30
25804800,6323.55,2221.3355,453.23
25825280,6328.30,2122.6045,430.79
25845760,6332.91,2211.1108,449.10
25866240,6337.45,2058.0089,421.84
25886720,6342.10,1939.4425,398.64
25907200,6347.02,2194.1054,442.11
25927680,6351.96,2273.9893,458.67
25948160,6356.90,2172.6362,443.73
25968640,6362.12,2021.8376,425.33
25989120,6366.95,2161.8672,451.25
26009600,6371.87,2380.3708,484.30
26030080,6377.44,2466.2932,493.21
26050560,6384.38,2378.0910,481.90
26071040,6391.99,2318.9403,474.39
26091520,6399.57,2334.7617,466.96
26112000,6407.07,2320.5839,471.00
26132480,6425.39,2155.0884,439.48
26152960,6432.83,2116.0538,426.33
26173440,6440.59,2142.1114,428.84
26193920,6447.56,2120.0549,431.96
26214400,6452.53,2273.0928,458.58
26234880,6457.90,2243.4877,459.56
26255360,6462.96,2305.4851,464.20
26275840,6468.08,2286.4074,452.44
26296320,6473.09,2374.3844,467.52
26316800,6478.22,2244.1330,453.18
26337280,6483.36,1980.6621,407.18
26357760,6488.36,2143.1253,438.91
26378240,6494.02,2288.7318,464.62
26398720,6499.53,2166.2373,443.28
26419200,6506.50,2234.7943,444.61
26439680,6514.49,2426.0230,472.24
26460160,6522.08,2185.2187,440.02
26480640,6529.45,2178.4692,442.60
26501120,6536.75,2158.8581,436.03
26521600,6542.09,2235.1982,450.52
26542080,6547.18,2115.9885,429.36
26562560,6552.17,2337.7850,468.86
26583040,6557.14,2257.4783,448.57
26603520,6561.83,2032.1242,413.11
26624000,6566.55,2215.5583,448.43
26644480,6588.73,2347.7820,472.94
26664960,6593.46,2121.4834,429.99
26685440,6598.11,2115.1805,426.41
26705920,6602.74,2207.2918,445.20
26726400,6607.90,2140.6463,437.77
26746880,6612.57,1951.4803,405.53
26767360,6617.15,1977.8076,406.21
26787840,6621.80,2046.6019,415.97
26808320,6626.35,2125.8760,430.31
26828800,6630.81,2230.7777,451.80
26849280,6635.51,2198.1609,443.79
26869760,6640.04,2194.5934,445.23
26890240,6644.61,2182.4387,449.74
26910720,6649.34,2360.4921,485.09
26931200,6654.21,2264.9079,462.53
26951680,6659.17,2177.1961,449.84
26972160,6663.91,2183.0549,446.47
26992640,6668.79,2159.1283,437.78
27013120,6673.73,2215.0759,443.98
27033600,6678.63,2167.4945,438.56
27054080,6683.53,2048.7884,426.57
27074560,6688.39,2057.0729,426.12
27095040,6693.46,2169.6359,447.44
27115520,6698.32,2270.6604,457.55
27136000,6703.11,2165.5305,439.45
27156480,6715.94,2072.7043,431.43
27176960,6720.49,2202.4253,454.16
27197440,6724.98,2377.0246,470.29
27217920,6729.39,2410.3911,471.94
27238400,6733.90,2335.2788,460.07
27258880,6738.52,2369.7192,470.38
27279360,6743.10,2190.8729,452.26
27299840,6747.58,2185.4381,451.84
27320320,6752.14,2174.3518,437.74
27340800,6756.63,2203.0029,440.92
27361280,6761.33,2151.1742,440.55
27381760,6765.82,1986.5202,413.75
27402240,6770.27,1973.8801,409.04
27422720,6774.76,2143.7669,427.09
27443200,6779.17,2252.5133,446.12
27463680,6783.61,2204.8126,451.86
27484160,6788.36,2314.8539,468.28
27504640,6793.57,2431.0340,482.87
27525120,6798.34,2365.5966,480.25
27545600,6803.09,2005.4627,419.24
27566080,6808.08,2226.9299,456.13
27586560,6813.04,2360.0628,473.56
27607040,6818.09,2351.6186,457.69
27627520,6823.02,2262.9829,440.54
27648000,6827.99,2339.1980,460.88
27668480,6845.28,2443.8324,490.50
27688960,6852.32,2508.9507,497.10
27709440,6859.74,2300.3076,458.94
27729920,6864.66,2285.6101,465.08
27750400,6869.45,2185.8928,449.22
27770880,6874.06,2208.1696,445.04
27791360,6878.62,2333.1368,465.06
27811840,6883.18,2250.0400,450.28
27832320,6887.53,2092.5085,417.51
27852800,6891.88,1980.2630,409.97
27873280,6896.34,2160.8344,440.81
27893760,6900.73,2233.3171,446.21
27914240,6905.07,2055.0740,407.53
27934720,6909.35,2159.6989,428.11
27955200,6913.76,2339.1680,464.82
27975680,6918.30,2290.0415,458.38
27996160,6923.09,2365.2804,476.36
28016640,6928.43,2554.5402,506.19
28037120,6933.19,2220.8753,445.03
28057600,6938.40,2174.8005,442.28
28078080,6943.21,2315.8732,459.52
28098560,6947.89,2358.6570,462.10
28119040,6952.60,2465.4715,486.09
28139520,6956.96,2360.7459,469.58
28160000,6961.36,2173.6168,428.08
28180480,6973.68,2108.5053,425.17
28200960,6978.17,2163.4911,436.19
28221440,6982.93,2276.7924,454.03
28241920,6987.46,2297.0764,457.59
28262400,6991.80,2360.0579,467.86
28282880,6996.34,2224.5782,443.48
28303360,7000.79,2229.4705,443.96
28323840,7005.19,2351.8197,469.02
28344320,7009.60,2306.7436,460.41
28364800,7014.57,2337.7326,468.49
28385280,7019.23,2265.9030,455.32
28405760,7023.66,2265.2077,460.13
28426240,7028.03,2300.3677,465.08
28446720,7032.42,2380.5169,480.46
28467200,7037.38,2472.0794,487.67
28487680,7042.15,2435.6133,481.63
28508160,7046.68,2270.1608,456.07
28528640,7051.68,2183.1020,447.01
28549120,7056.30,2271.1246,455.18
28569600,7060.81,2169.9238,442.70
28590080,7065.35,2221.4539,449.32
28610560,7069.86,2326.2863,471.08
28631040,7074.35,2303.6330,470.36
28651520,7078.79,2331.4009,474.30
28672000,7083.24,2189.1211,440.78
28692480,7104.61,2067.1233,424.47
28712960,7108.29,2165.9249,440.35
28733440,7112.71,2130.3239,430.92
28753920,7117.18,2324.8389,460.33
28774400,7121.52,2372.4237,474.12
28794880,7126.09,2310.6120,464.72
28815360,7130.42,2264.1736,446.29
28835840,7135.06,2157.2416,427.22
28856320,7139.45,2150.9636,430.26
28876800,7143.87,2317.6874,465.41
28897280,7148.42,2239.7122,454.67
28917760,7152.96,2299.2726,458.09
28938240,7157.34,2317.7185,458.27
28958720,7161.73,2333.0257,472.71
28979200,7166.10,2460.4556,496.60
28999680,7170.61,2457.3184,494.50
29020160,7175.05,2397.9143,479.93
29040640,7179.39,2438.0966,481.79
29061120,7183.81,2245.1192,442.49
29081600,7188.09,2180.1021,426.93
29102080,7192.50,2187.1280,429.75
29122560,7196.82,2173.1584,438.53
29143040,7201.09,2265.1582,451.12
29163520,7205.47,2337.6879,473.02
29184000,7209.80,2363.4158,473.78
29204480,7222.45,2250.1613,446.34
29224960,7226.81,2198.9673,438.94
29245440,7231.13,2081.1520,424.57
29265920,7235.45,2224.6581,445.92
29286400,7239.68,2434.6312,475.10
29306880,7244.11,2215.5336,441.31
29327360,7248.24,2158.9593,430.79
29347840,7252.51,2226.5236,449.05
29368320,7256.72,2258.4496,463.54
29388800,7261.03,2248.5960,457.86
29409280,7265.41,2271.5293,456.07
29429760,7269.70,2311.3102,459.50
29450240,7274.10,2282.3425,449.70
29470720,7278.39,2356.4462,466.94
29491200,7282.73,2500.1312,499.41
29511680,7287.11,2320.7609,466.52
29532160,7291.45,2185.2319,438.88
29552640,7295.72,2276.6007,452.05
29573120,7300.01,2230.2029,440.46
29593600,7304.31,2309.7680,450.00
29614080,7308.70,2490.0269,481.16
29634560,7313.13,2532.3493,494.69
29655040,7317.43,2370.6098,469.57
29675520,7321.82,2349.9844,468.17
29696000,7326.22,2304.1056,456.78
29716480,7338.51,2314.7746,452.74
29736960,7342.76,2185.3972,431.99
29757440,7346.94,2160.0220,433.86
29777920,7351.11,2232.7380,449.59
29798400,7355.31,2221.9211,453.32
29818880,7359.74,2292.1753,458.30
29839360,7364.04,2239.7417,441.29
29859840,7368.30,2281.8550,445.29
29880320,7372.69,2248.3311,443.26
29900800,7376.93,2344.3850,467.39
29921280,7381.27,2371.4095,478.88
29941760,7385.62,2462.2947,492.81
29962240,7389.93,2377.4941,469.35
29982720,7394.32,2399.5378,469.39
30003200,7399.04,2377.9140,472.64
20480,3.32,161.5542,75.13
40960,7.39,186.9185,79.98
61440,11.33,200.5564,82.32
20480,4.33,168.1120,74.59
40960,9.40,178.8064,77.20
61440,14.34,184.6198,80.17
81920,19.33,178.9235,79.80
102400,24.26,203.1890,82.19
122880,29.36,189.0527,81.80
143360,34.20,189.8367,81.07
163840,38.98,197.1078,85.01
184320,44.01,217.9621,88.43
204800,48.93,212.8713,87.99
225280,53.89,234.3077,88.97
245760,58.75,222.9887,90.37
266240,63.62,226.5415,89.03
286720,68.55,245.6927,92.77
307200,73.35,238.3810,94.41
327680,78.19,254.4120,98.58
348160,83.06,247.5939,95.63
368640,87.74,259.4632,101.40
389120,92.51,274.5634,103.26
409600,97.24,266.0891,103.81
430080,102.06,293.9526,109.80
450560,106.86,281.3933,114.43
471040,111.53,289.7179,114.23
491520,116.18,296.3877,112.98
512000,120.90,311.4885,119.64
532480,129.72,304.6774,123.84
552960,134.85,319.4958,131.76
573440,139.39,344.4833,142.70
593920,143.97,362.3209,144.70
614400,148.58,353.4366,142.88
634880,153.18,354.6986,147.64
655360,157.74,355.9682,140.19
675840,162.19,372.9661,154.72
696320,166.58,389.9057,172.42
716800,171.13,383.8899,159.12
737280,175.73,422.4599,174.49
757760,180.13,431.3513,186.32
778240,184.53,456.4671,196.70
798720,188.84,451.6012,204.36
819200,193.11,492.7837,218.56
839680,197.58,462.3984,217.88
860160,201.78,483.1706,233.94
880640,206.10,463.1609,219.70
901120,210.34,539.3187,255.22
921600,214.67,531.5207,253.76
942080,219.13,544.8878,257.45
962560,223.40,528.4454,242.69
983040,227.74,541.8794,260.54
1003520,231.91,552.8086,273.78
1024000,236.18,556.3914,261.73
1044480,244.24,605.2835,292.00
1064960,248.56,581.7541,283.69
1085440,252.78,576.3962,277.97
1105920,256.94,588.3082,294.35
1126400,261.29,651.2142,324.61
1146880,265.59,636.3123,327.36
1167360,269.85,605.3029,309.37
1187840,274.11,622.9940,316.32
1208320,278.29,699.6485,344.63
1228800,282.40,663.5495,348.19
1249280,286.75,664.5331,313.80
1269760,291.00,683.7984,332.71
1290240,295.21,796.5668,378.37
1310720,299.35,806.1699,371.49
1331200,303.52,779.9411,381.64
1351680,307.74,824.7216,392.02
1372160,312.29,769.7941,355.07
1392640,316.48,727.1805,323.66
1413120,320.75,754.9064,334.17
1433600,325.03,772.6214,327.66
1454080,329.27,842.7778,356.88
1474560,333.45,833.1164,353.17
1495040,337.57,778.2682,346.52
1515520,341.63,772.5594,361.03
1536000,345.80,746.8646,347.47
1556480,355.80,828.4567,350.95
1576960,359.98,902.3301,362.21
1597440,364.22,819.9921,353.96
1617920,368.31,851.1178,361.92
1638400,372.51,829.4283,346.22
1658880,376.76,844.9976,375.13
1679360,380.93,873.1604,357.76
1699840,385.06,910.0164,366.55
1720320,389.17,836.0183,352.23
1740800,393.17,850.0027,378.02
1761280,397.47,896.2041,383.17
1781760,401.60,869.8173,363.00
1802240,405.68,868.0913,378.78
1822720,409.87,880.0257,376.61
1843200,413.97,824.8988,350.11
1863680,418.24,867.1609,358.88
1884160,422.36,906.9964,373.74
1904640,426.56,863.7409,366.44
1925120,430.66,839.4138,375.53
1945600,434.77,858.9698,388.06
1966080,439.00,914.4313,393.32
1986560,443.16,907.9192,377.51
2007040,447.32,976.2458,398.24
2027520,451.48,975.1721,402.85
2048000,455.66,954.2571,403.36
2068480,471.48,940.4696,396.39
2088960,475.49,958.8267,400.68
2109440,479.70,878.6491,374.65
2129920,483.76,880.4650,365.80
2150400,487.89,965.5444,395.19
2170880,492.80,1027.2535,409.88
2191360,497.21,1050.2362,420.73
2211840,501.51,1018.0350,395.28
2232320,505.92,994.4169,388.13
2252800,510.30,1044.3197,402.82
2273280,514.63,1060.2491,399.00
2293760,518.98,1048.3504,398.28
2314240,523.35,1018.7120,389.50
2334720,527.83,1129.3044,422.83
2355200,532.08,1167.5250,443.91
2375680,536.51,1097.5772,424.95
2396160,540.75,1082.2677,410.20
2416640,545.00,982.5582,370.27
2437120,549.18,1046.7936,374.81
2457600,553.50,1145.8775,405.41
2478080,557.93,1098.9856,398.65
2498560,562.23,1102.1154,410.14
2519040,566.48,1135.0685,427.95
2539520,570.73,1113.3941,417.35
2560000,574.82,1104.7971,413.20
2580480,587.40,1151.8073,421.59
2600960,591.67,1102.6361,415.82
2621440,595.95,1020.2514,395.47
2641920,600.16,993.4959,386.20
2662400,604.42,1078.6032,417.95
2682880,608.82,1213.1591,454.67
2703360,613.05,1235.3686,437.04
2723840,617.24,1174.9767,417.47
2744320,621.50,1243.0782,437.82
2764800,625.65,1243.7293,432.07
2785280,630.07,1210.6533,426.85
2805760,634.29,1279.1887,453.68
2826240,638.59,1210.2378,445.47
2846720,642.78,1163.7614,423.83
2867200,647.08,1197.5111,421.35
2887680,651.43,1207.0769,425.33
2908160,655.58,1218.2163,453.64
2928640,659.77,1254.7344,469.51
2949120,664.01,1163.7123,428.82
2969600,668.07,1147.7910,413.48
2990080,672.92,1277.8961,447.18
3010560,677.15,1257.0343,429.09
3031040,681.29,1210.1070,424.30
3051520,685.46,1247.8293,429.54
3072000,689.68,1188.3368,424.89
3092480,702.44,1132.9123,411.71
3112960,706.74,1188.9268,426.17
3133440,710.89,1266.5726,468.41
3153920,715.04,1230.3449,458.24
3174400,719.23,1267.4353,454.16
3194880,723.59,1340.6350,458.76
3215360,728.00,1354.8844,451.18
3235840,732.41,1318.4969,437.27
3256320,736.68,1313.3981,428.45
3276800,740.79,1283.3227,432.83
3297280,745.13,1322.7354,437.73
3317760,749.46,1337.3144,439.10
3338240,753.85,1316.2158,440.13
3358720,758.11,1411.2458,453.86
3379200,762.50,1419.4049,446.16
3399680,766.93,1475.1375,457.87
3420160,771.26,1414.3189,452.41
3440640,775.59,1351.8718,422.82
3461120,779.84,1370.5553,421.17
3481600,784.22,1375.2100,455.11
3502080,788.85,1422.8468,470.07
3522560,793.23,1407.4766,454.77
3543040,797.63,1304.2050,426.67
3563520,802.08,1283.0222,422.76
3584000,806.42,1349.7160,429.00
3604480,819.71,1431.1242,453.17
3624960,824.11,1383.1410,454.04
3645440,828.55,1439.0616,455.15
3665920,832.90,1498.8442,462.60
3686400,837.19,1538.1026,462.74
3706880,841.70,1516.5647,474.05
3727360,846.08,1507.0535,476.35
3747840,850.56,1410.7758,437.49
3768320,855.15,1419.1509,431.91
3788800,859.51,1481.1072,452.31
3809280,863.83,1496.3591,461.46
3829760,868.08,1537.4307,465.04
3850240,872.20,1535.1848,466.03
3870720,876.53,1448.9951,458.99
3891200,880.93,1488.4699,465.97
3911680,885.43,1482.9241,466.44
3932160,889.72,1558.6077,472.04
3952640,894.02,1575.0605,446.88
3973120,898.31,1470.4505,434.35
3993600,902.59,1504.1637,452.13
4014080,907.06,1493.7428,450.27
4034560,911.49,1457.6478,426.65
4055040,915.81,1611.5593,468.59
4075520,920.07,1546.4317,430.80
4096000,924.33,1428.9322,400.44
4116480,944.43,1571.1971,445.31
4136960,948.40,1566.6021,442.63
4157440,952.67,1505.4220,431.12
4177920,956.86,1468.2795,421.69
4198400,961.02,1566.3890,452.65
4218880,965.58,1588.9694,455.06
4239360,969.81,1548.8019,444.05
4259840,974.04,1553.9807,455.47
4280320,978.38,1607.4256,464.82
4300800,982.61,1653.6788,465.61
4321280,986.92,1532.2293,440.01
4341760,991.49,1596.0372,458.31
4362240,996.12,1603.0893,437.62
4382720,1000.18,1575.7445,447.98
4403200,1004.46,1554.0039,452.24
4423680,1008.92,1656.3898,483.24
4444160,1013.23,1627.3636,463.37
4464640,1017.46,1640.1423,452.46
4485120,1021.76,1614.0961,442.20
4505600,1026.07,1615.0206,446.34
4526080,1030.69,1699.9818,457.31
4546560,1035.16,1640.5815,462.23
4567040,1039.40,1555.7589,457.15
4587520,1043.62,1547.1316,432.92
4608000,1047.84,1607.9112,435.80
4628480,1061.13,1586.4720,436.45
4648960,1065.50,1582.2011,437.89
4669440,1069.76,1661.0008,453.16
4689920,1074.01,1605.2371,433.62
4710400,1078.34,1588.2973,430.89
4730880,1082.75,1714.9368,457.10
4751360,1087.05,1735.5558,460.23
4771840,1091.41,1768.7118,485.47
4792320,1095.64,1797.5893,496.31
4812800,1099.94,1825.6542,492.96
4833280,1104.22,1931.2134,496.87
4853760,1108.47,1759.1456,459.76
4874240,1112.60,1598.3423,441.45
4894720,1116.87,1634.1041,460.20
4915200,1121.09,1675.2341,458.81
4935680,1125.47,1740.6957,463.56
4956160,1129.75,1802.8105,462.59
4976640,1133.94,1647.4443,418.86
4997120,1138.13,1604.9971,418.36
5017600,1142.39,1735.7479,452.16
5038080,1146.75,1804.9329,469.22
5058560,1150.95,1740.8514,469.71
5079040,1155.24,1646.6197,448.18
5099520,1159.40,1708.4412,456.21
5120000,1163.61,1764.6494,471.39
5140480,1176.84,1831.2582,491.12
5160960,1181.13,1893.8431,504.40
5181440,1185.24,1605.1792,444.01
5201920,1189.38,1632.2249,441.27
5222400,1193.46,1755.6384,458.76
5242880,1197.98,1795.0009,467.10
5263360,1202.22,1841.3677,472.69
5283840,1206.52,1825.7942,457.94
5304320,1211.01,1864.5486,462.64
5324800,1215.48,1872.9445,473.23
5345280,1219.90,1921.1989,488.20
5365760,1224.19,1877.3691,474.03
5386240,1228.42,1845.5540,464.04
5406720,1232.73,1894.8279,477.57
5427200,1236.97,1913.5947,479.79
5447680,1241.32,1972.7688,486.61
5468160,1245.60,1817.4426,448.88
5488640,1249.83,1912.8929,472.04
5509120,1254.01,1845.7215,448.16
5529600,1258.36,1703.6549,406.14
5550080,1262.69,1789.6728,425.72
5570560,1266.84,1808.4191,445.06
5591040,1270.93,1854.9767,457.11
5611520,1275.01,1965.2334,482.56
5632000,1279.11,1953.9848,492.29
5652480,1292.19,1842.7365,471.16
5672960,1296.34,1875.4653,459.62
5693440,1300.42,1843.3845,452.46
5713920,1304.39,1697.4578,414.98
5734400,1308.57,1817.6047,439.62
5754880,1312.89,1862.7502,450.62
5775360,1317.03,1894.3194,457.42
5795840,1321.20,1890.8924,445.46
5816320,1325.34,1972.9264,460.35
5836800,1329.45,1967.5753,464.90
5857280,1333.69,2050.3366,482.43
5877760,1337.87,2123.2000,504.74
5898240,1341.97,2039.9514,480.40
5918720,1346.14,2012.3610,460.09
5939200,1350.25,1939.9309,453.29
5959680,1354.63,1904.9308,460.99
5980160,1358.78,1932.7863,465.97
6000640,1362.92,2057.8600,474.11
6021120,1367.07,1947.5965,453.44
6041600,1371.15,1798.0615,426.66
6062080,1375.34,1822.4053,434.89
6082560,1379.56,1841.1342,445.74
6103040,1383.71,1890.2944,460.32
6123520,1387.99,1961.9106,473.79
6144000,1392.47,1821.4164,437.23
6164480,1414.87,1876.7343,450.01
6184960,1418.24,1838.4599,450.29
6205440,1422.23,1786.5319,445.46
6225920,1426.23,1899.4121,468.87
6246400,1430.19,1802.1858,452.00
6266880,1434.51,1822.1462,442.07
6287360,1438.51,1876.4814,452.89
6307840,1442.48,1899.8277,458.01
6328320,1446.59,2032.8005,483.84
6348800,1450.62,2051.3791,477.68
6369280,1454.87,2086.5496,487.64
6389760,1458.98,2135.5237,492.40
6410240,1462.99,2184.2518,502.71
6430720,1467.08,1965.6840,455.92
6451200,1471.19,1840.1852,434.94
6471680,1475.70,1935.8537,446.76
6492160,1479.93,1952.4277,446.87
6512640,1484.35,2030.7028,461.45
6533120,1488.61,2053.4093,457.79
6553600,1492.90,1959.4977,434.32
6574080,1497.45,1833.6588,421.02
6594560,1501.72,1940.2125,456.48
6615040,1506.03,2005.6403,473.52
6635520,1510.28,2162.0302,508.01
6656000,1514.65,2068.7224,488.45
6676480,1528.21,2051.2622,469.85
6696960,1532.66,2117.7718,468.33
6717440,1536.95,2105.7012,468.22
6737920,1541.28,2171.2436,482.12
6758400,1545.61,2080.2109,457.37
6778880,1550.04,2078.5962,461.12
6799360,1554.31,1950.8526,448.78
6819840,1558.62,2002.0376,472.91
6840320,1562.97,1960.9820,466.21
6860800,1567.29,1986.5902,473.11
6881280,1572.04,1960.8910,464.00
6901760,1576.51,1911.9544,434.43
6922240,1580.82,1942.6407,444.97
6942720,1585.08,2065.5961,471.70
6963200,1589.41,2127.6396,476.91
6983680,1593.77,2044.2299,459.73
7004160,1598.10,2046.7081,472.28
7024640,1602.37,2031.4162,484.37
7045120,1606.56,2054.0444,480.82
7065600,1610.83,1985.5343,449.01
7086080,1615.32,1965.5797,433.10
7106560,1619.57,2118.9840,462.26
7127040,1623.81,2180.1075,469.50
7147520,1628.14,2235.6021,487.65
7168000,1632.33,2210.9654,488.38
7188480,1645.87,2114.5981,467.62
7208960,1650.06,2084.8235,452.93
7229440,1654.28,2058.8659,452.16
7249920,1658.35,1934.7902,455.49
7270400,1662.58,1930.4470,463.21
7290880,1666.83,2011.5812,480.35
7311360,1670.99,2052.8010,483.52
7331840,1675.09,2061.4102,480.26
7352320,1679.08,2186.0534,484.62
7372800,1683.17,2159.4120,472.61
7393280,1687.45,1989.5448,446.94
7413760,1691.55,2017.3015,454.92
7434240,1695.66,2093.7983,464.00
7454720,1699.79,2156.1215,472.11
7475200,1703.87,2048.0318,450.83
7495680,1708.22,2085.1647,459.86
7516160,1712.42,2038.1030,462.54
7536640,1716.65,2019.6024,460.85
7557120,1720.74,2051.8734,452.50
7577600,1724.96,2076.2092,451.15
7598080,1729.19,1972.0676,437.39
7618560,1733.47,1917.2978,433.84
7639040,1737.70,2009.7331,442.88
7659520,1741.86,2177.2425,471.89
7680000,1746.15,2273.8115,490.72
7700480,1760.17,2179.7325,479.59
7720960,1764.40,2110.1954,466.94
7741440,1768.55,2236.3017,485.62
7761920,1772.73,2134.4465,458.13
7782400,1777.01,2144.2695,457.86
7802880,1781.25,2152.2139,460.18
7823360,1785.41,2125.9140,458.55
7843840,1789.50,2077.8271,456.43
7864320,1793.72,1995.4058,451.65
7884800,1797.87,1998.8659,445.21
7905280,1802.11,2118.1382,459.38
7925760,1806.37,2198.2416,470.93
7946240,1810.52,2217.8882,475.12
7966720,1814.56,2109.9248,475.95
7987200,1818.69,1967.2402,449.04
8007680,1822.96,2141.1517,465.01
8028160,1827.13,2157.0467,460.05
8048640,1831.28,2034.1576,435.95
8069120,1835.53,2101.8747,451.24
8089600,1839.61,2151.5667,461.28
8110080,1843.85,2084.0346,455.94
8130560,1847.99,2215.1226,479.44
8151040,1852.27,2152.2901,471.35
8171520,1856.49,2006.2984,434.18
8192000,1860.75,2119.7376,444.60
8212480,1882.05,2097.4397,446.99
8232960,1885.56,2049.3991,440.81
8253440,1889.71,2164.0184,465.69
8273920,1893.81,2281.2757,480.67
8294400,1898.02,2355.3274,483.56
8314880,1902.23,2366.9360,483.33
8335360,1906.32,2319.8719,476.09
8355840,1910.49,2049.8938,430.58
8376320,1914.63,2162.9637,459.07
8396800,1918.81,2126.3514,465.28
8417280,1923.07,1957.6536,427.04
8437760,1927.28,1962.5457,428.60
8458240,1931.77,2153.8070,452.30
8478720,1936.05,2280.7104,484.64
8499200,1940.21,2088.9239,451.93
8519680,1944.49,1950.6052,424.13
8540160,1948.61,2034.1515,443.32
8560640,1952.82,2043.0888,438.71
8581120,1957.05,2070.1672,448.63
8601600,1961.27,2166.4688,464.48
8622080,1965.50,2105.5027,442.06
8642560,1969.77,2106.1316,445.53
8663040,1973.91,2080.2495,439.16
8683520,1978.00,2086.5594,439.23
8704000,1982.40,2202.2255,459.38
8724480,1997.68,2352.1204,481.09
8744960,2002.55,2365.1063,480.33
8765440,2007.43,2300.5616,471.04
8785920,2012.38,2379.5944,495.44
8806400,2017.33,2204.1924,465.43
8826880,2022.23,2057.1585,431.13
8847360,2026.99,2169.7150,457.42
8867840,2031.78,2336.3759,489.71
8888320,2036.73,2321.8474,482.80
8908800,2041.54,2301.6303,472.85
8929280,2046.32,2367.9278,485.92
8949760,2050.99,2285.6965,470.97
8970240,2055.95,2164.3134,454.42
8990720,2060.95,2072.9622,438.11
9011200,2065.72,2205.2824,468.64
9031680,2070.56,2164.1278,469.90
9052160,2075.10,2086.8611,448.45
9072640,2079.81,2093.9345,433.07
9093120,2084.35,2243.5608,460.20
9113600,2089.02,2163.2747,442.46
9134080,2093.85,2332.9277,477.45
9154560,2098.53,2393.1192,495.67
9175040,2103.24,2248.8807,471.97
9195520,2107.87,2157.6476,452.03
9216000,2112.93,2185.8337,459.33
9236480,2126.84,2076.2493,451.67
9256960,2131.21,1967.0463,450.51
9277440,2135.59,2085.5411,457.01
9297920,2140.03,2304.5371,480.88
9318400,2144.41,2271.1961,469.63
9338880,2148.84,2188.4870,457.09
9359360,2153.14,2172.6515,457.15
9379840,2157.52,2118.7186,439.53
9400320,2161.87,1962.5006,412.35
9420800,2166.28,1906.8001,407.19
9441280,2170.68,1983.8081,412.12
9461760,2174.92,2151.6226,436.48
9482240,2179.16,2315.0892,463.19
9502720,2183.42,2349.8163,475.54
9523200,2187.80,2034.7586,427.79
9543680,2192.17,2141.3690,449.91
9564160,2196.40,2263.9658,463.29
9584640,2200.59,2344.1877,475.80
9605120,2204.71,2325.3567,474.48
9625600,2208.95,2294.0423,460.47
9646080,2213.33,2209.3073,438.71
9666560,2217.57,2306.5841,462.37
9687040,2221.85,2400.7277,484.44
9707520,2226.08,2169.2587,449.57
9728000,2230.34,2065.4558,442.54
9748480,2243.60,2082.2042,441.11
9768960,2247.86,2209.9347,452.39
9789440,2251.90,2246.7339,456.04
9809920,2255.94,2216.4238,453.59
9830400,2260.11,2187.2206,444.57
9850880,2264.57,2292.4412,463.29
9871360,2268.79,2292.4917,460.47
9891840,2273.04,2378.2374,480.24
9912320,2277.31,2378.3571,477.26
9932800,2281.52,2126.9123,439.32
9953280,2285.76,2096.7578,443.49
9973760,2289.95,2159.1821,449.32
9994240,2294.62,2286.4498,467.96
10014720,2298.77,2216.2924,444.84
10035200,2302.86,2161.7787,440.63
10055680,2307.09,2239.7465,464.02
10076160,2311.47,2266.4048,471.28
10096640,2315.93,2334.8823,476.26
10117120,2320.44,2304.2053,463.01
10137600,2324.91,2219.1223,454.13
10158080,2329.45,2147.3455,444.59
10178560,2333.95,2129.6220,433.54
10199040,2338.32,2133.1495,444.76
10219520,2342.69,2218.5791,462.47
10240000,2347.13,2206.6948,445.46
10260480,2370.75,2317.7127,456.85
10280960,2374.42,2287.6034,453.36
10301440,2378.92,2312.9415,466.89
10321920,2383.21,2302.3895,478.01
10342400,2387.58,2186.6517,460.68
10362880,2392.07,2054.6711,434.62
10383360,2396.51,1968.7056,410.53
10403840,2401.04,2049.4955,427.65
10424320,2405.56,2181.6662,446.29
10444800,2410.04,2298.4907,466.42
10465280,2414.59,2278.4250,463.36
10485760,2419.21,2189.8997,453.18
10506240,2423.63,2311.7755,479.33
10526720,2428.08,2268.7704,475.26
10547200,2432.55,2244.6034,472.49
10567680,2437.19,2258.8141,462.43
10588160,2441.58,2263.9208,459.41
10608640,2446.00,2278.2953,462.45
10629120,2450.55,2202.9910,444.00
10649600,2455.03,2209.7223,443.97
10670080,2459.63,2334.7145,475.21
10690560,2464.02,2198.7806,455.02
10711040,2468.55,2112.1809,442.50
10731520,2473.49,2183.0723,448.44
10752000,2477.99,2244.7324,461.86
10772480,2491.86,2259.3781,454.70
10792960,2496.40,2281.2146,449.44
10813440,2500.88,2268.3378,457.20
10833920,2505.34,2177.4709,454.72
10854400,2509.82,2264.7264,465.09
10874880,2514.37,2283.1903,470.16
10895360,2518.86,2377.0018,479.63
10915840,2523.30,2323.2501,464.59
10936320,2527.79,2367.9301,475.72
10956800,2532.26,2304.9022,470.52
10977280,2536.79,2345.4431,477.82
10997760,2541.34,2271.3841,460.26
11018240,2545.75,2203.1359,451.09
11038720,2550.15,2305.1455,463.55
11059200,2554.62,2277.6791,450.31
11079680,2559.46,2177.1871,454.81
11100160,2564.04,2153.6044,454.29
11120640,2568.55,2117.9877,445.15
11141120,2573.12,2217.4522,454.67
11161600,2577.82,2261.4036,455.64
11182080,2582.58,2269.4274,447.05
11202560,2587.31,2230.8123,438.45
11223040,2591.95,2201.7202,441.41
11243520,2596.55,2184.8385,443.01
11264000,2601.17,2220.4324,443.95
11284480,2615.17,2367.1626,477.65
11304960,2619.82,2240.7550,457.89
11325440,2624.31,2195.0362,441.52
11345920,2628.94,2226.6586,436.47
11366400,2633.41,2322.2688,452.22
11386880,2638.17,2338.2197,459.64
11407360,2642.72,2377.6086,469.10
11427840,2647.42,2336.6263,457.68
11448320,2652.19,2421.6977,476.08
11468800,2656.90,2478.9979,487.14
11489280,2661.70,2219.8199,445.59
11509760,2666.22,2208.2599,456.44
11530240,2670.69,2203.9146,458.08
11550720,2675.30,2348.7831,470.93
11571200,2679.80,2362.0547,461.74
11591680,2684.52,2402.1525,466.19
11612160,2689.19,2340.6294,456.66
11632640,2693.69,2372.1625,464.12
11653120,2698.17,2298.3144,448.40
11673600,2702.67,2176.7869,434.53
11694080,2707.39,2278.0854,453.56
5120,1.67,184.2986,78.70
10240,3.59,172.4590,75.29
15360,5.48,174.3547,76.86
20480,7.43,177.9434,78.91
25600,9.39,185.5267,78.71
30720,11.34,189.3632,81.29
35840,13.40,182.9020,80.66
40960,15.31,200.2006,83.17
20480,3.21,162.3694,73.96
40960,7.33,177.3115,77.91
61440,11.40,191.5150,82.04
81920,15.38,185.9809,81.43
102400,19.40,196.4037,85.06
122880,23.56,205.9782,85.58
143360,27.51,199.5459,85.77
163840,31.35,221.4971,91.29
184320,35.26,205.3345,88.03
204800,39.16,228.8099,92.06
225280,43.39,223.1727,93.59
20480,3.20,181.3807,80.20
40960,7.12,168.7977,77.73
61440,11.04,176.1894,78.01
81920,14.92,188.1863,80.77
102400,18.72,196.6083,83.04
122880,22.80,209.2035,87.33
143360,26.64,209.9881,87.56
163840,30.44,217.6333,88.33
184320,34.37,229.9261,90.98
204800,38.31,217.2691,89.93
225280,42.26,230.3733,92.06
245760,46.03,223.3562,90.13
266240,49.92,240.9814,92.30
286720,53.72,238.3849,91.82
307200,57.42,248.8433,95.88
327680,61.33,251.5428,96.84
348160,65.16,259.8873,96.28
368640,68.84,254.7814,98.01
389120,72.58,254.1510,99.90
409600,76.28,269.4718,107.75
430080,80.15,288.8877,107.42
450560,83.75,286.9466,111.50
471040,87.39,302.6095,116.98
491520,90.94,294.3296,117.15
512000,94.49,315.7777,123.38
532480,101.71,323.8420,132.01
552960,105.20,343.5003,138.37
573440,108.82,340.6822,142.10
593920,112.42,362.0298,152.47
614400,116.10,369.9462,147.70
634880,119.78,396.9641,165.38
655360,123.30,411.4568,174.71
675840,126.84,376.5574,167.67
696320,130.31,422.2376,182.02
716800,133.79,420.8515,175.89
737280,137.38,430.2634,194.20
757760,140.90,436.5318,199.00
778240,144.29,430.9997,189.14
798720,147.68,464.9581,209.63
819200,151.09,502.6710,215.68
839680,154.57,506.5346,233.89
860160,158.00,528.8046,262.86
880640,161.42,482.8191,226.11
901120,165.12,471.3157,230.78
921600,168.51,528.5031,261.36
942080,172.08,496.0365,231.23
962560,175.74,488.7078,218.85
983040,179.30,539.5273,252.08
1003520,182.99,591.7233,270.65
1024000,186.62,542.6798,251.71
1044480,194.77,591.5292,274.96
1064960,198.31,568.8368,272.67
1085440,201.89,593.7482,268.64
1105920,205.41,616.4696,274.92
1126400,208.92,636.2125,285.88
1146880,212.61,635.1676,305.57
1167360,216.21,671.4736,331.72
1187840,219.79,641.2515,297.45
1208320,223.36,595.1015,277.73
1228800,226.99,631.9442,283.04
1249280,230.76,641.6549,298.16
1269760,234.42,680.9615,312.24
1290240,238.12,673.5118,311.87
1310720,241.80,746.6793,335.82
1331200,245.40,787.6512,349.01
1351680,249.22,792.7245,350.19
1372160,252.86,772.8024,340.24
1392640,256.52,749.1155,339.02
1413120,260.21,722.3530,321.36
1433600,263.94,683.4294,313.46
1454080,267.68,738.8973,340.71
1474560,271.30,737.0478,312.69
1495040,274.90,716.0191,305.68
1515520,278.61,739.0004,326.73
1536000,282.23,795.3018,337.86
1556480,293.63,834.2047,345.69
1576960,297.13,859.9317,358.96
1597440,300.64,889.3889,365.06
1617920,304.19,769.8758,326.01
1638400,307.87,797.7312,341.69
1658880,311.60,900.1518,372.90
1679360,315.13,876.7648,370.82
1699840,318.73,824.9155,361.94
1720320,322.36,874.7684,380.66
1740800,325.95,890.4445,366.52
1761280,329.71,847.9366,343.79
1781760,333.39,987.6696,400.01
1802240,337.22,1042.4935,419.00
1822720,340.91,892.0755,373.80
1843200,345.07,865.3224,370.83
1863680,349.08,853.0131,335.77
1884160,352.92,898.0994,356.62
1904640,356.92,874.2475,350.20
1925120,360.82,804.3980,333.77
1945600,364.65,928.0576,378.85
1966080,368.69,1013.0536,416.16
1986560,372.63,964.8589,411.73
2007040,376.51,937.9824,386.33
2027520,380.46,962.3310,383.34
2048000,384.52,1004.7156,399.17
2068480,401.79,929.2203,378.42
2088960,405.26,952.0794,393.72
2109440,408.73,1019.2392,394.05
2129920,412.36,1040.7815,384.92
2150400,416.19,1053.1639,397.37
2170880,420.44,1005.5900,400.87
2191360,424.43,1033.7027,412.19
2211840,428.48,1077.2861,405.27
2232320,432.58,1060.4843,392.20
2252800,436.81,1023.7249,401.63
2273280,441.04,1068.0799,409.57
2293760,445.11,1112.1638,429.91
2314240,449.21,1064.8495,421.79
2334720,453.47,1038.0953,400.86
2355200,457.57,995.9785,388.97
2375680,461.81,1062.8315,406.90
2396160,466.08,1045.8492,407.04
2416640,470.31,1053.0579,402.34
2437120,474.47,1163.2561,423.78
2457600,478.65,1285.1129,456.99
2478080,483.12,1259.6572,444.06
2498560,487.62,1157.2483,413.20
2519040,491.78,1137.3282,408.59
2539520,496.01,1224.5700,430.18
2560000,500.13,1043.7529,387.94
2580480,513.14,975.8397,364.48
2600960,516.76,1072.1491,390.94
2621440,520.82,1129.9483,411.70
2641920,525.16,1257.5997,451.10
2662400,529.28,1212.3796,431.05
2682880,533.52,1243.5266,433.25
2703360,537.72,1199.3371,427.21
2723840,541.72,1277.7755,452.10
2744320,545.77,1312.1067,466.27
2764800,549.83,1262.5389,453.41
2785280,554.34,1159.0618,425.33
2805760,558.87,1185.3909,426.32
2826240,563.08,1226.7695,432.21
2846720,567.13,1203.0496,413.96
2867200,571.26,1157.8421,398.75
2887680,575.50,1193.5200,419.13
2908160,579.56,1203.7759,424.26
2928640,583.55,1236.0398,438.50
2949120,587.66,1325.3933,440.74
2969600,591.76,1332.0079,431.91
2990080,595.94,1344.6475,431.91
3010560,599.95,1259.3027,414.78
3031040,603.97,1224.2113,420.92
3051520,608.07,1262.6728,425.04
3072000,612.14,1313.2350,444.46
3092480,625.72,1342.2112,459.48
3112960,629.37,1362.4367,449.89
3133440,633.42,1291.8452,421.09
3153920,637.52,1401.3321,454.21
3174400,641.68,1388.2382,459.21
3194880,645.93,1327.6892,448.42
3215360,650.02,1357.7524,455.77
3235840,654.17,1425.4348,475.90
3256320,658.27,1443.6391,475.98
3276800,662.34,1403.5122,457.44
3297280,666.80,1349.3862,448.43
3317760,671.05,1304.7215,434.19
3338240,675.26,1329.7454,428.03
3358720,679.37,1414.1703,443.02
3379200,683.45,1338.4969,435.59
3399680,687.80,1268.6025,416.78
3420160,691.99,1346.7231,441.36
3440640,696.19,1341.9724,435.07
3461120,700.40,1255.6696,414.46
3481600,704.93,1239.9314,419.50
3502080,709.18,1257.8475,430.91
3522560,713.35,1319.9976,440.93
3543040,717.60,1368.3001,465.64
3563520,721.77,1326.0906,457.28
3584000,725.94,1305.3517,455.53
3604480,739.47,1394.3991,473.44
3624960,743.54,1471.2444,477.51
3645440,747.68,1483.8402,441.45
3665920,751.74,1515.6854,441.06
3686400,755.96,1436.6374,436.84
3706880,760.22,1444.7728,459.04
3727360,764.36,1469.5464,462.89
3747840,768.60,1401.7154,420.87
3768320,772.76,1346.0826,408.58
3788800,776.91,1442.9205,433.35
3809280,781.19,1514.9760,449.93
3829760,785.46,1534.6597,453.32
3850240,789.70,1562.7277,453.64
3870720,794.07,1458.5404,427.41
3891200,798.15,1410.3633,415.66
3911680,802.33,1431.2346,417.40
3932160,806.36,1489.3582,437.52
3952640,810.37,1512.4944,439.65
3973120,814.57,1449.8789,429.45
3993600,818.53,1538.0373,453.90
4014080,822.64,1661.5901,484.93
4034560,826.64,1563.0454,460.26
4055040,830.75,1481.0176,437.77
4075520,834.74,1561.9061,454.19
4096000,838.69,1535.2593,438.25
4116480,858.96,1468.8948,420.31
4136960,862.41,1592.4867,448.86
4157440,866.14,1592.4287,450.16
4177920,870.11,1619.2169,472.42
4198400,874.03,1561.4487,468.52
4218880,878.15,1564.9022,442.90
4239360,882.11,1595.6497,448.26
4259840,886.48,1593.1967,454.44
4280320,890.55,1483.2749,427.46
4300800,894.56,1493.1835,430.49
4321280,898.84,1549.1755,445.67
4341760,902.79,1611.7648,449.88
4362240,906.73,1705.3680,472.95
4382720,910.72,1599.5086,446.98
4403200,914.83,1570.7057,431.30
4423680,919.20,1585.5715,437.15
4444160,923.27,1735.2749,473.62
4464640,927.35,1748.5367,475.50
4485120,931.51,1672.6024,447.93
4505600,935.65,1616.2093,430.08
4526080,940.00,1623.3633,444.03
4546560,944.25,1614.8066,440.71
4567040,948.38,1574.5604,431.90
4587520,952.49,1630.7734,447.88
4608000,956.61,1573.2181,439.11
4628480,970.32,1621.9249,460.34
4648960,974.31,1712.9214,488.51
4669440,978.45,1625.2222,461.13
4689920,982.58,1608.6316,454.48
4710400,986.73,1527.7845,431.54
4730880,991.09,1618.5678,449.89
4751360,995.27,1693.2663,449.05
4771840,999.38,1794.1490,479.27
4792320,1003.36,1753.8983,470.93
4812800,1007.50,1667.6370,465.91
4833280,1011.72,1717.8836,460.97
4853760,1015.88,1791.6957,468.11
4874240,1020.01,1773.9821,455.91
4894720,1024.07,1597.0874,421.69
4915200,1028.09,1588.6916,433.61
4935680,1032.33,1672.6238,451.95
4956160,1036.50,1652.9316,441.79
4976640,1040.66,1682.9820,446.14
4997120,1044.83,1653.1991,453.06
5017600,1049.00,1701.6901,478.55
5038080,1053.22,1676.3440,476.94
5058560,1057.32,1633.9278,483.77
5079040,1061.46,1524.5367,444.00
5099520,1066.00,1473.0329,406.41
5120000,1070.13,1520.8573,422.96
5140480,1083.54,1602.0843,427.72
5160960,1087.40,1700.6248,427.41
5181440,1091.54,1774.2208,459.19
5201920,1095.64,1666.4834,444.78
5222400,1099.82,1597.4061,451.65
5242880,1104.09,1665.5206,469.86
5263360,1108.14,1651.0552,441.00
5283840,1112.26,1703.2897,439.09
5304320,1116.26,1678.5687,434.13
5324800,1120.32,1764.6580,457.32
5345280,1124.58,1698.9064,446.46
5365760,1128.66,1770.6813,474.31
5386240,1132.74,1854.6829,486.50
5406720,1136.75,2038.2125,525.13
5427200,1140.78,2021.9899,511.96
5447680,1145.02,1870.1020,478.95
5468160,1149.19,1810.3286,464.64
5488640,1153.35,1812.3932,459.54
5509120,1157.51,1805.4598,455.69
5529600,1161.66,1853.2410,467.19
5550080,1166.22,1836.0016,472.93
5570560,1170.42,1788.7485,454.14
5591040,1174.62,1767.0793,462.17
5611520,1178.86,1787.2186,470.10
5632000,1183.01,1806.2226,471.98
5652480,1196.49,1744.9659,452.19
5672960,1200.53,1790.2404,461.08
5693440,1204.69,1779.9612,444.39
5713920,1208.79,1804.2124,457.03
5734400,1212.92,1849.9289,466.47
5754880,1217.22,1758.5973,448.03
5775360,1221.34,1811.3800,456.09
5795840,1225.51,1869.7608,446.43
5816320,1229.60,1860.6817,449.40
5836800,1233.71,1750.6806,438.68
5857280,1237.89,1785.3805,441.74
5877760,1241.99,1908.4045,464.33
5898240,1246.61,1872.0320,461.99
5918720,1250.73,1967.5960,478.04
5939200,1254.77,1982.6242,474.70
5959680,1259.06,1740.0282,428.85
5980160,1263.25,1794.7682,434.46
6000640,1267.40,1863.9608,457.39
6021120,1271.52,1817.2738,464.79
6041600,1275.77,1924.8616,472.06
6062080,1279.94,1900.5072,465.43
6082560,1284.03,1919.1879,482.06
6103040,1288.12,1800.0890,457.62
6123520,1292.31,1931.0626,484.34
6144000,1296.41,2013.3142,491.44
6164480,1316.71,1975.0948,474.86
6184960,1320.04,1943.0948,467.74
6205440,1323.98,1945.7708,474.66
6225920,1328.24,1879.4921,458.00
6246400,1332.33,1910.7234,461.54
6266880,1336.54,1821.0932,438.31
6287360,1340.58,1904.0834,440.93
6307840,1344.58,2017.1295,464.20
6328320,1348.65,2002.8184,478.28
6348800,1352.68,1887.8869,468.30
6369280,1357.00,1804.7383,442.77
6389760,1361.07,1858.8306,448.45
6410240,1365.54,2014.9553,470.90
6430720,1369.94,2037.0855,480.25
6451200,1374.13,1939.1421,460.76
6471680,1378.29,1903.0426,454.98
6492160,1382.34,1907.0399,453.45
6512640,1386.65,1830.3447,435.77
6533120,1390.72,1864.4357,448.06
6553600,1394.76,1864.5078,452.87
6574080,1399.14,1989.3500,468.71
6594560,1403.42,1997.9001,468.07
6615040,1407.60,1874.9993,450.44
6635520,1411.75,1846.3136,456.36
6656000,1415.95,1930.7137,469.35
6676480,1429.77,2020.5937,480.48
6696960,1434.02,2012.0013,458.30
6717440,1438.25,1989.8373,452.62
6737920,1442.35,1970.2547,459.57
6758400,1446.49,1915.3220,452.38
6778880,1450.78,1861.3830,440.30
6799360,1455.12,1879.2517,438.63
6819840,1459.29,1976.2437,470.70
6840320,1463.43,1937.9918,458.53
6860800,1467.70,2025.1434,465.62
6881280,1472.02,2058.4049,485.75
6901760,1476.31,1928.8863,452.05
6922240,1480.47,1971.3843,454.80
6942720,1484.79,1945.1740,447.13
6963200,1488.96,2055.3297,476.89
6983680,1493.36,1995.1315,457.87
7004160,1497.66,2018.7305,455.06
7024640,1501.88,1975.6474,445.30
7045120,1506.11,2085.3821,466.67
7065600,1510.33,2095.3941,470.06
7086080,1514.68,1907.5452,434.59
7106560,1518.80,1856.8041,437.88
7127040,1522.99,1962.0537,459.90
7147520,1527.23,1910.0042,452.68
7168000,1531.39,1901.8497,454.54
7188480,1544.93,1943.6262,464.05
7208960,1548.95,1983.0244,462.69
7229440,1553.03,1841.2556,430.65
7249920,1557.01,1871.6086,449.71
7270400,1561.16,1978.8789,467.42
7290880,1565.42,2056.6409,469.06
7311360,1569.49,2226.1379,501.46
7331840,1573.64,2186.7698,493.88
7352320,1577.63,1998.9231,449.52
7372800,1581.63,2026.2850,463.37
7393280,1585.93,1902.6580,442.33
7413760,1590.03,1876.0509,432.81
7434240,1594.09,2028.6375,459.82
7454720,1598.17,1953.5193,449.06
7475200,1602.30,1881.0044,432.70
7495680,1606.95,1918.3948,432.27
7516160,1611.04,2116.2597,462.42
7536640,1615.21,2168.5046,472.73
7557120,1619.36,2074.1224,459.37
7577600,1623.42,1923.5032,439.72
7598080,1627.63,1967.4671,445.53
7618560,1631.75,1844.9093,429.82
7639040,1635.86,1901.0610,442.15
7659520,1639.98,1947.5673,449.59
7680000,1644.20,1983.2489,450.94
7700480,1657.52,2069.3996,467.01
7720960,1661.60,2001.5214,453.96
7741440,1665.76,2103.3369,475.80
7761920,1669.87,2119.0066,474.55
7782400,1674.07,2021.1337,448.58
7802880,1678.43,2058.9007,458.58
7823360,1682.55,2093.4790,466.73
7843840,1686.66,2019.2625,454.40
7864320,1690.90,1985.6422,437.01
7884800,1695.14,1964.3637,427.87
7905280,1699.45,2045.9727,447.68
7925760,1703.65,2098.4039,466.47
7946240,1707.93,1968.9204,446.18
7966720,1712.18,2008.6527,453.86
7987200,1716.42,2141.3067,461.62
8007680,1720.72,2119.8685,449.83
8028160,1724.97,2001.1541,436.98
8048640,1729.20,2086.0327,466.89
8069120,1733.40,2004.5138,475.30
8089600,1737.66,2042.9254,475.55
8110080,1741.96,1934.6503,435.23
8130560,1746.12,1947.9297,435.96
8151040,1750.29,1900.7547,425.59
8171520,1754.66,1839.5201,415.04
8192000,1758.85,1801.6340,411.21
8212480,1779.89,1927.5048,433.23
8232960,1783.61,2099.0103,464.34
8253440,1788.17,2141.2573,461.27
8273920,1792.27,2131.4878,454.09
8294400,1796.45,2205.5077,462.97
8314880,1800.77,2036.9183,439.52
8335360,1805.14,2130.8180,458.35
8355840,1809.41,2206.8103,474.42
8376320,1813.63,2146.3125,472.48
8396800,1817.86,2261.4484,495.29
8417280,1822.28,2165.5396,484.77
8437760,1826.56,2073.2719,474.03
8458240,1830.77,2083.2815,468.30
8478720,1835.08,1983.3346,433.31
8499200,1839.34,2051.8800,438.08
8519680,1843.69,2256.6270,478.34
8540160,1847.86,2295.3321,484.05
8560640,1852.25,2188.5293,462.01
8581120,1856.55,2084.2802,438.16
8601600,1860.80,2098.9697,439.51
8622080,1865.20,2008.4857,432.38
8642560,1869.37,2006.9102,434.97
8663040,1873.59,2018.1978,431.11
8683520,1877.76,2054.6899,437.34
8704000,1882.01,2178.5863,454.54
8724480,1895.55,2212.6637,462.57
8744960,1899.81,2014.6455,432.44
8765440,1904.03,2016.3578,444.04
8785920,1908.07,2067.1709,456.42
8806400,1912.34,2159.5315,467.99
8826880,1916.66,2174.5857,472.50
8847360,1920.82,2189.8484,462.28
8867840,1925.13,2075.3663,444.77
8888320,1929.32,2173.0620,459.86
8908800,1933.44,2301.1832,492.26
8929280,1937.73,2287.2318,492.37
8949760,1942.03,2210.2710,481.49
8970240,1946.22,2131.3751,457.79
8990720,1950.43,2173.0504,467.68
9011200,1954.78,2306.6914,487.89
9031680,1959.11,2263.0355,478.64
9052160,1963.31,2101.3813,451.34
9072640,1967.94,2174.6615,469.71
9093120,1972.11,2184.7538,472.22
9113600,1976.38,2267.8666,476.04
9134080,1980.80,2082.3081,436.64
9154560,1985.15,2075.6374,431.32
9175040,1989.43,2225.1626,466.99
9195520,1993.69,2252.8142,468.99
9216000,1997.90,2214.5241,460.98
9236480,2011.67,2042.8791,430.02
9256960,2015.80,2016.8849,426.30
9277440,2020.05,1998.2964,439.16
9297920,2024.21,1994.5222,431.01
9318400,2028.31,1961.7786,409.26
9338880,2032.63,2094.3718,433.01
9359360,2036.85,2231.4855,472.75
9379840,2040.99,2094.5584,453.05
9400320,2045.11,2062.6100,436.77
9420800,2049.23,2280.3701,467.23
9441280,2053.48,2282.8664,462.45
9461760,2057.71,2367.9080,485.07
9482240,2061.89,2321.6161,476.90
9502720,2066.14,2299.9786,468.43
9523200,2070.27,2197.1641,456.13
9543680,2074.56,2199.8384,457.30
9564160,2078.70,2237.7234,460.91
9584640,2083.01,2232.8004,458.94
9605120,2087.21,2263.9974,464.09
9625600,2091.40,2331.0498,479.00
9646080,2095.75,2351.1675,482.54
9666560,2099.90,2362.1757,490.68
9687040,2104.07,2283.8451,474.39
9707520,2108.37,2076.1939,429.54
9728000,2112.64,1941.6059,414.24
9748480,2126.22,2084.2555,450.35
9768960,2130.55,2153.5456,458.72
9789440,2134.83,2097.6602,438.14
9809920,2138.94,2107.1031,440.69
9830400,2143.26,2163.2012,449.20
9850880,2147.92,2328.1283,472.62
9871360,2152.09,2225.0861,461.81
9891840,2156.34,2314.0505,480.57
9912320,2160.67,2360.1803,485.41
9932800,2164.95,2343.2123,482.91
9953280,2169.36,2207.9739,460.46
9973760,2173.65,2115.5162,441.65
9994240,2178.03,2107.9906,436.68
10014720,2182.41,2216.7505,459.97
10035200,2186.70,2369.2954,485.48
10055680,2191.06,2247.4970,461.03
10076160,2195.48,2089.7035,438.39
10096640,2199.94,2105.8769,437.76
10117120,2204.38,2184.3902,464.79
10137600,2209.02,2266.5889,481.02
10158080,2213.70,2504.4688,517.25
10178560,2218.19,2428.3832,498.13
10199040,2222.79,2205.3433,466.03
10219520,2227.28,2218.8206,455.44
10240000,2231.74,2292.5071,465.81
10260480,2254.06,2284.3253,475.02
10280960,2258.37,2235.5541,467.14
10301440,2262.86,2147.2387,447.98
10321920,2267.34,2108.3867,438.33
10342400,2271.83,2108.8537,444.38
10362880,2276.56,2223.6305,467.60
10383360,2281.20,2193.9396,454.77
10403840,2285.88,2324.7278,471.77
10424320,2290.47,2288.0260,463.88
10444800,2295.04,2204.3456,450.99
10465280,2299.75,2123.3661,439.18
10485760,2304.35,2207.6663,449.38
10506240,2308.95,2258.4907,448.86
10526720,2313.54,2324.1186,465.96
10547200,2318.05,2250.4360,460.75
10567680,2322.65,2064.5238,434.44
10588160,2327.68,2212.2246,459.98
10608640,2332.20,2351.7193,472.01
10629120,2336.83,2154.3358,440.94
10649600,2341.49,2182.8780,457.58
10670080,2346.06,2219.2721,469.60
10690560,2350.73,2105.6638,437.46
10711040,2355.31,2150.6663,438.85
10731520,2359.96,2145.4679,437.52
10752000,2364.64,2282.5862,461.71
10772480,2378.66,2349.9698,467.63
10792960,2383.29,2248.4719,450.41
10813440,2387.79,2320.1969,463.34
10833920,2392.36,2396.1230,480.56
10854400,2396.94,2381.1425,478.15
10874880,2401.53,2352.9994,478.00
10895360,2405.98,2503.5049,506.73
10915840,2410.44,2317.7478,472.30
10936320,2415.01,2151.3836,440.61
10956800,2419.46,2187.8037,454.85
10977280,2424.02,2109.2881,447.32
10997760,2428.55,2142.8499,445.81
11018240,2433.01,2029.4854,418.93
11038720,2437.45,2078.4541,435.13
11059200,2441.90,2223.8279,461.02
11079680,2446.59,2286.0119,466.24
11100160,2451.14,2407.7515,484.48
11120640,2455.69,2404.6083,480.55
11141120,2460.37,2400.4437,488.18
11161600,2464.96,2229.6275,466.00
11182080,2469.70,2239.1773,466.39
11202560,2474.34,2360.6148,484.23
11223040,2478.95,2275.4299,462.55
11243520,2483.50,2231.4821,451.67
11264000,2488.16,2313.8322,463.16
11284480,2501.92,2364.4470,468.86
11304960,2507.06,2312.0056,473.37
11325440,2511.69,2250.6848,460.45
11345920,2516.42,2254.1865,448.57
11366400,2521.00,2207.9036,432.91
11386880,2525.78,2082.5363,425.84
11407360,2530.43,2178.1239,439.86
11427840,2535.11,2329.0517,466.90
11448320,2539.74,2361.2848,477.44
11468800,2544.54,2254.3888,450.90
11489280,2549.27,2310.0272,463.05
11509760,2553.93,2415.8807,477.96
11530240,2558.53,2321.5549,456.05
11550720,2563.11,2276.6258,455.06
11571200,2567.78,2079.0347,431.98
11591680,2572.57,2174.8439,454.62
11612160,2577.09,2210.9455,451.78
11632640,2581.69,2296.9842,465.09
11653120,2586.28,2248.9544,464.55
11673600,2590.90,2382.4608,489.38
11694080,2595.59,2371.7154,480.00
11714560,2600.20,2308.5622,469.73
11735040,2604.83,2258.7429,463.65
11755520,2609.45,2203.0204,452.15
11776000,2614.07,2284.3421,454.37
11796480,2628.14,2337.7709,461.55
11816960,2632.83,2233.1141,446.32
11837440,2637.34,2236.7167,445.93
11857920,2641.84,2331.7100,461.39
11878400,2646.35,2389.0836,474.54
11898880,2650.88,2418.6132,477.08
11919360,2655.28,2389.0562,467.44
11939840,2659.76,2251.0901,442.86
11960320,2664.26,2140.4782,428.91
11980800,2668.69,2289.8970,465.33
12001280,2673.21,2284.8666,467.10
12021760,2677.71,2127.1337,442.05
12042240,2682.11,2267.4535,459.85
12062720,2687.01,2431.4738,483.99
12083200,2691.40,2454.0043,486.51
12103680,2695.90,2392.4283,478.60
12124160,2700.46,2285.9110,458.64
12144640,2704.87,2199.3718,444.50
12165120,2709.33,2332.9859,464.42
12185600,2713.84,2481.5792,485.34
12206080,2718.53,2601.2094,507.54
12226560,2723.03,2347.1623,465.38
12247040,2727.66,2195.9544,438.58
12267520,2732.22,2256.5934,452.99
12288000,2736.80,2246.1441,450.80
12308480,2760.31,2275.9774,458.72
12328960,2764.31,2172.7438,436.72
12349440,2768.84,2158.2560,426.10
12369920,2773.28,2044.3769,411.38
12390400,2777.75,2169.0227,433.71
12410880,2782.42,2403.6613,469.20
12431360,2786.92,2448.2795,483.34
12451840,2791.57,2311.2798,466.55
12472320,2796.21,2258.6868,445.05
12492800,2800.75,2310.1461,454.61
12513280,2805.54,2189.8884,435.13
12533760,2810.26,2030.9181,422.68
12554240,2814.85,1992.0310,433.20
12574720,2819.45,2063.1356,450.34
12595200,2823.98,2023.3257,447.38
12615680,2828.59,1965.0205,436.73
12636160,2833.14,1983.1023,431.80
12656640,2837.73,2068.6941,442.98
12677120,2842.30,2200.6050,461.31
12697600,2846.89,2063.3003,430.48
12718080,2851.67,1976.3107,418.71
12738560,2856.21,2178.0733,451.72
12759040,2860.68,2468.8658,503.52
12779520,2865.61,2331.5953,480.99
12800000,2870.20,2331.5985,481.24
12820480,2884.26,2218.8285,457.28
12840960,2888.93,2272.2129,460.66
12861440,2893.39,2114.1892,434.05
12881920,2897.94,2016.3298,418.09
12902400,2902.52,2187.3378,452.57
12922880,2907.16,2222.6745,472.54
12943360,2911.65,2325.7433,500.20
12963840,2916.16,2314.5606,486.20
12984320,2920.87,2221.3346,457.31
13004800,2925.39,2183.7812,464.02
13025280,2930.05,2190.7281,452.62
13045760,2934.65,2090.9655,421.32
13066240,2939.10,2216.8255,451.09
13086720,2943.67,2214.2840,461.54
13107200,2948.28,2240.2489,454.73
13127680,2952.95,2270.2089,455.02
13148160,2957.52,2221.9197,449.03
13168640,2962.05,2254.6255,455.98
13189120,2966.72,2153.4912,440.34
13209600,2971.23,2049.6259,436.89
13230080,2975.93,2191.6049,462.29
13250560,2980.54,2265.2559,475.43
13271040,2984.98,2254.0350,466.70
13291520,2989.44,2180.0054,450.42
13312000,2994.03,2273.2061,461.50
13332480,3007.99,2344.9874,470.38
13352960,3012.76,2178.4219,453.49
13373440,3017.36,2009.4391,425.38
13393920,3021.89,2202.0570,452.26
13414400,3026.53,2363.5482,485.79
13434880,3031.23,2254.9635,463.41
13455360,3035.80,2259.7592,465.29
13475840,3040.40,2307.0701,480.00
13496320,3045.32,2343.1912,487.23
13516800,3050.12,2363.8815,496.05
13537280,3054.77,2197.2697,472.36
13557760,3059.47,2004.7159,436.82
13578240,3064.24,2222.0567,465.42
13598720,3068.88,2397.8661,490.88
13619200,3073.38,2265.7048,459.37
13639680,3077.95,2097.4142,431.07
13660160,3082.48,2120.6991,439.54
13680640,3087.05,2229.2832,457.21
13701120,3091.59,2302.7176,459.78
13721600,3096.16,2185.8402,438.26
13742080,3100.83,2191.2999,441.01
13762560,3105.31,2182.8140,445.90
13783040,3109.89,2354.1521,469.69
13803520,3114.41,2416.3485,488.82
13824000,3118.83,2420.1287,488.00
13844480,3132.89,2318.4360,470.16
13864960,3137.57,2188.9557,447.04
13885440,3142.13,2214.1159,444.05
13905920,3146.73,2412.1730,480.77
13926400,3151.22,2421.9809,488.40
13946880,3155.74,2326.8982,465.18
13967360,3160.10,2344.9554,470.07
13987840,3164.61,2243.9937,459.03
14008320,3169.25,2152.6852,447.32
14028800,3173.77,2255.3241,465.89
14049280,3178.39,2250.0255,465.87
14069760,3182.95,2114.1511,438.18
14090240,3187.43,2346.5246,469.87
14110720,3191.94,2424.8630,478.97
14131200,3196.50,2227.6929,451.16
14151680,3201.21,2249.4094,458.39
14172160,3205.72,2229.4611,450.31
14192640,3210.17,2081.6119,429.22
14213120,3214.79,2049.6232,426.45
14233600,3219.28,2104.5343,431.41
14254080,3224.14,2242.3748,449.52
14274560,3228.93,2254.2865,450.15
14295040,3233.47,2163.7054,437.68
14315520,3237.98,2188.8569,445.74
14336000,3242.48,2205.9221,454.57
14356480,3266.84,2292.8048,469.66
14376960,3270.56,2194.9508,450.51
14397440,3275.01,2265.7289,463.05
14417920,3279.39,2239.6101,457.94
14438400,3283.83,2049.8492,423.61
14458880,3288.45,2081.7470,432.07
14479360,3292.96,2343.3875,474.57
14499840,3297.55,2350.6159,470.89
14520320,3302.04,2251.9236,452.33
14540800,3306.58,2309.8487,459.50
14561280,3311.24,2187.0613,443.78
14581760,3315.79,2123.3480,442.44
14602240,3320.29,2193.9766,454.70
14622720,3324.82,2328.1849,480.93
14643200,3329.38,2135.0242,453.34
14663680,3334.01,2191.0265,456.24
14684160,3338.56,2165.6473,447.38
14704640,3343.20,2166.9754,439.59
14725120,3347.82,2233.1899,448.31
14745600,3352.35,2261.0948,462.36
14766080,3357.12,2189.1730,449.11
14786560,3361.67,2035.8324,416.97
14807040,3366.22,2130.8867,434.42
14827520,3370.72,2042.2878,424.24
14848000,3375.28,2073.5712,430.45
14868480,3389.41,2124.9831,450.66
14888960,3394.04,2353.6215,486.17
14909440,3398.53,2345.2990,490.20
14929920,3403.11,2244.1299,470.81
14950400,3408.11,2178.2855,449.26
14970880,3412.74,2352.3224,478.70
14991360,3417.22,2272.9412,462.91
15011840,3421.73,2242.6667,453.93
15032320,3426.34,2150.3688,445.30
15052800,3430.81,2065.0691,431.08
15073280,3435.50,2166.6331,454.29
15093760,3440.10,2261.8538,467.19
15114240,3444.66,2293.9714,463.85
15134720,3449.11,2224.8369,458.82
15155200,3453.72,2214.1977,454.60
15175680,3458.37,2306.8217,464.90
15196160,3462.84,2310.3494,464.69
15216640,3467.34,2255.4476,457.21
15237120,3471.95,2345.6648,478.37
15257600,3476.47,2366.6239,478.99
15278080,3481.09,2458.8407,489.40
15298560,3485.64,2414.6377,486.15
15319040,3490.14,2315.6495,470.83
15339520,3494.69,2302.8317,465.61
15360000,3499.32,2181.3149,447.94
15380480,3513.29,2293.0243,461.88
15400960,3517.94,2330.7661,464.55
15421440,3522.42,2101.2057,435.17
15441920,3526.93,2064.1000,432.42
15462400,3531.45,2227.7553,465.45
15482880,3536.14,2392.9546,482.67
15503360,3540.63,2342.4954,469.78
15523840,3545.15,2355.2131,468.80
15544320,3549.80,2325.3055,466.24
15564800,3554.34,2216.9114,447.24
15585280,3559.08,2302.6202,466.08
15605760,3563.76,2264.3777,459.94
15626240,3568.39,2384.6852,475.63
15646720,3573.01,2412.8377,478.40
15667200,3577.80,2407.7789,478.74
15687680,3582.48,2225.2603,451.42
15708160,3587.44,2236.0198,455.93
15728640,3592.03,2196.7670,446.63
15749120,3596.63,2331.9683,462.20
15769600,3601.49,2282.1610,459.46
15790080,3606.35,2340.3872,479.96
15810560,3610.86,2312.0335,471.88
15831040,3615.43,2059.2965,433.25
15851520,3620.08,2071.8545,431.83
15872000,3624.71,2180.1188,447.85
15892480,3638.70,2143.1671,432.84
15912960,3643.37,2137.4716,436.72
15933440,3647.95,2163.1674,452.92
15953920,3652.49,2208.5364,463.10
15974400,3657.08,2191.3671,450.51
15994880,3661.86,2266.8377,455.87
16015360,3666.37,2384.1865,471.44
16035840,3670.80,2219.0264,447.33
16056320,3675.55,2200.6781,450.39
16076800,3680.20,2351.9282,474.96
16097280,3684.95,2264.9781,465.01
16117760,3689.61,2260.5581,459.77
16138240,3694.16,2205.8680,442.97
16158720,3698.72,2087.2443,431.83
16179200,3703.39,2158.5008,446.00
16199680,3708.08,2273.8163,464.42
16220160,3712.67,2236.7937,457.82
16240640,3717.30,2308.6156,466.32
16261120,3721.83,2275.0764,460.07
16281600,3726.41,2166.8084,434.96
16302080,3731.13,2160.5076,436.67
16322560,3735.80,2066.8044,429.86
16343040,3740.39,1930.5897,419.07
16363520,3745.01,2034.0506,433.95
16384000,3749.62,2067.3474,427.58
16404480,3773.79,2128.0774,445.65
16424960,3778.00,2218.7061,468.55
16445440,3782.63,2400.9885,490.67
16465920,3787.19,2367.9383,478.25
16486400,3791.61,2544.8427,499.89
16506880,3796.18,2395.9258,470.81
16527360,3800.73,2104.8852,429.78
16547840,3805.35,2185.4718,443.89
16568320,3809.89,2295.4157,459.96
16588800,3814.44,2171.9077,445.40
16609280,3819.26,2131.2912,441.28
16629760,3823.82,2220.1517,446.48
16650240,3828.37,2313.9202,461.68
16670720,3833.04,2235.5897,453.80
16691200,3837.56,2007.4397,419.88
16711680,3842.18,2190.7982,451.96
16732160,3846.70,2321.9820,473.01
16752640,3851.36,2172.3261,443.21
16773120,3855.94,2181.3730,444.37
16793600,3860.46,2205.8543,448.29
16814080,3865.26,2106.4258,442.83
16834560,3869.81,2001.7574,433.28
16855040,3874.44,2089.7293,437.61
16875520,3879.02,2214.9820,447.22
16896000,3883.60,2197.2501,449.18
16916480,3897.41,2178.8372,448.32
16936960,3902.14,2378.0666,482.73
16957440,3906.68,2236.1768,459.52
16977920,3911.17,2204.2614,449.10
16998400,3915.76,2239.4602,458.93
17018880,3920.34,2277.7512,463.91
17039360,3924.87,2222.0768,446.49
17059840,3929.49,2173.5618,444.64
17080320,3934.14,2164.8922,447.80
17100800,3938.63,2204.8071,446.57
17121280,3943.32,2022.7883,419.49
17141760,3948.34,2138.2504,444.48
17162240,3952.84,2216.0399,451.81
17182720,3957.44,2031.1379,416.90
17203200,3962.03,1954.3519,409.42
17223680,3966.67,2115.0545,438.13
17244160,3971.17,2177.6932,444.85
17264640,3975.73,2218.6899,453.84
17285120,3980.22,2239.7598,461.19
17305600,3984.70,2255.8912,466.62
17326080,3989.33,2138.6789,436.98
17346560,3993.85,2319.5065,472.39
17367040,3998.30,2390.0067,487.48
17387520,4002.73,2203.5829,453.80
17408000,4007.27,2036.0072,424.27
17428480,4020.92,1989.3021,425.10
17448960,4025.50,2167.7367,453.57
17469440,4029.92,2142.9480,440.16
17489920,4034.36,2169.3696,438.13
17510400,4038.85,2063.0545,417.17
17530880,4043.41,2083.9839,429.69
17551360,4047.74,2138.1820,443.81
17571840,4052.24,2252.0947,468.33
17592320,4056.75,2165.6317,461.05
17612800,4061.20,2081.5792,446.99
17633280,4065.70,2153.6551,460.09
17653760,4070.23,2180.6326,457.91
17674240,4074.60,2259.6727,470.00
17694720,4078.99,2154.9214,454.94
17715200,4083.46,2061.4382,446.59
17735680,4088.08,2169.6670,467.30
17756160,4092.54,1984.4124,425.34
17776640,4097.01,1801.0205,388.56
17797120,4101.54,1912.4023,414.14
17817600,4105.97,2023.2886,437.88
17838080,4110.66,2147.5476,458.53
17858560,4115.28,2245.0420,477.52
17879040,4119.83,2235.6142,466.46
17899520,4124.42,2019.6787,428.09
17920000,4129.31,1923.4528,418.19
17940480,4143.27,2145.1075,453.91
17960960,4147.98,2139.5310,455.51
17981440,4152.72,2134.4067,450.67
18001920,4157.36,2040.5250,436.36
18022400,4161.95,2058.6769,447.04
18042880,4166.71,2153.7615,462.62
18063360,4171.28,2075.2140,452.61
18083840,4175.89,1972.0043,427.57
18104320,4180.50,2130.2785,454.56
18124800,4185.15,2103.3947,448.43
18145280,4189.91,1993.2654,433.69
18165760,4194.51,2126.5774,444.93
18186240,4199.06,2161.8430,457.62
18206720,4203.67,2114.6437,462.15
18227200,4208.28,2165.5435,459.28
18247680,4213.07,2230.8314,467.24
18268160,4217.75,2021.3780,432.34
18288640,4222.36,2067.3405,451.08
18309120,4226.99,2322.4153,483.43
18329600,4231.66,2283.9454,485.30
18350080,4236.31,2219.1307,469.63
18370560,4240.83,2093.0923,443.25
18391040,4245.45,2052.7159,441.27
18411520,4250.03,1949.4552,425.86
18432000,4254.58,1919.7232,413.86
18452480,4278.86,1964.9533,431.85
18472960,4282.85,2013.4962,440.51
18493440,4287.32,2092.2268,445.49
18513920,4291.71,2043.3470,434.59
18534400,4296.11,1932.1259,418.77
18554880,4300.67,2059.1085,438.34
18575360,4305.29,2035.0649,432.03
18595840,4309.92,2018.7467,437.78
18616320,4314.46,2156.1802,458.74
18636800,4318.98,2059.3696,442.85
18657280,4323.56,2074.7645,448.45
18677760,4328.06,2164.2550,470.92
18698240,4332.50,2166.7147,465.34
18718720,4336.93,2086.1669,444.06
18739200,4341.48,1972.3427,415.23
18759680,4346.13,1878.4396,408.32
18780160,4350.59,2017.4936,437.20
18800640,4355.11,2225.6334,458.91
18821120,4359.57,2093.4107,427.88
18841600,4364.04,2099.5463,432.07
18862080,4368.57,2139.9223,448.74
18882560,4373.12,2158.7462,449.82
18903040,4377.64,2164.0422,456.99
18923520,4382.04,2088.1157,444.73
18944000,4386.51,1943.0196,416.96
18964480,4400.43,1806.1772,395.61
18984960,4405.11,1969.9662,421.96
19005440,4409.60,1987.5765,420.93
19025920,4414.08,1967.7953,421.72
19046400,4418.58,1886.0718,402.40
19066880,4423.24,1977.8195,423.51
19087360,4427.73,2028.6169,446.15
19107840,4432.24,1935.9308,422.38
19128320,4436.93,2056.1256,435.54
19148800,4441.47,2006.2669,429.72
19169280,4446.11,1954.6814,426.87
19189760,4450.73,2025.7325,431.45
19210240,4455.23,2076.8871,442.52
19230720,4459.72,2151.1380,457.26
19251200,4464.37,2232.3125,470.48
19271680,4469.01,2111.3570,442.62
19292160,4473.45,2026.6500,434.95
19312640,4477.99,2071.3828,445.85
19333120,4482.57,2010.4361,433.20
19353600,4487.49,2035.1580,432.29
19374080,4492.21,2016.7302,420.39
19394560,4496.78,1903.0976,410.15
19415040,4501.39,1924.1357,414.55
19435520,4505.91,2067.7987,436.94
19456000,4510.42,2102.8277,453.34
19476480,4524.43,2025.1932,453.00
19496960,4528.99,2071.3750,448.67
19517440,4533.55,2177.5504,459.28
19537920,4538.05,2004.5383,431.14
19558400,4542.57,1948.1708,428.47
19578880,4547.07,2046.1011,445.15
19599360,4551.55,2172.5918,472.18
19619840,4556.12,2097.2080,453.71
19640320,4560.64,2041.7382,440.70
19660800,4565.20,1913.6503,422.97
19681280,4569.78,1899.2513,414.74
19701760,4574.26,1884.0568,415.50
19722240,4578.85,1953.2340,422.35
19742720,4583.37,2004.0399,423.42
19763200,4587.92,1970.8618,414.57
19783680,4592.39,1968.9368,420.81
19804160,4596.99,2095.6641,454.09
19824640,4601.48,2102.9884,448.56
19845120,4605.95,2268.0716,469.08
19865600,4610.47,2197.3143,454.91
19886080,4615.07,1987.6276,423.38
19906560,4619.55,2108.9715,449.44
19927040,4624.10,2154.2476,463.27
19947520,4628.54,2168.6490,461.95
19968000,4633.05,2144.3113,464.40
19988480,4646.99,2030.6822,443.76
20008960,4651.52,2006.5348,434.77
20029440,4655.99,2085.2219,448.47
20049920,4660.43,2001.7078,435.80
20070400,4665.07,1965.0441,422.85
20090880,4669.93,2054.5671,429.57
20111360,4674.39,2008.9904,419.00
20131840,4678.90,1902.3652,407.17
20152320,4683.59,2003.6318,432.96
20172800,4688.07,2019.5563,430.15
20193280,4692.76,2194.8687,460.00
20213760,4697.32,2073.4219,444.15
20234240,4701.93,2001.0623,436.55
20254720,4706.60,2094.3924,453.97
20275200,4711.17,2067.4327,434.90
20295680,4715.90,2091.0121,433.44
20316160,4720.52,2021.1330,433.30
20336640,4725.08,1926.2770,418.96
20357120,4729.60,1846.1764,397.54
20377600,4734.15,1940.6881,418.11
20398080,4738.97,2106.1576,452.54
20418560,4743.59,2118.3021,448.41
20439040,4748.09,2068.7526,434.01
20459520,4752.78,2146.6447,447.44
20480000,4757.35,2306.7771,486.87
20500480,4781.70,2167.6698,475.75
20520960,4785.50,1924.7415,424.84
20541440,4790.20,1872.6510,413.21
20561920,4794.61,2030.0435,444.83
20582400,4798.99,2062.5661,443.61
20602880,4803.64,2007.4204,433.31
20623360,4808.17,1988.8204,429.32
20643840,4812.62,2027.8988,434.86
20664320,4817.10,1956.3456,419.84
20684800,4821.68,2006.6549,426.49
20705280,4826.38,1993.6376,427.15
20725760,4831.07,1972.3363,420.24
20746240,4835.50,2088.1188,435.97
20766720,4840.12,2037.0994,431.62
20787200,4844.89,2121.1629,453.05
20807680,4849.74,2289.4235,487.41
20828160,4854.26,2205.8597,468.08
20848640,4858.84,1933.3923,417.72
20869120,4863.37,1914.2975,418.04
20889600,4868.01,1996.3113,432.42
20910080,4872.73,2043.1365,431.63
20930560,4877.31,1988.4427,420.99
20951040,4881.93,2090.0709,446.78
20971520,4886.38,2117.3597,447.24
20992000,4890.86,2051.0414,431.07
21012480,4904.90,2185.4770,454.86
21032960,4909.48,2148.6332,454.94
21053440,4913.99,2183.3675,465.87
21073920,4918.45,2087.6448,448.72
21094400,4922.86,2102.8025,443.67
21114880,4927.47,2241.1324,465.48
21135360,4931.94,2199.3791,468.01
21155840,4936.46,2352.7100,492.38
21176320,4940.88,2388.7045,500.72
21196800,4945.43,2239.9203,472.57
21217280,4950.04,2146.1952,463.95
21237760,4954.48,2041.8302,439.88
21258240,4958.97,2047.8330,430.48
21278720,4963.47,2250.6803,469.30
21299200,4967.88,2329.4068,484.07
21319680,4972.58,2324.9852,487.34
21340160,4977.21,2079.6251,441.42
21360640,4981.69,2102.5904,439.32
21381120,4986.28,2033.8921,436.54
21401600,4991.01,1918.2175,422.06
21422080,4995.74,2100.9595,449.07
21442560,5000.35,2304.2351,480.08
21463040,5004.93,2361.6925,492.96
21483520,5009.53,2166.8034,458.55
21504000,5014.12,2217.1908,462.30
21524480,5028.64,2152.8510,456.64
21544960,5033.36,2241.9921,471.78
21565440,5037.94,2146.2266,449.89
21585920,5042.74,2047.4692,434.46
21606400,5047.35,2208.3698,467.93
21626880,5052.01,2325.4536,487.97
21647360,5056.55,2008.3837,427.62
21667840,5061.09,2039.2117,437.99
21688320,5065.57,2063.5020,439.10
21708800,5070.20,2072.2108,436.55
21729280,5074.98,2104.0935,444.72
21749760,5079.49,2213.3036,469.49
21770240,5084.03,2079.5940,447.26
21790720,5088.73,2048.0446,439.01
21811200,5093.20,2008.4159,429.93
21831680,5098.02,1990.1274,422.76
21852160,5102.71,2058.9130,441.58
21872640,5107.45,2043.8829,440.29
21893120,5112.08,2076.7154,441.61
21913600,5116.77,2082.0802,441.07
21934080,5121.50,1979.5051,420.91
21954560,5126.11,1850.6676,398.96
21975040,5130.74,1888.6077,407.63
21995520,5135.39,1917.8846,419.49
22016000,5139.97,2150.9032,451.20
22036480,5153.84,2360.4666,488.74
22056960,5158.47,2171.4080,452.89
22077440,5163.04,2053.7612,434.59
22097920,5167.51,1915.2707,417.65
22118400,5171.96,2059.0804,439.06
22138880,5176.57,2137.3202,447.07
22159360,5181.08,2131.8668,451.77
22179840,5185.65,2151.7669,450.25
22200320,5190.18,2035.1764,422.01
22220800,5194.71,2088.2781,441.40
22241280,5199.26,2147.3291,453.61
22261760,5203.75,2231.3013,463.84
22282240,5208.75,2131.6876,440.86
22302720,5213.13,2032.6367,425.27
22323200,5217.67,2028.2391,427.22
22343680,5222.31,2302.7906,475.19
22364160,5226.82,2302.6704,478.02
22384640,5231.44,2244.8448,468.27
22405120,5236.05,2168.4583,456.00
22425600,5240.58,1990.6414,429.54
22446080,5245.33,1989.5054,430.89
22466560,5249.84,1918.2750,410.06
22487040,5254.38,1800.3889,391.03
22507520,5258.98,1917.7234,409.95
22528000,5263.57,2060.8345,440.25
22548480,5288.01,2250.9935,484.71
22568960,5291.85,2240.0789,490.16
22589440,5296.50,2072.1315,456.93
22609920,5301.03,2081.1625,452.21
22630400,5305.59,2171.7880,460.66
22650880,5310.38,2064.1296,443.62
22671360,5314.93,2009.1245,434.28
22691840,5319.49,1910.3565,410.27
22712320,5324.17,1935.6525,411.96
22732800,5328.73,2037.1158,437.71
22753280,5333.51,2087.1399,446.88
22773760,5338.25,2067.3443,441.54
22794240,5342.84,2209.5131,463.04
22814720,5347.52,2140.5050,447.17
22835200,5352.23,2076.5594,436.23
22855680,5357.06,1983.1401,421.87
22876160,5361.61,1853.0546,391.13
22896640,5366.14,1872.4230,397.25
22917120,5370.78,1987.2055,414.86
22937600,5375.39,2024.2725,414.80
22958080,5380.11,1951.5801,410.30
22978560,5384.84,2068.4043,433.90
22999040,5389.73,2112.4909,443.66
23019520,5394.30,2227.2578,455.58
23040000,5398.86,2272.8891,467.13
23060480,5412.93,2166.2077,457.92
23080960,5417.57,2263.8343,476.04
23101440,5422.09,2212.1640,461.44
23121920,5426.63,2223.1500,459.39
23142400,5431.14,2167.5377,442.71
23162880,5435.81,1964.7018,413.38
23183360,5440.29,2117.1326,448.10
23203840,5444.84,2226.9759,464.27
23224320,5449.40,2032.3895,430.72
23244800,5454.04,1993.8868,425.83
23265280,5458.64,1962.6716,412.64
23285760,5463.19,1962.5067,417.54
23306240,5467.79,2201.7315,466.05
23326720,5472.33,2275.9721,471.91
23347200,5476.86,2183.9804,457.32
23367680,5481.51,2285.4428,481.48
23388160,5485.98,2272.3737,478.37
23408640,5490.38,2318.3391,479.04
23429120,5494.86,2299.0749,474.41
23449600,5499.52,2118.1595,442.80
23470080,5504.09,2263.3871,464.74
23490560,5508.58,2298.6004,477.49
23511040,5513.09,2110.3427,451.40
23531520,5517.61,2107.7076,450.65
23552000,5522.06,2065.2901,439.99
23572480,5535.77,2071.3939,437.51
23592960,5540.23,2070.5757,437.68
23613440,5544.74,1970.8100,430.26
23633920,5549.17,2074.4470,451.40
23654400,5553.61,2171.3359,464.71
23674880,5558.12,2103.8508,453.62
23695360,5562.56,2017.1809,430.79
23715840,5567.34,2055.0601,434.67
23736320,5571.77,2221.5225,470.44
23756800,5576.16,2227.8439,465.81
23777280,5581.02,2182.9917,451.31
23797760,5585.72,2115.6790,438.35
23818240,5590.38,2249.8533,468.33
23838720,5595.01,2182.0244,456.67
23859200,5599.61,2193.5032,455.25
23879680,5604.14,2242.0246,460.67
23900160,5608.66,2305.4618,470.34
23920640,5613.25,2302.0047,466.45
23941120,5617.82,2241.9796,463.42
23961600,5622.45,2147.6228,453.26
23982080,5627.23,2092.3639,439.61
24002560,5631.79,1930.4518,409.10
24023040,5636.29,2046.0496,419.23
24043520,5640.88,2187.7148,448.04
24064000,5645.44,2334.2557,475.01
24084480,5659.45,2272.3435,466.88
24104960,5664.15,2251.2815,462.93
24125440,5668.59,2133.4663,440.85
24145920,5673.21,2298.0766,471.27
24166400,5677.80,2198.4465,461.42
24186880,5682.52,2196.0593,460.01
24207360,5687.02,2224.6689,463.10
24227840,5691.67,2041.3155,425.20
24248320,5696.22,2089.6830,427.30
24268800,5700.78,2240.2961,460.93
24289280,5705.43,2073.9584,435.75
24309760,5710.00,1929.3931,409.48
24330240,5714.56,2085.7549,434.56
24350720,5719.20,2137.5155,440.82
24371200,5723.78,2124.8518,443.72
24391680,5728.56,2081.7897,444.03
24412160,5733.07,2120.0836,440.74
24432640,5737.65,2128.8141,435.76
24453120,5742.23,2173.1887,447.91
24473600,5747.17,2023.2925,423.80
24494080,5752.01,2080.6446,427.74
24514560,5756.59,2238.8507,458.50
24535040,5761.28,2255.0103,465.12
24555520,5765.95,2087.3262,436.22
24576000,5770.59,1957.6262,417.22
24596480,5794.80,1852.3754,399.74
24616960,5798.56,1865.3000,409.08
24637440,5803.22,2006.8021,432.86
24657920,5807.86,2047.0492,427.96
24678400,5812.35,2132.6859,441.98
24698880,5816.98,2006.5105,416.72
24719360,5821.54,1967.5750,410.17
24739840,5826.20,2111.3471,441.54
24760320,5830.75,2256.6045,470.82
24780800,5835.38,2220.1835,454.44
24801280,5840.16,2168.5527,446.12
24821760,5844.76,2208.2172,464.32
24842240,5849.39,2282.0908,480.09
24862720,5854.01,2177.9099,453.31
24883200,5858.63,2155.1982,447.60
24903680,5863.34,2265.2702,468.63
24924160,5867.96,2133.1153,445.99
24944640,5872.68,2004.5928,420.60
24965120,5877.31,2083.8659,438.69
24985600,5881.90,2127.1771,450.31
25006080,5886.64,2283.9195,477.02
25026560,5891.14,2441.7472,503.08
25047040,5895.66,2391.4285,495.40
25067520,5900.43,2182.7315,453.24
25088000,5905.01,2299.0139,467.25
25108480,5918.90,2362.3318,476.87
25128960,5923.38,2340.3731,477.45
25149440,5928.32,2283.7443,475.48
25169920,5932.84,2178.0771,458.44
25190400,5937.39,2101.3314,443.33
25210880,5942.00,2142.2364,450.11
25231360,5946.45,2041.0178,432.12
25251840,5950.97,2183.0563,454.98
25272320,5955.48,2132.8964,439.10
25292800,5959.87,2053.2345,429.30
25313280,5964.53,2067.7944,435.92
25333760,5969.07,2224.4767,461.77
25354240,5973.51,2347.5582,485.94
25374720,5977.89,2401.8486,490.01
25395200,5982.39,2307.8867,469.26
25415680,5986.97,2374.4859,484.43
25436160,5991.48,2284.8964,463.77
25456640,5995.94,2134.7812,439.75
25477120,6000.58,2105.8248,442.95
25497600,6005.03,2119.6647,441.27
25518080,6009.63,2061.1373,429.88
25538560,6014.25,2254.2029,465.99
25559040,6018.82,2187.0875,459.76
25579520,6023.30,2182.4895,452.59
25600000,6027.89,2090.9832,446.45
25620480,6041.65,2196.5585,461.86
25640960,6046.28,2408.2151,483.40
25661440,6050.73,2366.9579,478.70
25681920,6055.21,2293.8920,467.13
25702400,6059.75,2248.6139,468.23
25722880,6064.30,2170.0892,454.29
25743360,6068.86,2224.7713,457.48
25763840,6073.40,2301.9923,469.48
25784320,6077.92,2163.4860,446.44
25804800,6082.35,1976.3025,415.72
25825280,6086.96,2168.9636,448.13
25845760,6091.54,2346.8764,472.59
25866240,6095.99,2332.2111,469.02
25886720,6100.44,2370.8876,487.79
25907200,6105.07,2200.8586,459.77
25927680,6109.94,2138.9644,433.51
25948160,6114.49,2107.2242,429.78
25968640,6119.08,2093.5827,431.67
25989120,6123.61,2191.6941,447.93
26009600,6128.08,2153.9575,451.99
26030080,6132.72,2162.1293,442.75
26050560,6137.16,2250.6124,452.16
26071040,6141.57,2124.1702,440.72
26091520,6146.14,2139.2959,450.61
26112000,6150.59,2181.6564,455.50
26132480,6164.32,2166.4071,458.18
26152960,6168.83,2378.9993,494.02
26173440,6173.25,2442.6301,501.95
26193920,6177.70,2488.3044,503.41
26214400,6182.05,2291.4881,468.33
26234880,6186.70,2163.5453,441.04
26255360,6191.22,2196.5058,449.53
26275840,6195.88,2180.2232,451.70
26296320,6200.53,2148.4303,458.01
26316800,6205.14,2108.1760,455.67
26337280,6209.98,2101.8353,448.10
26357760,6214.65,2134.4431,446.66
26378240,6219.14,2316.3064,482.10
26398720,6223.79,2192.8840,462.11
26419200,6228.38,2056.8333,437.29
26439680,6233.13,2193.1493,458.00
26460160,6237.88,2458.4294,502.13
26480640,6242.39,2440.6739,503.50
26501120,6246.96,2255.6401,472.85
26521600,6251.52,2302.0843,477.41
26542080,6256.21,2409.0567,504.62
26562560,6260.70,2250.0044,470.38
26583040,6265.28,2157.2705,448.64
26603520,6269.80,2030.1060,432.31
26624000,6274.41,2054.4208,438.29
26644480,6298.96,2123.0855,441.34
26664960,6302.87,2205.9833,447.77
26685440,6307.37,2170.1392,442.14
26705920,6311.73,2184.2385,448.71
26726400,6316.31,2240.7039,458.01
26746880,6321.08,2403.3876,473.51
26767360,6325.64,2337.9062,471.42
26787840,6330.34,2250.9801,462.97
26808320,6334.98,2395.9834,483.75
26828800,6339.63,2259.4647,459.35
26849280,6344.42,2041.8534,417.48
26869760,6348.98,2139.3754,442.54
26890240,6353.54,2204.6377,459.67
26910720,6358.26,2251.6083,468.66
26931200,6362.83,2365.7971,484.33
26951680,6367.45,2221.9948,461.13
26972160,6372.07,2272.3317,462.12
26992640,6376.81,2219.6917,460.04
27013120,6381.40,2198.8296,459.65
27033600,6386.08,2039.0332,422.54
27054080,6390.96,2058.8440,429.24
27074560,6395.55,2399.5409,497.74
27095040,6400.27,2278.0137,474.57
27115520,6404.93,2321.8161,484.62
27136000,6409.51,2258.2048,473.84
27156480,6423.53,2135.1689,445.74
27176960,6428.10,2142.8301,441.54
27197440,6432.64,2136.0787,444.20
27217920,6437.22,2132.4215,444.04
27238400,6441.73,2326.0937,473.89
27258880,6446.37,2435.9527,498.68
27279360,6450.80,2417.7949,494.32
27299840,6455.42,2211.8128,451.00
27320320,6459.92,2121.7420,440.77
27340800,6464.45,2189.2703,454.83
27361280,6469.53,2174.3353,445.48
27381760,6474.09,2221.7172,451.76
27402240,6478.64,2218.3915,451.11
27422720,6483.17,2128.3654,438.39
27443200,6487.75,2174.7034,454.64
27463680,6492.48,2244.2184,460.83
27484160,6497.01,2278.0079,469.53
27504640,6501.61,2219.4005,459.49
27525120,6506.33,2328.3465,477.89
27545600,6510.89,2231.6051,456.72
27566080,6515.62,2247.9641,461.01
27586560,6520.25,2246.2644,460.51
27607040,6524.84,2216.4587,458.11
27627520,6529.37,2285.1193,468.18
27648000,6534.10,2339.1670,481.53
27668480,6547.94,2378.9024,485.52
27688960,6552.69,2137.9390,446.51
27709440,6557.36,2018.8146,422.40
27729920,6562.00,2086.7644,428.01
27750400,6566.52,2288.6248,464.30
27770880,6571.21,2306.1661,466.75
27791360,6575.75,2360.4130,473.60
27811840,6580.45,2357.5181,474.94
27832320,6584.98,2045.2136,422.85
27852800,6589.54,2210.5547,447.28
27873280,6594.42,2251.5471,459.41
27893760,6599.02,2173.6487,452.23
27914240,6603.67,2244.8818,459.56
27934720,6608.39,2192.0848,456.62
27955200,6613.05,2183.7204,456.91
27975680,6617.80,2289.8743,473.48
27996160,6622.49,2307.5130,480.76
28016640,6627.00,2278.5734,467.82
28037120,6631.57,2123.7266,445.57
28057600,6636.15,2216.9871,462.64
28078080,6640.92,2351.5011,489.60
28098560,6645.67,2314.5887,477.23
28119040,6650.58,2224.9829,450.14
28139520,6655.22,2314.2252,470.47
28160000,6659.88,2358.0007,485.74
28180480,6673.83,2309.9768,470.94
28200960,6678.65,2285.5798,469.15
28221440,6683.18,2364.0977,487.22
28241920,6687.96,2372.4305,491.83
28262400,6692.59,2365.7991,499.63
28282880,6697.29,2215.6974,468.12
28303360,6701.97,2200.8364,460.23
28323840,6706.59,2279.8100,472.62
28344320,6711.19,2338.0904,481.53
28364800,6715.83,2398.6175,486.39
28385280,6720.69,2337.8308,472.06
28405760,6725.24,2131.8043,439.97
28426240,6729.86,2268.8856,474.22
28446720,6734.43,2328.6705,489.27
28467200,6739.07,2193.5842,456.13
28487680,6743.81,2201.7358,457.34
28508160,6748.51,2182.4779,456.47
28528640,6753.14,2131.1084,459.05
28549120,6757.75,2323.0093,490.02
28569600,6762.52,2374.1838,487.17
28590080,6767.28,2354.2721,477.62
28610560,6771.92,2143.5323,450.36
28631040,6776.50,2208.0071,457.48
28651520,6781.17,2406.2894,492.02
28672000,6785.76,2328.3551,476.07
28692480,6810.20,2407.8866,491.80
28712960,6814.38,2385.3124,484.50
28733440,6819.13,2487.0303,502.49
28753920,6823.74,2414.2760,499.75
28774400,6828.92,2399.7987,494.79
28794880,6833.77,2251.9358,456.49
28815360,6838.54,2168.1628,446.34
28835840,6843.14,2138.4595,448.94
28856320,6847.83,2121.5899,445.41
28876800,6852.61,2177.7812,455.45
28897280,6857.54,2447.0089,503.43
28917760,6862.31,2221.9069,461.35
28938240,6867.07,2213.7741,459.23
28958720,6871.83,2284.7613,474.09
28979200,6876.53,2242.2021,466.70
28999680,6881.48,2292.6188,466.67
29020160,6886.28,2316.4677,471.70
29040640,6891.09,2424.9896,501.36
29061120,6895.91,2254.5100,471.13
29081600,6900.66,2275.5986,472.72
29102080,6905.44,2441.6397,500.47
29122560,6910.19,2515.6538,509.37
29143040,6914.99,2560.4508,506.70
29163520,6919.66,2462.0449,484.06
29184000,6924.24,2328.2247,477.33
29204480,6938.19,2199.6457,466.29
29224960,6942.82,2089.5918,445.72
29245440,6947.37,2098.1637,440.12
29265920,6951.88,2469.4872,501.67
29286400,6956.45,2529.7178,507.08
29306880,6961.27,2488.2021,500.65
29327360,6965.83,2382.0199,483.22
29347840,6970.38,2399.4901,484.04
29368320,6974.95,2182.0045,448.80
29388800,6979.66,2058.1291,427.24
29409280,6984.35,2298.4674,473.46
29429760,6989.02,2365.1750,476.66
29450240,6993.64,2218.5950,447.65
29470720,6998.21,2276.5788,457.55
29491200,7002.75,2413.2896,483.14
29511680,7007.83,2361.8063,479.78
29532160,7012.48,2489.9985,499.79
29552640,7017.03,2517.9906,501.71
29573120,7021.55,2226.1621,449.98
29593600,7026.14,2193.0769,443.41
29614080,7030.74,2384.7832,478.80
29634560,7035.42,2683.1814,535.09
29655040,7040.01,2624.3156,520.38
29675520,7044.57,2564.1621,504.79
29696000,7049.23,2399.3260,475.20
29716480,7063.10,2420.7369,489.78
29736960,7067.78,2327.1665,469.86
29757440,7072.30,2431.5974,491.89
29777920,7076.84,2233.6723,457.15
29798400,7081.41,2194.8515,452.17
29818880,7086.30,2328.8461,471.28
29839360,7090.99,2439.2897,486.85
29859840,7095.69,2415.7900,487.31
29880320,7100.50,2366.3143,474.02
29900800,7105.18,2368.5185,469.98
29921280,7109.99,2566.4967,507.16
29941760,7114.83,2426.6017,485.10
29962240,7119.58,2390.5499,477.00
29982720,7124.25,2267.4649,462.58
30003200,7129.02,2144.6546,444.02
30023680,7133.84,2339.4137,477.05
30044160,7138.53,2500.3752,506.25
30064640,7143.19,2424.3008,490.50
30085120,7147.95,2468.2975,493.43
30105600,7152.57,2334.8000,473.25
30126080,7157.31,2283.1495,465.36
30146560,7161.98,2297.1622,467.95
30167040,7166.63,2309.1894,469.07
30187520,7171.28,2267.8943,463.72
30208000,7176.00,2275.4268,464.62
30228480,7190.40,2189.2815,440.69
30248960,7195.21,2243.8191,453.93
30269440,7199.93,2235.3184,454.96
30289920,7204.63,2182.3420,444.91
30310400,7209.32,2197.2850,444.92
30330880,7214.26,2282.2853,452.70
30351360,7218.95,2171.2311,429.11
30371840,7223.61,2286.3574,450.93
30392320,7228.32,2371.6371,475.27
30412800,7232.89,2408.3649,489.91
30433280,7237.66,2316.7219,471.47
30453760,7242.39,2300.5880,465.35
30474240,7247.06,2444.8820,490.62
30494720,7251.69,2531.1649,507.89
30515200,7256.31,2629.6976,527.80
30535680,7261.06,2320.2745,473.82
30556160,7265.77,2235.8027,455.89
30576640,7270.38,2166.0485,443.04
30597120,7275.07,2046.8538,411.78
30617600,7279.69,2268.1251,454.30
30638080,7284.45,2449.5275,484.02
30658560,7289.21,2403.9928,487.19
30679040,7293.71,2446.3022,499.59
30699520,7298.34,2404.2033,492.38
30720000,7302.97,2327.2176,475.03
30740480,7327.13,2277.8607,469.77
30760960,7331.45,2277.1068,462.90
30781440,7336.15,2462.1558,496.70
30801920,7340.71,2371.5238,476.50
30822400,7345.27,2358.5012,478.77
30842880,7349.98,2504.6313,510.07
30863360,7354.52,2417.3217,494.98
30883840,7359.15,2249.3978,466.67
30904320,7363.75,2262.0906,465.99
30924800,7368.79,2365.7971,483.68
30945280,7373.57,2513.4041,508.20
30965760,7378.25,2444.3598,493.36
30986240,7382.84,2358.1597,474.96
31006720,7387.60,2237.9857,455.10
31027200,7392.32,2277.5459,461.18
31047680,7397.39,2360.9056,474.18
31068160,7402.55,2370.3371,476.92
31088640,7407.34,2177.1567,450.49
31109120,7412.03,2302.6006,473.23
31129600,7416.72,2324.0178,470.39
31150080,7421.56,2369.6033,479.40
31170560,7426.25,2308.6278,471.30
31191040,7430.93,2411.6543,488.06
31211520,7435.57,2455.7864,485.41
31232000,7440.34,2323.2620,462.65
31252480,7454.38,2334.9438,470.72
31272960,7459.02,2355.3078,476.23
31293440,7463.63,2489.7237,498.32
31313920,7468.44,2533.3127,510.43
31334400,7473.08,2304.2924,469.71
31354880,7477.69,2184.5454,448.65
31375360,7482.33,2283.7823,465.20
31395840,7486.88,2283.7636,463.17
31416320,7491.43,2217.3555,455.51
31436800,7495.96,2208.2583,451.48
31457280,7500.76,2196.5290,446.39
31477760,7505.30,2196.3333,449.18
31498240,7509.85,2426.6779,491.17
31518720,7514.43,2450.7105,486.80
31539200,7518.88,2458.0245,483.72
31559680,7523.59,2292.4049,463.54
31580160,7528.21,2340.0814,477.70
31600640,7532.76,2152.5388,439.19
31621120,7537.28,2325.8121,465.71
31641600,7541.95,2429.9262,477.78
31662080,7546.99,2392.7060,474.17
31682560,7551.71,2292.9044,457.70
31703040,7556.19,2347.2670,473.89
31723520,7560.80,2231.5605,461.60
31744000,7565.51,2268.9478,469.39
31764480,7579.38,2224.0368,459.78
31784960,7584.08,2273.0456,472.19
31805440,7588.67,2300.0295,477.02
31825920,7593.27,2362.4300,484.55
31846400,7597.76,2418.7228,481.70
31866880,7602.39,2333.5123,469.59
31887360,7606.80,2419.7831,497.65
31907840,7611.43,2386.7484,496.40
31928320,7616.04,2515.3759,507.28
31948800,7620.65,2523.7313,503.41
31969280,7625.43,2228.3297,454.21
31989760,7630.02,2188.4630,449.19
32010240,7634.71,2282.2461,461.73
32030720,7639.45,2338.6234,474.49
32051200,7644.06,2331.1769,466.69
32071680,7648.87,2135.0863,431.70
32092160,7653.53,2080.2946,425.65
32112640,7658.05,2162.3988,448.77
32133120,7662.65,2174.5113,453.91
32153600,7667.25,2224.7295,451.49
32174080,7672.12,2294.7930,455.42
32194560,7676.73,2354.9110,471.95
32215040,7681.38,2485.2778,496.45
32235520,7686.03,2480.8024,497.83
32256000,7690.66,2476.2017,496.66
32276480,7704.75,2213.0139,449.96
32296960,7709.53,2116.2930,438.57
32317440,7714.23,2225.5420,457.44
32337920,7718.80,2504.5371,504.07
32358400,7723.38,2562.3786,517.67
32378880,7728.43,2414.1992,490.51
32399360,7733.17,2482.2051,497.91
32419840,7737.90,2406.5046,488.41
32440320,7742.49,2382.2970,486.29
32460800,7747.23,2321.1447,468.86
32481280,7751.99,2351.5587,473.07
32501760,7756.52,2408.5299,484.45
32522240,7761.16,2394.3413,479.12
32542720,7765.99,2202.3127,444.85
32563200,7770.63,2024.5501,414.03
32583680,7775.26,2050.7700,426.15
32604160,7779.84,2244.8991,465.50
32624640,7784.48,2216.4476,447.38
32645120,7789.01,2359.6752,468.99
32665600,7793.78,2264.3615,458.22
32686080,7798.48,2355.8471,472.98
32706560,7803.02,2363.9390,475.34
32727040,7807.65,2256.5999,454.61
32747520,7812.30,2334.1857,465.34
32768000,7816.83,2295.9183,456.90
32788480,7841.19,2192.9970,435.96
32808960,7845.13,2422.3540,475.31
32829440,7849.64,2522.4311,498.30
32849920,7854.03,2578.6265,506.06
32870400,7858.56,2282.4153,457.51
32890880,7863.09,2292.6966,457.33
32911360,7867.59,2413.0586,484.19
32931840,7872.05,2502.6311,501.85
32952320,7876.52,2507.3716,496.52
32972800,7881.02,2520.9833,495.75
32993280,7885.81,2469.7075,489.66
33013760,7890.45,2485.3844,494.81
33034240,7894.95,2564.8668,507.50
33054720,7899.43,2452.2253,490.11
33075200,7903.94,2245.7351,454.63
33095680,7909.06,2247.8053,453.50
33116160,7913.54,2329.9929,471.04
33136640,7918.09,2117.6938,431.25
33157120,7922.70,2126.4457,428.48
33177600,7927.25,2376.6030,471.54
33198080,7931.96,2394.6105,479.36
33218560,7936.52,2326.6096,472.93
33239040,7941.03,2292.2343,465.70
33259520,7945.47,2427.8162,487.25
33280000,7950.00,2411.0122,492.92
33300480,7963.72,2421.0693,483.57
33320960,7968.30,2310.3167,461.69
33341440,7972.75,2215.8747,449.96
33361920,7977.29,2224.4574,452.66
33382400,7981.78,2457.9550,494.19
33402880,7986.51,2492.0581,498.97
33423360,7991.13,2465.7990,499.83
33443840,7995.81,2454.3804,490.57
33464320,8000.58,2537.9340,505.79
33484800,8005.23,2535.5520,508.69
33505280,8010.03,2569.0079,513.05
33525760,8014.81,2529.3207,501.11
33546240,8019.39,2456.8353,485.19
33566720,8024.05,2555.1607,499.18
33587200,8028.76,2315.2210,462.74
33607680,8033.56,2388.5874,483.10
33628160,8038.17,2329.9476,471.25
33648640,8042.89,2361.9463,469.63
33669120,8047.55,2467.2460,489.74
33689600,8052.21,2480.1234,490.63
33710080,8057.05,2483.2769,491.86
33730560,8061.86,2308.9167,463.80
33751040,8066.56,2305.6031,466.11
33771520,8071.23,2226.1556,456.82
33792000,8076.03,2197.1584,456.15
33812480,8090.54,2365.9270,486.08
33832960,8095.23,2516.6092,512.37
33853440,8100.00,2346.0691,485.08
33873920,8104.62,2196.2765,447.59
33894400,8109.44,2260.3611,452.01
33914880,8114.17,2073.8983,417.77
33935360,8118.88,2156.4136,431.36
33955840,8123.55,2459.4049,486.65
33976320,8128.22,2277.0561,457.03
33996800,8132.91,2306.2213,460.85
34017280,8137.59,2318.2827,467.89
34037760,8142.33,2402.9225,483.29
34058240,8146.99,2368.8857,478.93
34078720,8151.60,2309.8531,471.83
34099200,8156.31,2265.6840,467.24
34119680,8161.03,2328.9847,473.89
34140160,8165.59,2194.0403,445.22
34160640,8170.23,2305.5987,463.45
34181120,8174.89,2459.3623,489.68
34201600,8179.59,2644.2836,523.18
34222080,8184.30,2610.8072,525.82
34242560,8188.90,2340.8990,481.93
34263040,8193.50,2470.4851,505.79
34283520,8198.07,2511.5991,502.82
34304000,8202.82,2410.8962,473.66
34324480,8216.90,2282.9668,461.64
34344960,8221.43,2406.8834,479.34
34365440,8226.02,2557.2180,501.20
34385920,8230.69,2433.5714,475.87
34406400,8235.30,2293.5794,457.61
34426880,8240.01,2364.1875,465.71
34447360,8244.59,2447.6751,471.24
34467840,8249.13,2399.3247,476.20
34488320,8253.76,2484.9815,491.94
34508800,8258.37,2415.1159,475.75
34529280,8263.14,2522.0317,494.91
34549760,8268.01,2542.6022,497.33
34570240,8272.71,2679.0990,519.63
34590720,8277.33,2549.8583,501.39
34611200,8281.98,2108.5962,435.77
34631680,8286.88,2000.6056,411.85
34652160,8291.44,2137.9275,428.29
34672640,8296.26,2264.4374,454.00
34693120,8300.99,2263.5344,453.80
34713600,8305.71,2335.3604,459.84
34734080,8310.62,2326.3584,457.51
34754560,8315.18,2252.1283,453.19
34775040,8319.73,2438.0500,489.77
34795520,8324.38,2362.0350,472.87
34816000,8329.08,2366.8118,476.61
34836480,8353.51,2223.0804,456.44
34856960,8357.38,2255.2417,455.11
34877440,8362.03,2202.3551,443.73
34897920,8366.42,2267.7309,461.88
34918400,8370.89,2264.7915,467.59
34938880,8375.58,2261.6589,461.60
34959360,8380.15,2323.7512,471.80
34979840,8384.68,2281.0991,464.90
35000320,8389.24,2203.3027,449.63
35020800,8393.75,2381.6604,464.57
35041280,8398.42,2597.7371,499.73
35061760,8403.04,2508.7442,494.06
35082240,8407.59,2416.5529,482.51
35102720,8412.12,2220.0464,452.95
35123200,8416.65,2217.9155,444.30
35143680,8421.35,2419.0162,481.67
35164160,8425.92,2261.7535,454.76
35184640,8430.47,2349.3215,473.04
35205120,8435.11,2487.0797,493.77
35225600,8439.70,2488.2150,491.87
35246080,8444.33,2445.4157,484.27
35266560,8449.26,2238.1252,449.90
35287040,8453.82,2233.4355,456.60
35307520,8458.46,2316.2849,463.64
35328000,8462.91,2340.6159,465.88
35348480,8476.92,2301.1425,460.31
35368960,8481.53,2195.8751,441.78
35389440,8486.00,2183.6758,444.18
35409920,8490.51,2408.8636,484.93
35430400,8495.01,2413.2128,478.96
35450880,8499.67,2457.5125,484.35
35471360,8504.20,2298.5291,462.65
35491840,8508.84,2338.9549,466.63
35512320,8513.44,2406.1855,473.15
35532800,8518.07,2550.3300,496.23
35553280,8522.78,2468.8793,484.69
35573760,8527.34,2313.2734,469.47
35594240,8531.84,2276.2626,465.53
35614720,8536.53,2360.0608,461.93
35635200,8541.00,2398.7852,471.19
35655680,8545.72,2134.3927,439.85
35676160,8550.26,2155.9442,439.29
35696640,8554.78,2372.7370,469.73
35717120,8559.34,2343.2605,470.18
35737600,8563.87,2232.0498,451.44
35758080,8568.79,2294.9042,462.25
35778560,8573.47,2437.5927,492.75
35799040,8578.20,2382.5072,476.90
35819520,8582.93,2302.4726,466.57
35840000,8587.57,2338.0857,476.62
35860480,8601.70,2489.8386,501.11
35880960,8606.45,2501.9294,502.80
35901440,8610.95,2596.8294,513.89
35921920,8615.71,2592.0227,506.01
35942400,8620.37,2492.2968,485.47
35962880,8625.18,2326.5061,462.48
35983360,8630.16,2364.6027,472.93
36003840,8634.77,2351.2785,470.43
36024320,8639.37,2252.5531,458.39
36044800,8643.96,2302.3394,463.50
36065280,8648.56,2314.1771,462.10
36085760,8653.24,2600.5448,510.65
36106240,8657.86,2545.0275,504.64
36126720,8662.36,2451.6689,490.78
36147200,8667.00,2392.4377,481.04
36167680,8671.75,2256.9925,459.15
36188160,8676.25,2193.2019,443.08
36208640,8681.02,2313.6564,459.41
36229120,8685.64,2310.8379,459.77
36249600,8690.20,2381.7248,475.59
36270080,8694.84,2529.6245,503.57
36290560,8699.49,2422.1863,483.61
36311040,8704.03,2324.7873,461.07
36331520,8708.42,2236.7640,450.19
36352000,8713.11,2452.0909,494.41
36372480,8726.87,2510.0299,504.95
36392960,8731.51,2494.8763,498.29
36413440,8736.09,2415.3341,485.56
36433920,8740.59,2545.2681,500.69
36454400,8745.03,2331.7203,457.48
36474880,8749.65,2294.0777,449.56
36495360,8754.07,2554.8229,493.91
36515840,8758.69,2546.4426,495.26
36536320,8763.20,2396.0236,476.29
36556800,8767.64,2226.7221,453.93
36577280,8772.35,2363.1310,472.96
36597760,8776.86,2583.2637,512.14
36618240,8781.30,2602.6792,515.74
36638720,8785.82,2507.7980,505.98
36659200,8790.31,2434.2444,497.58
36679680,8794.87,2482.1954,491.78
36700160,8799.31,2468.5499,488.22
36720640,8803.81,2393.0467,480.09
36741120,8808.63,2203.2645,451.92
36761600,8813.14,2286.2717,468.22
36782080,8817.73,2496.8364,491.81
36802560,8822.32,2447.8091,479.16
36823040,8826.85,2218.9930,447.53
36843520,8831.27,2169.3014,443.35
36864000,8835.77,2214.8683,455.12
36884480,8860.09,2296.4870,466.56
36904960,8864.02,2302.3469,463.20
36925440,8868.67,2451.8064,487.95
36945920,8873.15,2305.1301,454.18
36966400,8877.73,2096.2240,425.48
36986880,8882.40,2181.2746,439.74
37007360,8887.00,2380.4341,467.51
37027840,8891.57,2386.9029,473.71
37048320,8896.30,2518.4089,501.54
37068800,8900.89,2431.5176,482.17
37089280,8905.56,2419.7420,476.69
37109760,8910.15,2371.9162,467.96
37130240,8914.80,2295.3971,452.29
37150720,8919.34,2318.4929,465.53
37171200,8923.99,2431.3841,479.78
37191680,8928.63,2295.0575,450.05
37212160,8933.09,2386.3640,466.84
37232640,8937.77,2393.5945,467.74
37253120,8942.40,2368.9845,465.68
37273600,8947.16,2237.3040,443.81
37294080,8951.90,2299.9096,454.84
37314560,8956.56,2416.6159,483.51
37335040,8961.23,2460.6592,494.83
37355520,8965.77,2444.2671,488.95
37376000,8970.38,2361.5645,462.43
37396480,8984.23,2322.1990,455.42
37416960,8989.28,2418.7644,473.89
37437440,8993.78,2706.9624,536.17
37457920,8998.41,2529.8854,503.74
37478400,9002.83,2424.3768,484.65
37498880,9007.60,2493.5607,499.97
37519360,9012.17,2565.0975,517.53
37539840,9016.73,2505.3621,505.83
37560320,9021.35,2398.1626,485.76
37580800,9025.94,2377.9966,472.74
37601280,9030.68,2461.8956,485.10
37621760,9035.24,2347.8540,461.91
37642240,9039.76,2185.2237,434.92
37662720,9044.34,2244.0921,451.90
37683200,9048.82,2307.4284,457.39
37703680,9053.45,2273.1737,448.66
37724160,9058.07,2239.5648,443.27
37744640,9062.71,2329.1894,462.23
37765120,9067.27,2398.5212,469.02
37785600,9071.77,2426.2514,474.83
37806080,9076.55,2299.2782,450.23
37826560,9081.12,2448.2235,481.08
37847040,9085.70,2461.7517,486.16
37867520,9090.30,2478.9210,491.55
37888000,9094.83,2257.9777,455.12
37908480,9108.62,2372.5483,466.93
37928960,9113.14,2302.3719,450.52
37949440,9117.58,2341.7891,462.51
37969920,9122.07,2373.2072,463.92
37990400,9126.61,2279.8270,445.23
38010880,9131.38,2357.7874,465.37
38031360,9135.91,2383.3094,474.77
38051840,9140.55,2361.9128,463.67
38072320,9145.04,2389.4633,463.69
38092800,9149.65,2273.9640,444.04
38113280,9154.39,2342.7494,456.34
38133760,9158.92,2353.8269,459.46
38154240,9163.45,2109.2337,425.01
38174720,9168.33,2123.4938,426.83
38195200,9172.97,2333.0265,470.68
38215680,9177.80,2330.8948,468.01
38236160,9182.35,2538.6061,499.93
38256640,9187.00,2549.9218,496.21
38277120,9191.54,2458.9351,483.14
38297600,9196.17,2274.1804,456.84
38318080,9200.93,2446.5207,481.37
38338560,9205.55,2565.6066,498.11
38359040,9210.08,2420.3439,475.31
38379520,9214.67,2406.6185,474.56
38400000,9219.32,2535.0978,494.81
38420480,9233.23,2561.8432,505.52
38440960,9237.92,2671.1383,519.41
38461440,9242.48,2428.3330,467.35
38481920,9247.03,2426.2137,471.80
38502400,9251.73,2410.7771,475.20
38522880,9256.45,2298.4548,459.22
38543360,9261.09,2379.7990,472.93
38563840,9265.73,2425.1782,482.05
38584320,9270.35,2415.5670,487.27
38604800,9274.94,2425.5817,489.92
38625280,9279.69,2509.0386,499.39
38645760,9284.34,2507.0247,485.92
38666240,9288.87,2609.5349,501.93
38686720,9293.50,2500.4356,484.90
38707200,9298.11,2221.1810,443.62
38727680,9302.73,2192.9912,435.00
38748160,9307.36,2103.1081,424.78
38768640,9312.06,2274.5774,457.01
38789120,9316.65,2296.9408,457.87
38809600,9321.21,2367.3523,469.25
38830080,9325.94,2410.1494,475.18
38850560,9330.57,2424.5641,482.52
38871040,9335.12,2349.0069,463.91
38891520,9339.70,2447.0505,481.75
38912000,9344.39,2560.7681,500.64
38932480,9368.68,2499.4459,493.74
38952960,9372.74,2385.6693,482.21
38973440,9377.20,2325.5769,468.05
38993920,9381.73,2512.5177,495.64
39014400,9386.15,2543.2589,498.50
39034880,9390.70,2428.2434,478.83
39055360,9395.28,2394.0290,474.86
39075840,9399.84,2316.0717,463.53
39096320,9404.33,2313.5029,466.04
39116800,9408.77,2451.6000,480.86
39137280,9413.46,2510.3194,493.40
39157760,9417.91,2546.2616,499.56
39178240,9422.48,2593.6861,509.77
39198720,9427.03,2407.9145,470.78
39219200,9431.49,2513.1616,495.72
39239680,9436.26,2355.4075,470.34
39260160,9440.83,2274.6566,455.62
39280640,9445.60,2441.6264,481.23
39301120,9450.18,2509.0025,486.39
39321600,9454.79,2291.5762,454.19
39342080,9459.59,2107.8988,427.07
39362560,9464.10,2191.3098,437.38
39383040,9468.68,2310.8297,453.54
39403520,9473.38,2278.5961,444.28
39424000,9477.92,2348.9336,463.70
39444480,9491.76,2400.0828,480.03
39464960,9496.39,2336.3830,474.66
39485440,9500.87,2425.1564,488.41
39505920,9505.41,2536.0599,496.59
39526400,9510.05,2375.4120,464.72
39546880,9514.65,2344.7712,462.69
39567360,9519.19,2149.3647,429.25
39587840,9523.88,2261.9041,439.69
39608320,9528.84,2420.9604,472.91
39628800,9533.45,2314.3230,462.20
39649280,9538.12,2476.1547,490.96
39669760,9542.73,2467.0505,493.18
39690240,9547.35,2232.6596,450.00
39710720,9551.98,2227.4412,448.60
39731200,9556.54,2457.8255,484.67
39751680,9561.16,2579.6067,502.46
39772160,9565.67,2393.0336,471.93
39792640,9570.28,2228.3987,446.87
39813120,9574.78,2385.0656,470.86
39833600,9579.29,2306.2188,456.97
39854080,9583.95,2207.6268,445.66
39874560,9588.48,2267.5039,450.52
39895040,9593.13,2205.2143,436.18
39915520,9597.64,2204.2285,440.64
39936000,9602.22,2323.0549,458.27
39956480,9615.97,2363.2466,464.75
39976960,9620.62,2430.4172,472.35
39997440,9625.12,2490.2709,482.78
40017920,9629.61,2423.1437,476.05
20480,3.46,165.8029,74.79
40960,7.52,174.5575,74.52
61440,11.60,176.3746,77.62
81920,15.61,184.0934,81.60
102400,19.68,181.2503,79.44
122880,23.96,214.6722,85.52
143360,28.16,228.3838,89.58
163840,32.38,221.1438,86.52
184320,36.29,219.5093,87.87
204800,40.31,228.5627,89.22
225280,44.42,229.1385,89.61
245760,48.31,233.7678,91.48
266240,52.27,230.1752,91.35
286720,56.33,240.5097,92.39
307200,60.35,240.9649,95.68
327680,64.55,252.0709,97.15
348160,68.65,252.0813,100.41
368640,72.54,253.2453,102.45
389120,76.72,269.7302,105.96
409600,80.90,262.1784,105.32
430080,84.94,278.9306,112.77
450560,88.70,285.1678,112.16
471040,93.84,277.6892,114.96
491520,100.86,295.4413,123.83
512000,105.30,291.5423,127.19
532480,113.50,308.0133,132.51
552960,117.23,310.4556,135.23
573440,120.94,325.5474,148.34
593920,124.44,334.4979,152.91
614400,127.98,350.8902,165.53
634880,131.68,363.6317,174.19
655360,135.21,365.6494,177.42
675840,138.70,363.8457,185.98
696320,142.25,379.4667,180.51
716800,146.20,366.1188,196.95
737280,150.05,342.6374,177.81
757760,153.97,373.9440,196.65
778240,157.63,363.6999,186.56
798720,161.21,368.5863,202.47
819200,165.41,364.2812,183.96
839680,169.32,386.2756,199.50
860160,172.81,366.2475,187.39
880640,180.69,382.3100,204.49
901120,184.41,377.7997,201.83
921600,188.26,405.3142,209.13
942080,191.88,395.3028,202.82
962560,195.45,425.3213,221.66
983040,198.88,398.1587,201.97
1003520,202.34,427.0252,214.96
1024000,205.90,421.5748,222.07
1044480,213.40,429.5190,212.24
1064960,216.83,428.0528,218.12
1085440,220.24,442.4285,220.09
1105920,223.51,413.1537,215.49
1126400,226.85,435.6300,221.65
1146880,230.43,419.4963,219.48
1167360,233.77,434.2168,224.86
1187840,237.21,462.5654,251.35
1208320,240.67,437.2222,231.79
1228800,244.06,462.5707,242.89
1249280,247.62,475.3686,231.29
1269760,251.05,496.1465,241.23
1290240,254.39,487.7430,245.56
1310720,257.79,482.7152,248.83
1331200,261.19,463.0780,251.89
1351680,264.63,470.2717,246.75
1372160,267.99,492.7932,242.48
1392640,271.38,515.7887,253.93
1413120,274.70,503.0176,247.57
1433600,278.10,510.1843,263.14
1454080,281.78,551.1888,282.34
1474560,286.04,555.3995,283.79
1495040,289.67,539.5292,255.70
1515520,293.08,566.2183,286.09
1536000,296.71,518.7888,270.52
1556480,305.68,498.7237,248.96
1576960,309.10,550.4406,281.08
1597440,312.62,585.2978,280.27
1617920,317.50,604.6196,285.57
1638400,324.41,618.8484,293.74
1658880,328.49,653.8500,322.52
1679360,331.99,601.4107,289.25
1699840,335.62,608.7893,289.74
1720320,339.12,600.2908,290.53
1740800,342.64,581.6752,281.58
1761280,346.37,615.3333,307.10
1781760,350.12,611.2922,301.30
1802240,353.56,597.5323,307.20
1822720,357.09,588.8542,287.76
1843200,360.57,639.1345,298.41
1863680,364.19,689.9591,315.86
1884160,367.63,684.8986,335.21
1904640,371.08,624.2494,311.01
1925120,374.64,635.2524,304.45
1945600,378.37,659.0297,314.77
1966080,382.01,621.2890,303.14
1986560,385.64,629.9218,299.38
2007040,389.35,667.4694,317.69
2027520,392.97,669.0764,315.96
2048000,396.63,693.5884,335.24
2068480,410.60,710.7199,330.35
2088960,413.99,671.9262,293.13
2109440,417.36,692.2517,312.51
2129920,420.80,684.2389,326.61
2150400,424.46,703.3016,344.66
2170880,428.50,754.2010,357.07
2191360,432.18,678.2881,325.46
2211840,435.90,700.5883,341.18
2232320,439.69,727.5428,343.78
2252800,443.43,716.4026,314.21
2273280,447.32,690.5041,317.32
2293760,451.25,652.6007,290.28
2314240,455.06,806.0714,352.68
2334720,458.74,807.2215,391.04
2355200,462.56,701.0405,338.25
2375680,466.57,689.1642,304.50
2396160,470.59,724.1110,314.57
2416640,474.29,809.6432,342.75
2437120,478.08,798.6497,338.70
2457600,481.84,729.7761,327.20
2478080,485.77,683.8373,308.95
2498560,489.45,723.2749,323.88
2519040,493.21,751.5854,331.44
2539520,496.93,744.1093,330.94
2560000,500.65,768.9692,343.71
2580480,512.02,714.3116,318.16
2600960,515.47,700.6175,321.76
2621440,519.18,770.1468,345.22
2641920,522.87,826.2876,362.76
2662400,526.55,810.0969,371.67
2682880,530.38,823.8483,375.35
2703360,534.17,814.9823,348.54
2723840,538.35,825.9148,355.76
2744320,542.19,838.1336,373.42
2764800,546.05,795.3943,351.93
2785280,550.79,712.9012,333.48
2805760,555.98,732.9504,347.19
2826240,561.35,756.5694,357.37
2846720,565.63,719.8194,338.01
2867200,569.43,676.7615,315.96
2887680,592.32,720.7306,323.61
2908160,595.69,762.6763,331.96
2928640,598.95,729.3918,340.60
2949120,602.24,742.2443,333.87
2969600,605.55,778.6210,354.45
2990080,609.08,842.0856,370.25
3010560,612.57,781.0285,340.15
3031040,615.95,721.1481,319.50
3051520,619.42,756.3005,337.28
3072000,623.14,787.6304,346.41
3092480,937.10,816.3353,344.39
3112960,942.39,774.2470,328.96
3133440,947.67,735.4035,338.27
3153920,955.52,765.2369,352.71
3174400,960.98,825.1809,363.83
3194880,977.90,848.0254,370.43
3215360,983.24,832.2663,368.67
3235840,990.80,889.4571,377.72
3256320,996.09,845.0952,367.20
3276800,1001.39,798.0978,351.69
3297280,1011.42,803.0578,343.30
3317760,1016.76,844.0066,356.18
3338240,1033.92,798.1376,341.88
3358720,1039.16,837.8591,362.84
3379200,1050.84,821.6313,351.32
3399680,1056.55,851.2443,355.70
3420160,1061.85,858.9924,374.51
3440640,1068.04,873.2457,373.56
3461120,1071.57,819.2082,342.40
3481600,1074.99,843.9241,348.18
3502080,1078.39,879.3142,367.97
3522560,1081.77,917.5054,382.22
3543040,1085.26,877.1739,368.09
3563520,1088.70,943.0803,364.64
3584000,1092.20,970.5005,372.76
3604480,1103.33,908.3999,364.04
3624960,1106.60,851.3686,368.61
3645440,1109.64,836.4442,365.82
3665920,1113.06,902.1664,364.65
3686400,1116.11,921.2367,377.90
3706880,1119.33,859.5257,360.62
3727360,1122.41,844.0386,340.11
3747840,1125.47,957.4301,382.77
3768320,1128.73,1006.7048,416.92
3788800,1131.91,940.9561,375.01
3809280,1135.13,907.5383,355.25
3829760,1139.03,826.5740,343.97
3850240,1142.56,900.4469,386.07
3870720,1145.77,906.4370,390.06
3891200,1149.02,891.4801,360.56
3911680,1152.32,842.3477,334.23
3932160,1155.42,844.6471,347.73
3952640,1158.66,857.4613,363.05
3973120,1161.83,931.9306,374.91
3993600,1165.05,902.3901,359.13
4014080,1168.31,942.4295,387.20
4034560,1171.45,1036.5511,408.12
4055040,1174.62,1031.8788,384.46
4075520,1177.82,908.0615,353.25
4096000,1180.93,917.0260,354.55
4116480,1196.41,979.3190,390.97
4136960,1199.48,959.9511,374.87
4157440,1202.56,965.4245,376.79
4177920,1205.69,913.0145,372.18
4198400,1208.83,891.4511,359.25
4218880,1212.10,892.4122,356.81
4239360,1215.23,935.7276,369.33
4259840,1218.31,913.7059,379.59
4280320,1221.50,930.2074,380.10
4300800,1224.62,993.5570,392.95
4321280,1227.92,959.8074,400.36
4341760,1231.06,956.7243,392.03
4362240,1234.15,1030.0370,419.81
4382720,1237.33,1039.5032,400.53
4403200,1240.52,1056.2257,388.64
4423680,1243.87,1029.5946,387.89
4444160,1247.06,955.9898,363.38
4464640,1250.25,979.0522,368.31
4485120,1253.44,1047.3430,396.12
4505600,1256.64,1045.9771,407.35
4526080,1260.02,961.2938,392.25
4546560,1263.23,1012.9603,411.11
4567040,1266.43,1039.4361,410.95
4587520,1269.63,944.3838,360.89
4608000,1272.89,969.1461,381.45
4628480,1284.17,951.8965,378.49
4648960,1287.28,921.8676,362.79
4669440,1290.49,1001.5054,380.89
4689920,1293.96,923.3748,359.05
4710400,1297.13,943.3062,366.33
4730880,1300.48,1076.8696,397.58
4751360,1303.65,1057.9102,390.50
4771840,1306.78,916.9466,348.41
4792320,1310.01,942.2128,355.10
4812800,1313.24,961.3578,356.51
4833280,1316.55,1037.0389,382.44
4853760,1319.76,1042.6406,400.14
4874240,1322.92,1054.2029,395.22
4894720,1326.16,1067.7264,395.23
4915200,1329.47,1064.5476,398.90
4935680,1332.86,1089.5343,392.69
4956160,1336.07,977.3446,364.56
4976640,1339.31,956.6635,364.24
4997120,1342.52,984.1114,375.87
5017600,1345.79,966.0687,368.12
5038080,1349.17,990.0768,370.65
5058560,1352.38,984.9178,381.54
5079040,1355.52,906.4351,364.25
5099520,1358.76,1003.7843,385.38
5120000,1361.97,1066.1315,393.39
5140480,1373.29,1006.4604,363.57
5160960,1376.43,1013.0617,374.84
5181440,1379.67,1066.5491,417.26
5201920,1382.80,1090.4712,406.92
5222400,1385.97,1035.1996,371.82
5242880,1389.37,1017.0994,381.61
5263360,1392.68,1004.3255,389.65
5283840,1395.98,1010.0013,375.11
5304320,1399.27,1054.5581,393.77
5324800,1402.49,962.5614,373.38
5345280,1405.87,1025.0470,383.60
5365760,1409.15,1121.9386,393.84
5386240,1412.41,1132.7213,393.31
5406720,1415.72,1110.4984,393.37
5427200,1419.08,1081.8363,410.67
5447680,1422.54,1125.6868,432.72
5468160,1425.96,1098.9910,414.28
5488640,1429.68,947.5627,354.50
5509120,1433.38,1000.6436,372.35
5529600,1436.81,1032.8789,394.96
5550080,1440.46,1097.3352,389.94
5570560,1443.85,1053.8180,369.09
5591040,1447.16,1031.7133,375.91
5611520,1450.60,1153.4735,422.53
5632000,1454.07,1185.9393,431.04
5652480,1465.36,1121.5436,408.48
5672960,1468.59,1021.5367,392.75
5693440,1471.98,999.5125,383.61
5713920,1476.47,1160.2373,408.69
5734400,1480.18,1181.8155,404.71
5754880,1483.99,1102.9784,400.11
5775360,1487.70,1196.3236,436.05
5795840,1491.51,1191.4623,421.21
5816320,1495.18,1083.5232,389.72
5836800,1498.94,1086.2131,396.05
5857280,1502.85,1117.2794,407.48
5877760,1506.59,1156.3742,410.81
5898240,1510.39,1182.9480,414.01
5918720,1513.95,1142.6404,403.19
5939200,1517.53,1147.1590,403.21
5959680,1521.34,1137.2053,416.22
5980160,1525.20,1202.5085,408.27
6000640,1528.94,1169.9648,390.81
6021120,1532.69,1096.8874,400.24
6041600,1536.23,1175.2587,419.76
6062080,1539.98,1176.4885,408.17
6082560,1543.52,1161.6715,399.17
6103040,1547.14,1137.3594,395.59
6123520,1550.79,1197.0273,415.79
6144000,1554.35,1249.8968,441.21
6164480,1571.38,1202.7162,432.89
6184960,1574.86,1198.7645,432.74
6205440,1578.31,1165.7284,428.21
6225920,1581.76,1116.4609,417.61
6246400,1585.14,1144.0883,420.37
6266880,1588.70,1109.3210,399.04
6287360,1592.10,1147.4963,414.51
6307840,1595.44,1152.2683,417.60
6328320,1598.83,1064.4854,392.47
6348800,1602.26,1066.6005,394.98
6369280,1605.84,1181.1519,408.83
6389760,1609.21,1321.5605,444.16
6410240,1612.68,1314.9320,443.99
6430720,1616.15,1232.4314,417.68
6451200,1619.51,1252.4106,420.48
6471680,1623.07,1360.5937,455.20
6492160,1626.61,1330.7972,450.32
6512640,1630.05,1173.0980,405.88
6533120,1633.54,1100.1035,398.19
6553600,1637.04,1137.5362,399.92
6574080,1640.67,1183.1709,411.63
6594560,1644.17,1158.9317,405.07
6615040,1647.71,1193.3921,391.04
6635520,1651.20,1239.4776,407.21
6656000,1654.93,1104.3482,377.23
6676480,1666.65,1189.3636,395.81
6696960,1669.73,1270.8559,422.28
6717440,1672.90,1200.2084,419.17
6737920,1676.07,1228.3016,431.98
6758400,1679.45,1193.7922,419.55
6778880,1683.09,1186.5732,407.66
6799360,1686.58,1141.4769,387.25
6819840,1690.02,1185.6958,400.16
6840320,1693.57,1246.5238,433.80
6860800,1697.05,1154.9842,416.87
6881280,1700.66,1128.2514,400.40
6901760,1704.17,1212.7648,413.70
6922240,1707.62,1254.7443,421.22
6942720,1711.17,1165.2837,413.57
6963200,1714.70,1110.7464,399.07
6983680,1718.39,1143.9995,397.67
7004160,1721.93,1183.9086,418.84
7024640,1725.38,1191.2188,423.47
7045120,1728.93,1212.2398,423.13
7065600,1732.45,1189.1713,414.62
7086080,1736.06,1222.9649,418.70
7106560,1739.56,1167.0079,388.36
7127040,1743.12,1232.7915,396.87
7147520,1746.58,1210.6020,403.47
7168000,1750.08,1245.8618,416.86
7188480,1761.83,1258.3884,421.04
7208960,1765.02,1200.5812,404.50
7229440,1768.17,1188.1221,400.09
7249920,1771.52,1154.6952,406.39
7270400,1775.02,1234.8125,424.18
7290880,1778.61,1264.5172,426.72
7311360,1782.06,1176.7145,409.01
7331840,1785.45,1177.9029,391.32
7352320,1788.94,1278.2785,432.62
7372800,1792.37,1267.6493,434.96
7393280,1795.92,1310.4329,438.27
7413760,1799.36,1389.9427,453.02
7434240,1802.76,1255.7780,414.19
7454720,1806.19,1171.3491,387.91
7475200,1809.66,1207.8335,397.86
7495680,1813.30,1281.5018,417.48
7516160,1816.74,1281.3292,433.42
7536640,1820.21,1342.8894,460.69
7557120,1823.67,1370.2682,442.87
7577600,1827.21,1334.7325,422.89
7598080,1830.78,1394.3933,434.73
7618560,1834.45,1198.9719,393.91
7639040,1838.19,1231.3753,411.65
7659520,1841.65,1376.5200,438.96
7680000,1845.13,1301.1794,422.73
7700480,1857.22,1184.6012,385.57
7720960,1860.29,1262.7106,396.33
7741440,1863.45,1302.6778,414.29
7761920,1866.81,1180.7404,386.28
7782400,1870.25,1248.3533,403.19
7802880,1873.92,1354.5788,449.99
7823360,1877.53,1340.4260,436.60
7843840,1881.12,1230.3558,406.73
7864320,1884.67,1302.7683,424.64
7884800,1888.31,1320.4687,429.61
7905280,1892.11,1269.8642,414.88
7925760,1895.68,1301.3708,432.64
7946240,1899.28,1293.6361,433.40
7966720,1902.81,1333.7037,427.88
7987200,1906.46,1437.2657,447.02
8007680,1910.12,1355.0534,423.73
8028160,1913.76,1251.8663,421.72
8048640,1917.35,1277.9776,427.20
8069120,1920.91,1370.8802,463.87
8089600,1924.50,1376.2727,461.91
8110080,1928.28,1382.1944,454.03
8130560,1931.87,1433.2419,465.57
8151040,1935.41,1325.7458,438.81
8171520,1938.87,1243.5967,410.53
8192000,1942.43,1248.5979,419.19
8212480,1961.17,1278.1785,421.86
8232960,1964.51,1326.8364,430.60
8253440,1967.98,1332.9342,428.20
8273920,1971.51,1284.4250,408.28
8294400,1974.95,1297.2044,428.32
8314880,1978.53,1371.1578,460.86
8335360,1981.95,1382.8315,451.60
8355840,1985.40,1322.7443,420.66
8376320,1988.84,1356.1670,429.38
8396800,1992.27,1393.3073,430.11
8417280,1995.77,1345.9781,421.65
8437760,1999.15,1482.7551,436.94
8458240,2002.57,1429.6330,436.93
8478720,2006.00,1436.6113,440.41
8499200,2009.39,1388.7854,437.32
8519680,2013.00,1386.9851,445.31
8540160,2016.85,1484.8406,463.47
8560640,2020.32,1428.7915,452.37
8581120,2023.76,1319.5134,421.47
8601600,2027.20,1336.5643,423.28
8622080,2030.79,1356.7997,430.56
8642560,2034.26,1353.0843,424.32
8663040,2037.74,1404.6701,435.90
8683520,2041.23,1470.1185,452.58
8704000,2044.72,1416.2078,443.11
8724480,2056.97,1354.2172,414.79
8744960,2060.09,1320.9654,414.46
8765440,2063.28,1387.5257,434.87
8785920,2066.83,1446.6749,438.76
8806400,2070.29,1380.2340,422.74
8826880,2074.04,1356.4832,429.90
8847360,2077.69,1477.8860,464.33
8867840,2081.27,1433.2639,440.21
8888320,2084.82,1403.9900,427.64
8908800,2088.44,1432.0089,434.82
8929280,2092.18,1531.0600,481.42
8949760,2095.78,1489.8974,462.94
8970240,2099.39,1466.6925,441.43
8990720,2102.97,1477.8881,448.05
9011200,2106.61,1383.1429,412.80
9031680,2110.36,1295.0340,387.51
9052160,2113.97,1345.9591,416.94
9072640,2117.57,1432.4355,435.72
9093120,2121.18,1342.0417,415.27
9113600,2124.71,1408.4673,426.14
9134080,2128.51,1441.4821,439.58
9154560,2132.17,1333.5382,408.22
9175040,2135.73,1383.0660,408.33
9195520,2139.33,1492.2543,438.63
9216000,2142.99,1533.6398,445.88
9236480,2155.38,1618.4272,474.75
9256960,2158.52,1594.9631,477.79
9277440,2161.85,1521.0650,462.41
9297920,2165.36,1501.3035,450.22
9318400,2168.89,1525.1077,460.48
9338880,2172.57,1539.8603,468.49
9359360,2176.19,1611.9860,473.67
9379840,2179.75,1557.0229,465.67
9400320,2183.24,1589.7166,492.46
9420800,2186.88,1607.1299,485.51
9441280,2190.59,1515.2465,438.67
9461760,2194.11,1449.7207,420.28
9482240,2198.06,1383.8099,402.98
9502720,2201.67,1304.0836,388.88
9523200,2205.26,1338.1601,390.27
9543680,2208.95,1414.8643,398.76
9564160,2212.53,1454.6333,412.20
9584640,2216.10,1458.2254,416.50
9605120,2219.63,1480.7644,426.81
9625600,2223.17,1557.7888,455.03
9646080,2226.95,1575.6121,454.76
9666560,2230.51,1559.5619,441.96
9687040,2234.04,1441.9717,411.33
9707520,2237.61,1403.2534,399.13
9728000,2241.15,1478.1887,420.97
9748480,2253.55,1385.5214,395.85
9768960,2256.67,1465.0258,412.54
9789440,2259.90,1585.1583,448.67
9809920,2263.42,1526.0603,433.13
9830400,2266.88,1594.5610,444.76
9850880,2270.61,1469.0707,425.25
9871360,2274.16,1370.2606,402.30
9891840,2277.72,1466.4299,424.74
9912320,2281.25,1458.0749,413.15
9932800,2284.85,1546.2810,435.27
9953280,2288.53,1620.8587,448.28
9973760,2292.06,1446.0431,397.75
9994240,2295.65,1495.8911,415.00
10014720,2299.33,1506.6237,424.51
10035200,2302.93,1407.7268,405.44
10055680,2306.67,1488.0116,430.17
10076160,2310.45,1644.6569,458.47
10096640,2314.31,1632.7882,457.25
10117120,2318.17,1548.9548,430.15
10137600,2321.90,1486.6308,415.59
10158080,2325.89,1403.8825,403.46
10178560,2329.67,1541.8404,434.62
10199040,2333.55,1602.8087,450.90
10219520,2337.26,1577.4800,446.83
10240000,2341.13,1562.3911,434.63
10260480,2360.57,1493.8770,414.00
10280960,2363.91,1459.2438,410.94
10301440,2367.20,1437.8182,407.21
10321920,2370.59,1453.6734,410.04
10342400,2374.43,1459.5325,409.79
10362880,2378.81,1450.7101,410.77
10383360,2382.70,1545.3887,419.33
10403840,2386.48,1571.0616,415.94
10424320,2390.35,1500.8238,424.12
10444800,2394.25,1501.3572,421.47
10465280,2398.26,1582.7546,430.50
10485760,2402.14,1545.5079,427.16
10506240,2406.02,1497.5747,416.70
10526720,2409.94,1531.4632,417.06
10547200,2413.80,1558.8293,417.68
10567680,2417.82,1503.6182,405.91
10588160,2421.70,1474.5916,405.97
10608640,2425.61,1491.3022,408.83
10629120,2429.47,1436.0468,405.52
10649600,2433.36,1396.7139,404.53
10670080,2437.44,1545.2167,430.21
10690560,2441.32,1608.7508,442.32
10711040,2445.21,1452.8677,408.10
10731520,2449.05,1552.8940,426.64
10752000,2452.94,1663.1859,445.45
10772480,2465.78,1600.8821,434.12
10792960,2469.25,1576.2820,432.47
10813440,2473.16,1644.7327,440.38
10833920,2477.13,1660.0164,442.39
10854400,2481.09,1620.3975,440.63
10874880,2485.11,1496.3737,414.65
10895360,2488.90,1465.2479,407.44
10915840,2492.76,1494.4917,412.27
10936320,2496.64,1491.3880,404.35
10956800,2500.49,1516.8775,416.29
10977280,2504.56,1541.9864,421.58
10997760,2508.39,1577.8122,429.30
11018240,2512.31,1563.4255,428.75
11038720,2516.23,1456.0427,410.35
11059200,2520.17,1512.9788,423.69
11079680,2524.12,1487.6171,426.62
11100160,2528.00,1496.8363,424.81
11120640,2531.84,1561.8997,439.32
11141120,2535.78,1693.7031,462.08
11161600,2539.60,1620.4233,445.10
11182080,2543.58,1559.8524,424.35
11202560,2547.46,1476.9345,408.52
11223040,2551.36,1497.1053,416.10
11243520,2555.15,1507.5956,425.27
11264000,2559.44,1612.9440,448.21
11284480,2572.27,1598.9696,440.05
11304960,2575.71,1573.6815,433.65
11325440,2579.46,1589.3804,427.01
11345920,2583.37,1462.8828,401.24
11366400,2587.16,1530.5514,422.88
11386880,2591.08,1589.6714,444.42
11407360,2594.82,1580.1789,440.30
11427840,2598.63,1581.6513,439.76
11448320,2602.48,1557.2710,437.65
11468800,2606.38,1539.1401,423.15
11489280,2610.30,1611.3417,441.18
11509760,2614.14,1507.3437,423.28
11530240,2617.93,1462.9573,400.76
11550720,2621.82,1590.3154,430.32
11571200,2625.65,1679.2984,447.59
11591680,2629.56,1662.9085,448.36
11612160,2633.40,1688.1909,462.74
11632640,2637.25,1608.9508,441.47
11653120,2641.11,1482.1879,399.38
11673600,2644.95,1536.7463,423.65
11694080,2648.96,1541.9595,428.39
11714560,2652.80,1611.0659,442.44
11735040,2656.70,1617.0262,438.24
11755520,2660.53,1551.6594,422.63
11776000,2664.32,1578.6430,439.63
11796480,2676.92,1585.9134,446.09
11816960,2680.31,1463.6202,414.38
11837440,2684.08,1455.1960,418.34
11857920,2688.02,1487.4417,420.42
11878400,2691.80,1543.7188,427.38
11898880,2695.86,1633.8226,442.82
11919360,2699.63,1638.0353,439.26
11939840,2703.46,1604.3797,421.91
11960320,2707.23,1616.3748,440.89
11980800,2711.10,1570.7796,431.97
12001280,2715.15,1610.6676,447.60
12021760,2719.04,1574.5094,445.85
12042240,2722.99,1572.0147,445.40
12062720,2726.87,1524.9390,418.70
12083200,2730.78,1549.6772,426.58
12103680,2734.74,1701.2878,467.21
12124160,2739.01,1648.5627,451.74
12144640,2743.10,1710.4430,454.18
12165120,2746.98,1669.3670,449.27
12185600,2750.86,1585.5652,421.72
12206080,2754.89,1613.8602,420.73
12226560,2758.76,1588.0136,428.20
12247040,2762.69,1538.2868,422.33
12267520,2766.51,1530.9622,422.36
12288000,2770.43,1458.0699,390.40
12308480,2789.88,1482.6494,392.27
12328960,2793.24,1675.5066,446.45
12349440,2796.58,1598.5482,436.14
12369920,2800.40,1645.9321,454.66
12390400,2804.35,1688.8412,475.14
12410880,2808.46,1545.4754,436.64
12431360,2812.41,1535.0935,416.43
12451840,2816.33,1664.1197,433.83
12472320,2820.21,1697.5355,449.60
12492800,2824.13,1695.3080,460.18
12513280,2828.17,1668.8992,456.37
12533760,2832.07,1532.8225,434.97
12554240,2836.06,1359.0803,397.33
12574720,2839.96,1267.9399,370.57
12595200,2843.95,1307.7658,388.70
12615680,2847.97,1377.5100,415.05
12636160,2851.90,1355.5138,411.22
12656640,2855.84,1310.9249,386.82
12677120,2859.76,1391.8747,402.15
12697600,2863.64,1333.6136,404.50
12718080,2867.69,1261.9684,397.79
12738560,2871.65,1352.0217,407.61
12759040,2875.58,1367.2216,406.96
12779520,2879.49,1333.4604,401.02
12800000,2883.41,1260.1266,380.98
12820480,2896.17,1420.7862,423.02
12840960,2899.78,1475.9782,445.95
12861440,2903.77,1463.4472,430.53
12881920,2907.75,1446.5943,419.69
12902400,2911.66,1453.4058,434.31
12922880,2915.82,1425.4693,415.35
12943360,2920.13,1374.6321,394.09
12963840,2924.15,1431.5987,411.34
12984320,2928.12,1480.2326,434.57
13004800,2932.00,1406.7161,416.89
13025280,2936.09,1360.3150,411.24
13045760,2939.99,1436.2846,437.29
13066240,2944.00,1390.3025,417.47
13086720,2947.97,1435.3724,411.73
13107200,2951.91,1526.1544,429.46
13127680,2956.00,1571.8997,448.71
13148160,2959.94,1599.5349,458.12
13168640,2963.88,1628.7577,469.28
13189120,2967.74,1575.3592,474.15
13209600,2971.70,1597.4515,470.14
13230080,2975.86,1545.8977,442.38
13250560,2979.87,1439.8651,420.04
13271040,2983.90,1358.1474,403.11
13291520,2987.90,1419.1784,407.64
13312000,2991.88,1523.2908,436.10
13332480,3004.73,1521.6076,437.41
13352960,3008.27,1573.8916,447.68
13373440,3012.12,1518.3553,428.89
13393920,3016.21,1446.8535,407.18
13414400,3020.28,1506.9888,427.90
13434880,3025.00,1542.5260,427.36
13455360,3028.87,1479.4879,420.60
13475840,3032.74,1477.5779,429.02
13496320,3036.71,1426.1515,400.78
13516800,3040.64,1505.9527,417.90
13537280,3044.74,1504.2186,430.53
13557760,3048.73,1468.5932,414.17
13578240,3052.69,1532.5201,421.11
13598720,3056.59,1548.0325,428.34
13619200,3060.50,1654.0826,462.39
13639680,3064.64,1701.3102,478.62
13660160,3068.61,1556.9497,440.90
13680640,3072.52,1545.5439,433.64
13701120,3076.57,1566.6388,443.62
13721600,3080.55,1471.0468,414.50
13742080,3084.65,1443.7844,409.11
13762560,3088.58,1472.4027,432.83
13783040,3092.47,1428.8489,419.66
13803520,3096.43,1449.2416,416.51
13824000,3100.76,1520.6854,426.14
13844480,3113.43,1563.5226,442.01
13864960,3117.04,1546.4757,440.23
13885440,3120.95,1445.1004,418.95
13905920,3124.89,1435.1760,411.92
13926400,3128.79,1474.9207,417.54
13946880,3132.79,1601.7988,441.98
13967360,3136.59,1527.4828,430.25
13987840,3140.48,1440.7192,414.39
14008320,3144.53,1472.9385,412.68
14028800,3148.37,1512.8982,420.07
14049280,3152.49,1535.4296,419.86
14069760,3156.34,1415.8285,403.61
14090240,3160.23,1494.1102,423.90
14110720,3164.18,1656.5300,457.43
14131200,3168.10,1556.9038,435.35
14151680,3172.07,1478.7602,419.56
14172160,3175.96,1442.4312,420.27
14192640,3179.76,1490.7291,429.53
14213120,3183.66,1605.1854,451.24
14233600,3187.49,1463.9514,416.21
14254080,3191.56,1455.9368,408.48
14274560,3195.51,1461.0468,414.80
14295040,3199.43,1439.8580,412.29
14315520,3203.34,1504.7578,420.33
14336000,3207.23,1528.2802,429.50
14356480,3229.71,1362.6243,392.44
14376960,3233.09,1415.4798,402.95
14397440,3236.47,1609.0720,456.54
14417920,3240.18,1536.6861,431.76
14438400,3244.27,1459.9316,415.65
14458880,3248.37,1469.6520,410.03
14479360,3252.42,1471.4664,409.92
14499840,3256.40,1421.0558,421.78
14520320,3260.44,1397.8620,422.74
14540800,3264.48,1531.9782,442.40
14561280,3268.72,1453.2945,412.72
14581760,3272.66,1509.1369,418.40
14602240,3276.70,1489.4606,420.38
14622720,3281.09,1396.2285,401.62
14643200,3285.32,1364.7364,401.18
14663680,3289.48,1368.3264,406.32
14684160,3293.54,1497.7703,427.42
14704640,3297.47,1649.6190,459.48
14725120,3301.49,1611.9936,464.71
14745600,3305.51,1499.1528,423.58
14766080,3309.73,1518.6434,412.99
14786560,3313.65,1683.9150,450.26
14807040,3317.58,1439.7129,409.53
14827520,3321.56,1418.1036,397.22
14848000,3325.65,1518.0815,420.04
14868480,3338.50,1468.9436,401.29
14888960,3342.19,1582.5659,422.78
14909440,3346.07,1588.3309,434.37
14929920,3350.03,1609.3581,446.09
14950400,3353.92,1619.9783,448.28
14970880,3358.06,1723.7867,467.25
14991360,3362.04,1669.8084,451.35
15011840,3365.96,1524.5786,413.00
15032320,3369.91,1545.1585,410.06
15052800,3373.87,1583.2261,419.04
15073280,3378.02,1641.1060,435.52
15093760,3382.04,1639.1991,431.31
15114240,3386.04,1626.5182,430.22
15134720,3390.00,1576.2049,430.19
15155200,3394.02,1532.4499,421.29
15175680,3398.30,1450.9610,401.37
15196160,3402.32,1497.5139,407.32
15216640,3406.21,1580.4019,429.70
15237120,3410.29,1585.3589,425.78
15257600,3414.28,1607.2414,429.29
15278080,3418.38,1598.8392,441.60
15298560,3422.28,1663.9787,455.42
15319040,3426.21,1562.7183,434.88
15339520,3430.16,1407.8757,395.77
15360000,3434.16,1325.2568,380.18
15380480,3447.33,1449.5577,403.43
15400960,3451.15,1621.9010,435.01
15421440,3455.15,1662.5480,439.03
15441920,3459.06,1602.5492,430.43
15462400,3463.56,1483.9786,411.21
15482880,3467.81,1590.2398,435.04
15503360,3471.78,1683.8343,470.32
15523840,3475.76,1683.5985,452.55
15544320,3479.82,1552.3572,425.02
15564800,3483.82,1453.3745,413.52
15585280,3488.03,1446.3929,406.16
15605760,3492.01,1457.4743,404.01
15626240,3495.94,1524.2004,417.93
15646720,3499.87,1493.7723,422.85
15667200,3503.90,1500.6646,415.78
15687680,3507.95,1580.5336,430.59
15708160,3511.96,1679.1263,447.47
15728640,3515.89,1678.5461,447.44
15749120,3519.82,1611.0742,440.23
15769600,3523.75,1547.9297,428.68
15790080,3527.88,1496.5696,405.67
15810560,3531.85,1511.8152,402.77
15831040,3535.77,1553.5785,409.61
15851520,3539.64,1516.1647,414.56
15872000,3543.60,1372.5762,380.21
15892480,3556.62,1447.0960,388.78
15912960,3560.43,1578.4587,434.90
15933440,3564.59,1525.1045,437.46
15953920,3570.08,1302.0342,374.26
15974400,3574.97,1281.8401,360.14
15994880,3579.57,1389.4690,395.99
16015360,3583.97,1460.5097,407.27
16035840,3588.33,1532.4067,410.35
16056320,3592.65,1567.2267,424.63
16076800,3596.94,1595.6684,428.62
16097280,3601.49,1546.9196,401.91
16117760,3605.83,1557.5627,406.44
16138240,3610.19,1577.3683,423.26
16158720,3614.65,1567.9680,426.42
16179200,3620.22,1380.6321,384.43
16199680,3626.03,1417.0952,395.05
16220160,3630.74,1557.2558,424.04
16240640,3635.26,1516.4377,411.66
16261120,3640.34,1342.4527,378.31
16281600,3645.91,1321.9317,372.70
16302080,3651.68,1471.2205,409.98
16322560,3658.23,1532.7627,427.63
16343040,3664.73,1457.4353,404.83
16363520,3671.26,1529.4204,423.81
16384000,3677.55,1620.0925,446.42
16404480,3702.89,1504.6690,414.53
16424960,3707.31,1494.7703,410.80
16445440,3711.59,1657.4166,445.38
16465920,3715.55,1738.3260,451.35
16486400,3719.60,1542.2207,410.32
16506880,3723.83,1540.6644,415.94
16527360,3727.92,1495.9902,405.42
16547840,3732.06,1479.3610,408.32
16568320,3736.08,1486.3686,417.00
16588800,3740.19,1450.0149,402.88
16609280,3744.37,1526.3450,419.50
16629760,3748.45,1620.2460,441.53
16650240,3752.84,1752.7262,474.56
16670720,3757.14,1616.5160,436.21
16691200,3761.26,1514.5794,418.88
16711680,3765.61,1628.7722,447.18
16732160,3769.77,1626.3895,452.21
16752640,3773.76,1575.1960,449.78
16773120,3777.96,1533.6557,436.58
16793600,3782.18,1436.4599,397.55
16814080,3786.46,1495.3187,413.78
16834560,3790.59,1536.0524,427.16
16855040,3794.68,1497.9012,428.96
16875520,3798.79,1520.4304,442.38
16896000,3802.84,1633.1682,450.55
16916480,3815.82,1647.9929,445.70
16936960,3819.68,1549.0897,420.21
16957440,3824.42,1486.4104,406.62
16977920,3828.62,1397.8448,380.34
16998400,3832.74,1456.3534,395.43
17018880,3837.12,1623.8567,436.64
17039360,3841.28,1710.6960,456.36
17059840,3845.93,1505.3230,408.75
17080320,3851.04,1451.3161,402.32
17100800,3856.13,1441.4569,403.32
